Drug_Name,MolecularFormula,MolecularWeight,SMILES,XLogP,TPSA,Complexity,HBondDonorCount,HBondAcceptorCount,RotatableBondCount,HeavyAtomCount,Charge,ExactMass,RDKit_MolWt,RDKit_LogP,RDKit_TPSA,RDKit_HDonor,RDKit_HAcceptor,RDKit_Rotatable,RDKit_RingCount,RDKit_AromaticRings,FP_0,FP_1,FP_2,FP_3,FP_4,FP_5,FP_6,FP_7,FP_8,FP_9,FP_10,FP_11,FP_12,FP_13,FP_14,FP_15,FP_16,FP_17,FP_18,FP_19,FP_20,FP_21,FP_22,FP_23,FP_24,FP_25,FP_26,FP_27,FP_28,FP_29,FP_30,FP_31,FP_32,FP_33,FP_34,FP_35,FP_36,FP_37,FP_38,FP_39,FP_40,FP_41,FP_42,FP_43,FP_44,FP_45,FP_46,FP_47,FP_48,FP_49,FP_50,FP_51,FP_52,FP_53,FP_54,FP_55,FP_56,FP_57,FP_58,FP_59,FP_60,FP_61,FP_62,FP_63,FP_64,FP_65,FP_66,FP_67,FP_68,FP_69,FP_70,FP_71,FP_72,FP_73,FP_74,FP_75,FP_76,FP_77,FP_78,FP_79,FP_80,FP_81,FP_82,FP_83,FP_84,FP_85,FP_86,FP_87,FP_88,FP_89,FP_90,FP_91,FP_92,FP_93,FP_94,FP_95,FP_96,FP_97,FP_98,FP_99,FP_100,FP_101,FP_102,FP_103,FP_104,FP_105,FP_106,FP_107,FP_108,FP_109,FP_110,FP_111,FP_112,FP_113,FP_114,FP_115,FP_116,FP_117,FP_118,FP_119,FP_120,FP_121,FP_122,FP_123,FP_124,FP_125,FP_126,FP_127
carnitine,C7H15NO3,161.2,C[N+](C)(C)CC(CC(=O)[O-])O,-0.2,60.4,134,1,3,3,11,0,161.10519334,161.201,-1.8064999999999976,60.36,1,3,4,0,0,0,1,0,0,0,0,0,0,0,0,1,0,0,0,0,0,0,1,0,0,0,0,0,0,0,0,0,0,1,0,1,0,0,1,0,0,1,0,0,1,0,0,0,0,0,0,0,0,0,0,0,0,0,0,0,0,0,0,0,0,0,0,0,1,0,0,0,0,0,0,1,0,0,0,1,1,0,0,0,0,1,0,0,0,1,0,0,0,0,0,0,0,0,0,0,0,0,1,0,1,0,0,0,0,0,0,0,0,0,0,0,0,0,0,0,0,1,0,1,0,0,0,0,0,0,1,0,0
leucovorin,C20H23N7O7,473.4,C1C(N(C2=C(N1)N=C(NC2=O)N)C=O)CNC3=CC=C(C=C3)C(=O)NC(CCC(=O)O)C(=O)O,-1.2,216.0,911,7,10,9,34,0,473.1658961,473.44600000000025,-0.7310999999999972,219.83999999999997,7,9,10,3,2,1,1,0,0,0,1,0,1,1,1,1,0,1,0,0,0,1,0,1,1,0,0,0,0,0,0,0,1,1,0,1,0,0,1,0,1,0,0,0,1,0,0,0,0,0,0,0,0,0,1,1,0,1,0,1,0,0,1,1,1,0,0,1,1,0,0,0,0,1,0,0,0,0,1,1,1,0,1,1,0,1,1,1,0,0,1,1,1,1,0,1,0,0,0,0,0,1,0,0,1,1,0,1,0,0,1,0,0,1,0,1,0,1,0,0,0,0,1,0,0,0,0,1,1,1,1,0,1
5-methyltetrahydrofolate,C20H25N7O6,459.5,CN1C(CNC2=C1C(=O)NC(=N2)N)CNC3=CC=C(C=C3)C(=O)NC(CCC(=O)O)C(=O)O,-0.5,198.0,865,7,10,9,33,0,459.18663154,459.46300000000025,-0.257699999999999,202.76999999999998,7,9,9,3,2,1,1,0,0,0,1,0,1,1,0,1,0,0,0,0,0,1,0,1,1,0,0,0,0,0,0,0,1,1,0,1,0,0,1,0,1,0,0,0,1,0,0,0,0,0,0,1,0,0,1,1,0,1,0,0,0,0,1,1,1,0,0,1,1,0,0,0,0,1,0,0,1,0,1,1,1,0,1,1,0,1,1,0,0,0,1,1,1,1,0,1,0,0,0,0,0,1,0,1,1,1,0,1,0,0,1,0,0,0,0,1,0,1,0,0,0,0,1,0,0,0,1,1,1,1,1,0,1
PGE2,C20H32O5,352.5,CCCCCC(C=CC1C(CC(=O)C1CC=CCCCC(=O)O)O)O,2.8,94.8,469,3,5,12,25,0,352.22497412,352.47100000000006,3.251100000000002,94.83000000000001,3,4,12,1,0,1,1,0,1,0,1,0,1,0,0,1,0,0,0,1,0,1,1,0,0,0,0,0,0,0,0,1,0,1,0,1,0,0,1,0,0,1,1,1,1,0,0,0,0,0,1,1,0,0,0,0,0,0,0,1,0,0,0,1,0,0,1,0,1,0,0,0,0,0,0,0,0,0,1,0,0,1,1,0,1,1,1,0,0,0,0,1,0,1,0,0,1,0,1,0,0,0,0,0,1,1,0,0,1,0,1,0,0,0,0,0,0,0,0,1,0,1,0,0,1,0,0,0,1,0,1,0,0
prostacyclin,C20H32O5,352.5,CCCCCC(C=CC1C(CC2C1CC(=CCCCC(=O)O)O2)O)O,2.9,87.0,484,3,5,10,25,0,352.22497412,352.471,3.4085000000000027,86.99000000000001,3,4,10,2,0,0,1,1,1,0,1,0,1,0,0,1,0,1,0,1,0,1,1,0,0,0,0,0,0,0,0,1,1,1,0,1,0,0,1,0,0,1,0,1,1,0,0,0,0,0,0,1,0,0,0,0,0,0,0,1,0,0,0,0,0,0,1,0,1,0,0,0,0,0,0,0,0,0,1,0,0,1,1,1,1,1,1,0,0,0,0,1,0,1,1,0,0,0,1,0,0,0,0,1,1,1,0,0,1,0,1,0,0,0,0,1,0,0,0,0,0,1,1,0,1,0,0,0,1,0,1,1,0
acetate,C2H3O2-,59.04,CC(=O)[O-],0.4,40.1,25,0,2,0,4,-1,59.013304334,59.044000000000004,-1.2438,40.129999999999995,0,2,0,0,0,0,0,0,0,0,0,0,0,0,0,1,0,0,0,0,0,0,1,0,0,0,0,0,0,0,0,0,0,0,0,0,0,0,1,0,0,0,0,0,1,0,0,0,0,0,0,0,0,0,0,0,0,0,0,0,0,0,0,0,0,0,0,0,0,0,0,0,0,0,0,0,0,0,0,1,1,0,0,0,0,0,0,0,0,0,0,0,0,0,0,0,0,0,0,0,0,0,0,0,0,0,0,0,0,0,0,0,0,0,0,0,0,0,0,0,0,0,0,0,0,0,1,0,0,0,1,0,0
acetylcholine,C7H16NO2+,146.21,CC(=O)OCC[N+](C)(C)C,0.2,26.3,115,0,2,4,10,1,146.118103753,146.21,0.25570000000000004,26.3,0,2,3,0,0,0,0,0,0,0,0,0,0,0,0,1,1,0,1,0,0,0,1,0,1,0,0,0,0,0,0,0,0,0,0,1,0,0,1,0,0,0,0,0,1,0,0,0,0,1,0,0,0,0,0,0,0,0,0,0,1,1,0,0,0,0,0,0,1,0,0,0,0,0,0,0,0,0,0,0,0,0,0,1,0,1,0,0,0,0,0,0,0,0,0,0,0,0,0,0,0,0,0,0,0,0,0,0,0,0,0,0,0,0,0,0,0,0,0,0,0,1,0,0,0,0,1,0,0,0,1,0,0
adenosine,C10H13N5O4,267.24,C1=NC(=C2C(=N1)N(C=N2)C3C(C(C(O3)CO)O)O)N,-1.1,140.0,335,4,8,2,19,0,267.09675391,267.245,-1.979999999999999,139.54000000000002,4,8,2,3,2,0,1,0,0,0,0,0,1,0,1,0,0,0,0,0,0,1,0,1,1,0,0,0,0,1,0,0,0,0,0,0,0,1,0,0,0,1,0,0,1,0,0,0,0,1,0,0,0,0,1,0,1,1,0,0,0,0,0,0,0,1,0,0,0,0,1,1,0,0,0,1,1,0,0,0,1,0,0,0,1,1,1,1,0,0,0,0,0,0,0,0,0,0,0,1,0,0,0,1,0,1,1,0,0,0,1,0,0,1,0,0,0,0,0,0,0,0,0,0,0,0,0,1,1,0,0,0,0
glucose,C6H12O6,180.16,C(C1C(C(C(C(O1)O)O)O)O)O,-2.6,110.0,151,5,6,1,12,0,180.0633881,180.156,-3.2213999999999987,110.38000000000001,5,6,1,1,0,0,1,0,0,0,0,0,0,0,0,0,0,0,1,0,0,1,0,0,0,0,0,0,0,0,0,0,0,0,0,1,0,0,0,0,0,0,0,0,1,0,0,0,0,0,0,0,0,1,0,0,0,1,0,0,0,0,0,0,0,0,0,0,0,1,0,0,0,0,0,0,0,0,0,0,0,0,0,0,1,1,0,1,0,0,0,0,0,0,0,0,0,0,0,1,0,0,0,1,0,1,0,0,0,0,1,0,0,1,0,0,0,0,0,0,0,0,0,0,0,0,0,0,1,0,0,0,0
PGE1,C20H34O5,354.5,CCCCCC(C=CC1C(CC(=O)C1CCCCCCC(=O)O)O)O,3.2,94.8,432,3,5,13,25,0,354.24062418,354.487,3.475100000000003,94.83000000000001,3,4,13,1,0,0,1,0,1,0,1,0,1,0,0,1,0,0,0,1,0,1,0,0,0,0,0,0,0,0,0,1,0,1,0,1,0,0,1,0,0,1,1,1,1,0,0,0,0,0,0,0,0,0,0,0,0,0,0,1,0,0,0,1,0,0,1,0,1,1,0,0,0,0,0,0,0,0,1,0,0,1,1,1,1,1,1,0,0,0,0,1,0,1,0,0,0,0,1,0,0,0,1,0,1,1,0,0,1,0,1,0,0,0,0,0,0,0,0,1,1,1,0,0,1,0,0,0,1,0,1,0,1
ammonia,H3N,17.031,N,-0.7,1.0,0,1,1,0,1,0,17.0265491,17.031,0.16199999999999998,35.0,1,1,0,0,0,0,0,0,0,0,0,0,0,0,0,0,0,0,0,0,0,0,0,0,0,0,0,0,0,0,0,0,0,0,0,0,0,0,0,1,0,0,0,0,0,0,0,0,0,0,0,0,0,0,0,0,0,0,0,0,0,0,0,0,0,0,0,0,0,0,0,0,0,0,0,0,0,0,0,0,0,0,0,0,0,0,0,0,0,0,0,0,0,0,0,0,0,0,0,0,0,0,0,0,0,0,0,0,0,0,0,0,0,0,0,0,0,0,0,0,0,0,0,0,0,0,0,0,0,0,0,0,0
arginine,C6H14N4O2,174.2,C(CC(C(=O)O)N)CN=C(N)N,-4.2,128.0,176,4,4,5,12,0,174.1116757,174.20399999999998,-1.548099999999999,127.71999999999998,4,3,5,0,0,0,1,0,0,0,1,1,0,0,0,1,0,1,0,0,0,1,0,1,1,0,0,0,0,0,0,0,0,1,0,1,0,0,0,0,0,0,0,0,1,0,0,0,0,0,0,0,0,0,0,0,0,1,0,0,0,0,1,0,0,0,0,0,0,0,0,0,0,0,0,0,0,0,0,0,0,0,0,0,0,1,0,1,0,1,1,0,0,0,0,0,0,0,0,0,1,0,0,0,1,0,0,0,0,0,0,0,0,0,0,0,0,0,0,0,0,0,0,0,1,0,0,0,0,0,1,0,1
benzyl,C7H7,91.13,[CH2]C1=CC=CC=C1,2.7,0.0,42,0,0,0,7,0,91.0547752233,91.13299999999998,1.86879,0.0,0,0,0,1,1,0,0,0,0,0,1,0,0,0,0,0,0,0,0,0,0,0,0,0,0,0,0,0,0,0,0,0,0,0,0,0,0,0,0,0,0,0,0,0,1,0,0,0,0,0,0,0,1,0,0,0,0,0,0,0,0,0,0,0,0,0,0,0,0,1,0,0,0,0,0,0,1,0,0,0,0,0,0,0,0,0,1,0,0,0,0,1,0,0,0,0,0,0,0,0,0,0,0,1,0,1,0,0,0,0,0,0,0,0,0,0,0,0,0,0,0,0,0,0,0,0,0,0,0,0,0,0,0
betaine,C5H11NO2,117.15,C[N+](C)(C)CC(=O)[O-],0.5,40.1,87,0,2,1,8,0,117.078978594,117.14799999999998,-1.5574999999999983,40.129999999999995,0,2,2,0,0,0,0,0,0,0,0,0,0,0,0,1,0,0,0,0,0,0,1,0,0,0,0,0,0,0,0,0,0,0,0,1,0,0,1,0,0,0,0,0,1,0,0,0,0,0,0,0,0,0,0,0,0,0,0,0,0,1,0,0,0,0,0,0,1,0,0,0,0,0,0,0,0,0,0,1,1,0,0,0,0,1,0,0,0,0,0,0,0,0,0,0,0,0,0,0,0,0,0,0,0,0,0,0,0,0,0,0,0,0,0,0,0,0,0,0,0,1,0,0,0,0,0,1,0,0,1,0,1
calcium,Ca,40.08,[Ca],,0.0,0,0,0,0,1,0,39.9625908,40.078,-0.3808,0.0,0,0,0,0,0,0,0,0,0,0,0,0,0,0,0,0,0,0,0,0,0,0,0,0,0,0,0,0,0,0,0,0,0,0,0,1,0,0,0,0,0,0,0,0,0,0,0,0,0,0,0,0,0,0,0,0,0,0,0,0,0,0,0,0,0,0,0,0,0,0,0,0,0,0,0,0,0,0,0,0,0,0,0,0,0,0,0,0,0,0,0,0,0,0,0,0,0,0,0,0,0,0,0,0,0,0,0,0,0,0,0,0,0,0,0,0,0,0,0,0,0,0,0,0,0,0,0,0,0,0,0,0,0
graphene,C,12.011,[C],0.6,0.0,0,0,0,0,1,0,12.0,12.011,0.08129,0.0,0,0,0,0,0,0,0,0,0,0,0,0,0,0,0,0,0,0,0,0,0,0,0,0,0,0,0,0,0,0,0,0,0,0,0,0,0,0,0,0,0,0,0,0,0,0,0,0,0,0,0,0,0,0,0,0,0,0,0,0,0,0,0,0,0,0,0,0,0,0,0,0,0,0,0,0,0,0,0,0,0,0,0,0,0,0,0,0,0,0,0,0,0,0,0,0,0,0,0,0,0,0,0,0,0,0,0,0,0,1,0,0,0,0,0,0,0,0,0,0,0,0,0,0,0,0,0,0,0,0,0,0,0
chloramphenicol,C11H12Cl2N2O5,323.13,C1=CC(=CC=C1C(C(CO)NC(=O)C(Cl)Cl)O)[N+](=O)[O-],1.1,115.0,342,3,5,5,20,0,322.0123269,323.13200000000006,0.9089999999999998,112.70000000000002,3,5,6,1,1,1,1,0,0,0,0,0,0,0,0,1,0,0,0,0,0,0,1,1,1,0,0,1,0,0,0,0,1,0,0,0,0,0,0,0,0,0,1,0,1,0,0,0,1,0,0,0,0,0,0,0,0,0,0,0,0,1,0,0,0,0,1,1,0,0,1,0,0,0,0,1,0,0,0,0,1,0,0,0,0,1,1,0,0,0,1,1,0,0,0,0,0,1,0,1,0,0,0,1,1,1,0,0,0,0,0,0,0,0,0,0,0,0,1,0,0,0,1,1,1,0,0,1,0,0,1,0,0
bile,C10H11N3O2S,237.28,COC1=CC=CC(=C1OC)C2=NN=C(S2)N,1.6,98.5,232,1,6,3,16,0,237.05719778,237.284,1.8045,70.26,1,6,3,2,2,1,0,1,0,0,0,0,0,0,0,0,0,1,0,1,1,0,0,0,1,0,0,0,0,0,0,0,0,0,0,0,0,0,1,1,1,0,0,0,0,0,0,0,0,0,0,0,0,0,1,1,0,0,0,0,1,0,0,0,0,0,0,0,1,1,0,0,0,0,0,0,0,0,1,0,0,0,1,0,0,0,1,1,0,1,0,1,0,1,0,0,0,0,0,0,0,1,0,0,1,1,1,0,0,0,0,0,0,1,0,0,0,1,0,0,0,0,0,1,0,0,1,1,0,0,0,0,1
choline,C5H14NO+,104.17,C[N+](C)(C)CCO,-0.4,20.2,46,1,1,2,7,1,104.10753907,104.17299999999999,-0.3150999999999999,20.23,1,1,2,0,0,0,0,0,0,0,0,0,0,0,0,0,0,0,0,0,0,0,1,0,0,0,0,0,0,0,0,0,0,0,0,1,0,0,1,0,0,0,0,0,1,0,0,0,0,0,0,0,0,0,0,0,0,0,0,0,0,0,0,0,0,0,0,0,1,0,0,0,0,0,0,0,0,0,0,0,0,0,0,0,0,1,0,0,0,0,0,0,0,0,1,0,0,0,0,1,0,0,0,0,0,0,0,0,0,0,0,0,0,0,0,0,0,0,0,0,0,1,0,0,0,0,0,0,1,0,0,0,0
citric,C10H18O,154.25,CC(CCC=C(C)C)CC=O,3.0,17.1,132,0,1,5,11,0,154.135765193,154.253,2.9579000000000013,17.07,0,1,5,0,0,0,1,0,0,0,1,0,0,0,0,1,0,0,0,0,0,0,1,0,0,0,0,0,0,0,0,0,1,0,0,0,0,0,1,0,0,0,0,1,1,0,0,0,0,1,0,1,0,0,0,0,0,0,0,1,0,0,0,0,0,0,0,0,0,0,0,0,0,0,0,0,0,0,0,0,0,0,0,0,0,1,0,0,0,0,0,0,1,0,0,0,0,0,0,0,1,0,1,0,1,0,0,0,0,1,1,0,0,1,0,0,0,0,0,0,0,0,0,0,1,0,1,0,1,0,1,0,0
chloride,Cl-,35.45,[Cl-],0.8,0.0,0,0,1,0,1,-1,34.9688527,35.453,-2.996,0.0,0,0,0,0,0,0,0,0,0,0,0,0,0,0,0,0,0,0,0,0,0,0,0,0,0,0,0,0,0,0,0,0,0,0,0,0,0,0,0,0,0,0,0,0,0,0,0,0,0,0,0,0,0,0,0,0,0,0,0,0,0,0,0,0,0,0,0,0,0,0,0,0,0,0,0,0,0,0,0,1,0,0,0,0,0,0,0,0,0,0,0,0,0,0,0,0,0,0,0,0,0,0,0,0,0,0,0,0,0,0,0,0,0,0,0,0,0,0,0,0,0,0,0,0,0,0,0,0,0,0,0,0,0
salicylate,C7H5O3-,137.11,C1=CC=C(C(=C1)C(=O)O)[O-],2.4,60.4,133,1,3,1,10,-1,137.023869017,137.11399999999998,0.45839999999999975,60.36,1,2,1,1,1,0,0,0,0,0,1,0,0,0,0,1,0,0,0,0,1,0,0,0,0,0,0,0,1,1,0,0,0,0,0,0,0,0,0,0,0,0,0,0,1,0,0,0,0,0,0,0,1,0,0,0,0,0,0,0,0,0,0,0,0,0,0,0,0,1,0,0,0,0,0,0,1,1,0,1,1,0,0,0,0,0,1,0,0,0,0,1,0,0,0,0,0,0,0,0,0,0,0,0,0,1,0,0,0,0,0,0,0,1,0,0,0,0,0,0,0,0,0,0,0,0,0,1,0,0,1,0,0
D-cycloserine,C3H6N2O2,102.09,C1C(C(=O)NO1)N,-1.5,64.4,92,2,3,0,7,0,102.042927438,102.093,-1.6248999999999993,64.35,2,3,0,1,0,0,0,0,1,0,0,0,0,0,0,1,0,0,0,0,0,1,0,1,1,0,0,0,1,0,0,0,0,0,0,1,0,0,0,0,0,0,0,0,0,1,0,0,0,0,0,0,0,0,0,0,0,0,0,0,0,0,0,1,0,0,0,0,0,0,0,0,0,0,0,0,0,0,1,0,1,0,0,0,0,0,0,0,1,1,0,0,0,0,0,1,0,0,0,0,0,0,0,0,0,1,0,0,0,0,0,0,0,1,0,0,0,0,0,0,0,0,0,0,1,0,0,0,1,0,0,0,0
bupropion,C13H18ClNO,239.74,CC(C(=O)C1=CC(=CC=C1)Cl)NC(C)(C)C,3.2,29.1,247,1,2,4,16,0,239.1076919,239.74599999999998,3.2993000000000023,29.1,1,2,3,1,1,1,1,1,0,0,0,0,0,1,0,1,0,1,0,0,1,0,0,0,1,0,0,0,0,0,0,0,1,0,0,0,0,0,1,0,0,1,1,0,1,0,0,0,0,0,0,0,0,0,1,0,0,1,0,1,0,0,0,0,0,0,0,0,0,1,1,1,0,0,0,0,0,0,1,0,0,0,0,0,0,1,1,0,0,0,0,1,1,1,0,0,1,0,1,0,0,0,0,0,0,1,0,0,0,0,1,0,1,0,0,0,0,0,0,1,0,0,0,0,0,0,0,0,0,0,1,0,0
estradiol,C18H24O2,272.4,CC12CCC3C(C1CCC2O)CCC4=C3C=CC(=C4)O,4.0,40.5,382,2,2,0,20,0,272.177630004,272.388,3.6092000000000026,40.46,2,2,0,4,1,0,0,0,1,0,0,0,1,0,0,1,0,0,0,0,1,0,0,0,0,0,1,0,0,1,0,0,0,0,0,1,1,0,1,0,0,1,0,0,1,0,0,0,0,0,1,0,0,0,1,1,0,0,0,0,1,0,0,0,0,0,0,0,0,0,0,1,0,0,1,0,1,0,1,1,0,0,0,0,0,0,1,0,0,1,0,1,0,1,0,0,0,0,0,0,0,0,0,0,0,1,0,0,0,0,1,0,1,0,0,1,0,0,0,0,0,0,0,1,1,1,0,1,1,1,1,0,0
mannitol,C6H14O6,182.17,C(C(C(C(C(CO)O)O)O)O)O,-3.1,121.0,105,6,6,5,12,0,182.07903816,182.172,-3.585399999999998,121.38000000000001,6,6,5,0,0,0,1,0,0,0,0,0,0,0,0,0,0,0,0,0,0,0,1,0,0,0,0,0,0,0,0,0,0,0,0,0,0,0,0,0,0,0,0,0,1,0,0,0,0,0,0,0,0,0,0,0,0,0,0,0,0,0,0,0,0,0,1,0,1,0,0,0,0,0,0,0,0,0,0,0,0,0,0,0,0,1,0,0,0,0,0,0,0,0,0,0,0,0,0,1,0,0,0,1,1,0,0,0,0,0,0,0,0,0,0,0,0,0,0,0,0,0,0,0,0,1,1,0,0,0,0,0,0
EACA,C6H13NO2,131.17,C(CCC(=O)O)CCN,-3.0,63.3,83,2,3,5,9,0,131.094628657,131.17499999999998,0.5901000000000001,63.31999999999999,2,2,5,0,0,0,0,0,0,0,1,0,1,0,0,1,0,0,0,0,0,0,0,0,1,0,0,0,0,0,0,0,0,1,0,0,0,0,0,0,0,0,0,0,1,0,0,0,0,0,0,0,0,1,0,0,0,0,0,0,0,0,0,1,0,0,0,0,0,0,0,0,0,0,0,0,0,0,1,0,0,0,0,0,0,1,0,0,0,0,1,1,0,0,0,0,0,0,0,0,0,0,0,0,0,0,0,0,0,0,0,0,0,0,1,0,0,0,0,0,1,0,0,0,1,0,0,0,0,0,1,0,0
N-acetylcysteine,C5H9NO3S,163.2,CC(=O)NC(CS)C(=O)O,0.4,67.4,148,3,4,3,10,0,163.03031432,163.198,-0.4945,66.4,3,3,3,0,0,1,1,0,0,0,1,0,0,0,0,1,0,0,0,0,0,0,0,0,0,0,0,0,0,0,0,0,0,0,0,1,0,0,1,0,1,0,0,0,1,0,0,0,0,0,0,0,0,0,0,0,1,1,0,0,0,0,0,0,0,0,0,0,0,0,1,0,0,0,0,0,0,1,0,0,0,0,0,0,0,1,0,0,0,0,0,0,0,1,0,0,0,0,0,0,0,1,1,0,0,0,1,0,0,0,0,0,0,0,0,0,0,0,0,0,0,0,1,0,0,0,1,0,0,0,1,0,0
cytarabine,C9H13N3O5,243.22,C1=CN(C(=O)N=C1N)C2C(C(C(O2)CO)O)O,-2.1,129.0,383,4,5,2,17,0,243.08552052,243.21900000000002,-2.562999999999999,130.83,4,7,2,2,1,0,1,0,0,0,0,0,0,0,0,1,0,0,0,0,0,1,0,0,1,0,0,0,0,1,0,0,0,0,0,0,0,0,0,0,0,0,0,0,1,1,0,0,0,0,0,0,0,0,1,0,0,1,0,0,0,0,0,1,0,0,0,1,1,0,1,0,0,0,0,1,0,0,0,0,1,0,1,0,1,1,1,1,0,0,0,1,0,0,0,0,0,0,0,1,1,0,0,1,0,1,1,0,0,0,1,0,0,1,0,0,0,0,0,1,0,0,0,0,1,0,0,1,1,0,0,0,0
mesna,C2H5NaO3S2,164.18,C(CS(=O)(=O)[O-])S.[Na+],,66.6,123,1,4,2,8,0,163.95778065,164.183,-3.534599999999999,57.2,1,4,2,0,0,0,0,0,0,1,0,0,0,0,0,1,0,1,0,0,0,0,0,0,0,0,0,0,0,0,0,0,0,0,1,0,0,0,0,0,0,0,0,0,0,0,0,0,0,0,0,0,0,0,0,0,1,0,0,0,0,0,0,0,0,0,1,0,0,0,0,0,0,1,0,0,0,0,0,0,1,0,0,0,0,1,0,0,0,0,0,0,0,0,0,1,0,0,0,1,0,0,1,0,0,0,1,0,0,0,0,0,0,0,0,0,0,0,0,0,0,0,0,1,0,0,0,0,0,0,0,0,0
lactate,C3H5O3-,89.07,CC(C(=O)[O-])O,0.2,60.4,53,1,3,0,6,-1,89.023869017,89.07,-1.8829000000000002,60.36,1,3,1,0,0,0,1,0,0,0,0,0,0,0,0,1,0,1,0,0,0,0,0,0,0,0,0,0,0,0,0,0,1,0,0,0,0,0,1,0,0,0,0,0,1,0,0,0,0,0,0,0,0,0,0,1,0,0,0,0,0,0,0,0,0,0,0,0,0,0,0,0,0,0,0,0,0,0,1,1,1,0,0,0,0,0,0,0,0,0,0,0,0,0,0,0,0,0,0,0,0,0,0,0,1,0,0,0,0,0,0,0,0,0,0,0,0,0,0,0,0,0,0,0,0,0,0,0,0,0,1,0,0
DMSO,C2H6OS,78.14,CS(=O)C,-0.6,36.3,29,0,2,0,4,0,78.01393598,78.13600000000001,-0.005299999999999971,17.07,0,1,0,0,0,0,0,0,0,0,0,0,0,0,0,1,0,0,0,0,0,0,0,0,0,0,0,0,0,0,0,0,0,0,0,0,0,0,1,0,0,0,0,0,0,1,0,0,1,0,0,0,0,0,0,0,0,0,0,0,0,0,0,0,0,0,0,0,0,0,0,0,0,0,0,0,0,0,0,0,0,0,1,0,0,0,0,0,0,0,0,0,0,0,0,0,0,0,0,0,0,0,0,0,0,0,0,0,0,0,0,0,0,0,0,0,0,0,1,0,0,0,0,0,0,0,0,0,0,0,0,0,0
dopamine,C8H11NO2,153.18,C1=CC(=C(C=C1CCN)O)O,-1.0,66.5,119,3,3,2,11,0,153.078978594,153.181,0.5989999999999995,66.48,3,3,2,1,1,0,0,0,0,0,0,0,0,0,0,0,0,0,0,0,0,1,0,0,1,0,0,0,0,0,0,0,0,0,0,0,0,0,0,0,0,0,0,0,1,0,1,0,0,0,0,0,0,1,0,0,0,0,0,1,0,0,0,0,1,0,0,0,0,0,1,1,1,0,0,0,1,0,0,0,0,0,1,0,0,1,1,0,0,0,1,1,0,0,0,1,1,0,0,0,0,0,0,0,0,1,0,0,0,1,0,0,1,0,0,0,0,0,0,0,0,0,0,0,0,0,0,0,0,0,0,0,0
estrone,C18H22O2,270.4,CC12CCC3C(C1CCC2=O)CCC4=C3C=CC(=C4)O,3.1,37.3,418,1,2,0,20,0,270.16197994,270.37199999999996,3.8174000000000032,37.3,1,2,0,4,1,0,0,0,1,0,0,0,1,0,0,1,0,0,0,0,1,0,0,0,0,0,0,0,0,1,0,0,0,0,0,1,0,0,1,0,0,1,0,0,1,0,0,0,0,0,1,0,0,0,1,0,0,0,0,0,1,0,0,1,0,0,1,0,1,0,0,1,0,0,0,0,1,0,1,1,0,0,0,0,0,0,1,0,0,1,0,1,0,0,0,0,0,1,0,0,0,0,0,0,0,1,0,0,0,0,1,0,1,0,0,1,1,0,0,0,0,0,0,1,0,0,1,1,1,1,1,0,0
monoethanolamine,C2H7NO,61.08,C(CO)N,-1.3,46.3,10,2,2,1,4,0,61.052763847,61.083999999999996,-1.0626,46.25,2,2,1,0,0,0,0,0,0,0,0,0,0,0,0,0,0,0,0,0,0,0,0,0,1,0,0,0,0,0,0,0,0,0,0,0,0,0,0,0,0,0,0,0,1,0,0,0,0,0,0,0,0,1,0,0,1,0,0,0,0,0,0,0,0,0,0,0,0,0,0,0,0,0,0,0,0,0,0,0,0,0,0,0,0,1,0,0,0,0,1,0,0,0,1,0,0,0,0,1,0,0,0,0,0,0,0,0,0,0,0,0,0,0,0,0,0,0,0,0,0,0,0,0,0,0,0,0,0,0,0,0,0
lindane,C6H6Cl6,290.8,C1(C(C(C(C(C1Cl)Cl)Cl)Cl)Cl)Cl,3.8,0.0,104,0,0,0,12,0,289.857116,290.832,3.644400000000001,0.0,0,0,0,1,0,0,0,0,0,0,0,0,0,0,0,0,0,0,0,0,0,0,0,0,1,0,0,0,0,0,0,0,0,0,0,0,0,0,0,0,0,0,0,0,0,1,0,0,0,0,0,1,0,0,0,0,0,0,1,0,0,0,0,0,0,0,0,0,0,0,0,0,0,0,0,0,0,0,0,0,0,0,0,0,0,0,0,0,0,0,0,0,0,0,0,0,0,0,0,0,0,0,0,0,0,0,0,0,0,0,0,0,0,0,0,0,0,0,0,0,0,0,0,0,0,0,0,0,1,0,0,0,0
glutamine,C5H10N2O3,146.14,C(CC(=O)N)C(C(=O)O)N,-3.1,106.0,146,3,4,4,10,0,146.06914219,146.146,-1.336199999999999,106.41,3,3,4,0,0,0,1,0,0,1,1,0,0,0,0,1,0,1,0,0,0,0,0,1,1,0,0,0,0,0,0,0,0,1,0,0,0,0,1,0,0,0,0,0,1,0,0,0,0,0,0,0,0,0,0,0,0,1,0,0,0,0,1,0,0,0,0,0,0,0,0,0,0,0,0,0,0,0,0,0,0,0,0,0,0,1,0,0,0,0,0,0,0,1,0,0,0,0,0,0,0,0,0,0,1,0,0,0,0,0,0,1,0,0,0,0,0,0,0,0,0,0,0,0,0,0,0,0,0,0,1,0,1
glycine,C2H5NO2,75.07,C(C(=O)O)N,-3.2,63.3,42,2,3,1,5,0,75.032028402,75.06700000000001,-0.9702999999999999,63.31999999999999,2,2,1,0,0,0,0,0,0,0,1,0,0,0,0,1,0,0,0,0,0,0,0,0,1,0,0,0,0,0,0,0,1,0,0,0,0,0,0,0,0,0,0,0,1,0,0,0,0,0,0,0,0,0,0,0,0,0,0,0,0,0,0,0,0,0,0,0,0,0,0,0,0,0,0,1,0,0,1,0,0,0,0,0,0,1,0,0,0,0,1,0,0,0,0,0,0,0,0,0,0,0,0,0,0,0,0,0,0,0,0,0,0,0,0,0,0,0,0,0,0,0,0,0,0,0,0,0,0,0,1,0,0
glycerol,C3H8O3,92.09,C(C(CO)O)O,-1.8,60.7,25,3,3,2,6,0,92.047344113,92.09399999999998,-1.6681000000000001,60.69,3,3,2,0,0,0,1,0,0,0,0,0,0,0,0,0,0,0,0,0,0,0,0,0,0,0,0,0,0,0,0,0,0,0,0,0,0,0,0,0,0,0,0,0,1,0,0,0,0,0,0,0,0,0,0,0,0,0,0,0,0,0,1,0,0,0,0,0,0,0,0,0,0,0,0,0,0,0,0,0,0,0,0,0,0,1,0,0,0,0,0,0,0,0,0,0,0,0,0,1,0,0,1,1,1,0,0,0,0,0,0,0,0,0,0,0,0,0,0,0,0,0,0,1,0,0,0,0,0,0,0,0,0
bicarbonate,CHO3-,61.017,C(=O)(O)[O-],0.5,60.4,24,1,3,0,4,-1,60.99256889,61.016000000000005,-1.1123,60.36,1,2,0,0,0,0,0,0,0,0,1,0,0,0,0,1,0,0,0,0,0,0,0,0,0,0,0,0,0,0,0,0,0,0,0,0,0,0,0,0,0,0,0,0,1,0,0,0,0,0,0,0,0,0,0,0,0,0,0,0,0,0,0,0,0,0,0,0,0,0,0,0,0,0,0,0,0,0,0,1,1,0,0,0,0,0,0,0,0,0,0,0,0,0,0,0,0,0,0,0,0,0,0,0,0,0,0,0,0,0,0,0,1,0,0,0,0,0,0,0,0,0,0,0,0,0,0,0,0,0,1,0,0
LMWH,C26H42N2O37S5,1134.9,CC(=O)NC1C(C(C(OC1O)COS(=O)(=O)O)OC2C(C(C(C(O2)C(=O)O)OC3C(C(C(C(O3)CO)OC4C(C(C(C(O4)C(=O)O)O)O)OS(=O)(=O)O)OS(=O)(=O)O)NS(=O)(=O)O)O)OS(=O)(=O)O)O,-10.8,652.0,2410,15,38,21,70,0,1134.0069961,1134.934000000001,-10.711900000000018,610.4900000000001,15,30,21,4,0,1,1,0,1,1,1,0,0,1,0,1,0,0,0,0,1,1,1,1,0,0,0,0,1,0,0,0,1,0,1,1,1,0,1,0,1,1,0,0,1,0,0,0,1,0,0,0,0,1,0,0,0,0,1,1,1,0,1,0,0,1,0,0,0,1,0,0,1,1,0,0,0,0,0,0,0,0,1,1,1,1,0,1,1,0,0,0,0,0,1,0,1,1,0,1,0,0,0,1,0,1,1,0,1,0,1,0,1,1,0,1,0,1,0,1,0,1,1,1,0,1,1,0,1,0,1,0,0
histamine,C5H9N3,111.15,C1=C(NC=N1)CCN,-0.7,54.7,64,2,2,2,8,0,111.0796473,111.14800000000001,-0.08910000000000007,54.7,2,2,2,1,1,0,0,0,0,0,0,0,0,0,0,0,1,0,0,0,0,1,0,0,1,0,0,1,0,0,0,0,0,0,0,0,0,0,0,0,0,0,0,1,0,0,0,0,0,0,0,0,0,1,0,0,0,0,0,0,0,1,0,0,0,0,0,0,0,0,0,0,1,0,0,0,0,0,1,0,0,0,1,0,0,1,1,0,0,0,1,0,0,0,0,1,1,0,0,1,0,0,0,0,1,1,0,0,0,0,0,0,0,0,0,0,0,0,0,0,0,0,0,0,0,0,0,1,0,1,0,0,1
quinol,C6H6O2,110.11,C1=CC(=CC=C1O)O,0.6,40.5,54,2,2,0,8,0,110.03677943,110.11199999999997,1.0977999999999999,40.46,2,2,0,1,1,0,0,0,0,0,0,0,0,0,0,0,0,0,0,0,0,0,0,0,0,0,0,0,0,0,0,0,0,0,0,0,0,0,1,0,0,0,0,0,1,0,0,0,0,0,0,0,0,0,0,0,0,0,0,0,0,0,0,0,0,0,0,0,0,0,0,1,0,0,0,0,0,0,0,0,0,0,0,0,0,0,1,0,0,0,0,1,0,0,0,0,0,0,0,0,0,0,0,0,0,1,0,0,0,0,1,0,0,0,0,0,0,0,0,1,0,0,0,0,0,0,0,0,0,0,0,0,0
potassium,K,39.0983,[K],,0.0,0,0,0,0,1,0,38.96370648,39.098,-0.3808,0.0,0,0,0,0,0,0,0,0,0,0,0,0,0,0,0,0,0,0,0,0,0,1,0,0,0,0,0,0,0,0,0,0,0,0,0,0,0,0,0,0,0,0,0,0,0,0,0,0,0,0,0,0,0,0,0,0,0,0,0,0,0,0,0,0,0,0,0,0,0,0,0,0,0,0,0,0,0,0,0,0,0,0,0,0,0,0,0,0,0,0,0,0,0,0,0,0,0,0,0,0,0,0,0,0,0,0,0,0,0,0,0,0,0,0,0,0,0,0,0,0,0,0,0,0,0,0,0,0,0,0,0,0,0
kanamycin,C18H36N4O11,484.5,C1C(C(C(C(C1N)OC2C(C(C(C(O2)CN)O)O)O)O)OC3C(C(C(C(O3)CO)O)N)O)N,-6.9,283.0,638,11,15,6,33,0,484.23805798,484.50300000000016,-7.291399999999999,282.60999999999996,11,15,6,3,0,0,1,0,0,0,0,0,0,0,0,0,0,1,1,0,0,1,0,0,1,0,1,0,0,0,0,0,0,0,0,1,0,0,1,1,1,0,0,0,1,1,0,0,1,0,0,0,0,0,0,0,0,1,1,0,1,0,1,0,0,0,0,0,1,0,0,0,0,0,0,0,0,0,0,0,0,0,0,0,1,1,1,1,0,1,1,0,0,0,0,0,0,0,0,1,0,0,0,1,0,1,1,0,1,1,1,0,0,1,0,0,0,0,0,0,0,1,0,0,0,0,0,0,1,0,0,0,1
epinephrine,C9H13NO3,183.2,CNCC(C1=CC(=C(C=C1)O)O)O,-1.4,72.7,154,4,4,3,13,0,183.08954328,183.207,0.35059999999999986,72.72,4,4,3,1,1,1,1,0,0,0,0,0,0,0,0,0,0,0,0,0,0,0,0,0,0,0,0,1,0,0,0,1,0,0,0,0,0,0,1,0,0,0,0,0,1,0,0,0,0,0,0,0,0,0,0,0,0,0,0,0,0,0,0,0,1,0,1,0,0,0,0,1,1,0,0,0,1,0,0,0,1,1,1,0,0,1,1,1,0,0,1,1,1,0,0,0,0,0,0,1,0,0,0,0,1,1,0,0,0,0,0,0,1,0,0,0,0,0,0,0,0,0,0,0,0,1,0,0,0,0,0,0,0
thyroxine,C15H11I4NO4,776.87,C1=C(C=C(C(=C1I)OC2=CC(=C(C(=C2)I)O)I)I)CC(C(=O)O)N,2.4,92.8,420,3,5,5,24,0,776.6867,776.872,4.557300000000002,92.78,3,4,5,2,2,1,1,0,1,0,1,0,0,0,0,1,0,0,0,0,0,0,0,1,1,0,1,0,0,1,0,0,0,0,0,0,0,0,1,1,0,0,0,0,1,1,0,0,0,0,0,0,0,0,0,0,1,1,0,0,1,0,1,0,0,0,0,0,0,0,0,1,0,0,1,1,0,0,0,1,0,0,1,0,1,1,1,0,0,0,0,0,0,1,1,1,0,0,0,0,0,0,0,0,1,1,0,0,0,0,0,0,1,0,0,0,0,0,0,0,0,0,0,0,0,0,1,0,0,0,1,0,0
triiodothyronine,C15H12I3NO4,650.97,C1=CC(=C(C=C1OC2=C(C=C(C=C2I)CC(C(=O)O)N)I)I)O,1.7,92.8,402,3,5,5,23,0,650.7901,650.9760000000001,3.9527000000000014,92.78,3,4,5,2,2,1,1,0,1,0,1,0,0,0,0,1,0,0,0,0,0,0,0,1,1,0,1,0,0,0,0,0,0,0,0,0,0,0,0,1,0,0,0,0,1,1,0,0,0,0,0,0,0,0,0,0,1,1,0,0,1,0,1,0,0,0,0,0,0,0,0,1,1,0,1,1,1,0,0,0,0,0,1,1,1,1,1,0,0,0,0,1,0,0,1,1,1,0,0,0,0,0,0,0,1,1,0,0,0,0,0,0,1,0,0,0,0,0,0,0,0,0,0,0,0,0,1,0,0,0,1,0,0
magnesium,Mg,24.305,[Mg],,0.0,0,0,0,0,1,0,23.9850417,24.305,-0.3808,0.0,0,0,0,0,0,0,0,0,0,0,0,0,0,0,0,0,0,0,0,0,0,0,0,0,0,0,1,0,0,0,0,0,0,0,0,0,0,0,0,0,0,0,0,0,0,0,0,0,0,0,0,0,0,0,0,0,0,0,0,0,0,0,0,0,0,0,0,0,0,0,0,0,0,0,0,0,0,0,0,0,0,0,0,0,0,0,0,0,0,0,0,0,0,0,0,0,0,0,0,0,0,0,0,0,0,0,0,0,0,0,0,0,0,0,0,0,0,0,0,0,0,0,0,0,0,0,0,0,0,0,0,0,0
melatonin,C13H16N2O2,232.28,CC(=O)NCCC1=CNC2=C1C=C(C=C2)OC,0.8,54.1,270,2,2,4,17,0,232.121177757,232.283,1.8551,54.120000000000005,2,2,4,2,2,1,0,0,0,0,0,0,0,0,0,1,0,0,1,0,0,0,1,0,1,0,0,0,0,0,0,0,1,0,0,0,0,0,1,0,0,0,0,1,1,0,0,0,0,0,0,0,0,0,0,0,0,1,0,0,1,0,0,0,0,1,0,0,0,0,0,1,0,0,1,0,0,1,1,0,0,0,1,1,0,1,1,0,0,0,0,1,1,1,0,1,1,1,0,0,0,0,0,0,0,1,0,0,0,0,0,0,1,1,0,0,0,0,0,0,0,0,1,0,1,0,1,0,0,0,1,0,0
sodium,Na,22.9897693,[Na],,0.0,0,0,0,0,1,0,22.98976928,22.99,-0.3808,0.0,0,0,0,0,0,0,0,0,0,0,0,0,0,0,0,0,0,0,0,0,0,0,0,0,0,0,0,0,0,0,0,0,0,0,0,0,0,0,0,0,0,0,0,0,0,0,0,0,0,0,0,0,0,0,0,0,0,0,0,0,0,0,0,0,0,0,0,0,1,0,0,0,0,0,0,0,0,0,0,0,0,0,0,0,0,0,0,0,0,0,0,0,0,0,0,0,0,0,0,0,0,0,0,0,0,0,0,0,0,0,0,0,0,0,0,0,0,0,0,0,0,0,0,0,0,0,0,0,0,0,0,0,0
niacin,C6H5NO2,123.11,C1=CC(=CN=C1)C(=O)O,0.4,50.2,114,1,3,1,9,0,123.032028402,123.11099999999996,0.7797999999999998,50.19,1,2,1,1,1,0,0,0,0,0,1,0,0,0,0,1,0,0,1,0,0,0,0,0,1,0,0,0,0,0,0,0,0,0,0,0,0,0,0,0,0,0,0,0,1,0,0,1,0,0,0,0,0,0,0,1,0,0,1,0,0,0,0,0,0,0,0,0,0,1,1,0,1,0,0,0,0,1,0,1,0,0,0,0,0,0,1,0,0,0,0,1,0,0,0,0,0,0,0,0,0,0,0,0,0,1,0,0,0,0,1,0,0,0,0,0,0,0,0,1,0,0,0,0,0,0,0,1,0,0,1,0,1
nicotine,C10H14N2,162.23,CN1CCCC1C2=CN=CC=C2,1.2,16.1,147,0,2,1,12,0,162.115698455,162.23600000000002,1.8483,16.130000000000003,0,2,1,2,1,0,0,0,0,1,0,0,0,0,0,0,0,0,0,0,0,0,0,0,1,0,0,0,0,0,0,0,0,0,0,1,0,1,1,0,0,0,0,0,1,1,0,0,0,0,1,0,0,0,0,1,0,0,1,0,0,1,0,0,0,0,0,1,0,1,0,0,1,0,0,0,0,1,0,1,0,0,0,0,0,0,1,0,0,0,0,1,0,0,0,0,0,0,0,0,0,0,0,0,0,1,0,1,1,0,0,0,0,0,1,0,0,1,0,0,0,0,0,0,0,0,1,1,1,0,0,0,1
nitrite,NO2-,46.006,N(=O)[O-],-0.8,52.5,7,0,3,0,3,-1,45.992903243,46.005,0.25060000000000004,52.489999999999995,0,3,0,0,0,0,0,0,0,0,0,0,0,0,0,1,0,0,0,0,0,0,0,0,0,0,0,0,0,0,0,0,0,0,0,0,0,0,0,0,0,1,0,0,0,0,0,0,0,0,0,0,0,0,0,0,0,0,0,0,0,0,0,0,0,0,0,0,0,0,0,0,0,0,0,0,1,0,0,0,1,0,0,0,0,0,0,0,1,0,1,0,0,0,0,0,0,0,0,0,0,0,0,0,0,0,0,0,0,0,0,0,0,0,0,0,0,0,0,0,0,0,0,0,0,0,0,0,0,0,0,0,0
norepinephrine,C8H11NO3,169.18,C1=CC(=C(C=C1C(CN)O)O)O,-1.2,86.7,142,4,4,2,12,0,169.07389321,169.18,0.08989999999999976,86.71000000000001,4,4,2,1,1,0,1,0,0,0,0,0,0,0,0,0,0,1,0,0,0,0,0,0,1,0,0,0,0,0,0,1,0,0,0,0,0,0,0,0,0,0,0,0,1,0,0,0,0,0,0,0,0,0,0,0,0,0,0,0,0,0,0,0,1,0,1,0,0,0,0,1,1,0,0,0,1,0,0,0,0,0,1,0,0,1,1,1,0,0,1,1,0,0,0,0,0,0,0,0,0,0,0,0,1,1,0,0,0,0,0,0,1,0,0,0,0,0,0,0,0,0,1,0,0,1,0,1,0,0,0,0,0
hydroxyl,HO,17.007,[OH],-0.5,1.0,0,1,0,0,1,0,17.002739651,17.007,-0.1768,30.0,1,0,0,0,0,0,0,0,0,0,0,0,0,0,0,0,0,0,0,0,0,0,0,0,0,0,0,0,0,0,0,1,0,0,0,0,0,0,0,0,0,0,0,0,0,0,0,0,0,0,0,0,0,0,0,0,0,0,0,0,0,0,0,0,0,0,0,0,0,0,0,0,0,0,0,0,0,0,0,0,0,0,0,0,0,0,0,0,0,0,0,0,0,0,0,0,0,0,0,0,0,0,0,0,0,0,0,0,0,0,0,0,0,0,0,0,0,0,0,0,0,0,0,0,0,0,0,0,0,0,0,0,0
phosphate,O4P-3,94.971,[O-]P(=O)([O-])[O-],-2.3,86.3,36,0,4,0,5,-3,94.95342047,94.97,-2.8246,86.25,0,4,0,0,0,0,0,0,0,0,0,0,0,0,0,1,0,0,0,0,0,0,0,0,0,0,0,0,0,0,0,0,0,0,0,0,0,0,0,0,0,0,0,0,0,0,0,0,0,0,0,0,0,0,0,0,1,0,0,0,0,0,0,0,0,0,0,0,0,1,0,0,0,0,0,0,0,0,0,0,1,0,0,0,0,0,0,0,0,0,0,0,0,0,0,0,0,0,0,0,0,0,0,0,0,0,0,1,0,0,0,0,0,0,0,0,0,0,0,0,0,0,0,0,1,0,0,0,0,0,0,0,0
pyrazinamide,C5H5N3O,123.11,C1=CN=C(C=N1)C(=O)N,-0.6,68.9,115,1,3,1,9,0,123.043261792,123.115,-0.42450000000000004,68.87,1,3,1,1,1,1,0,0,0,0,0,0,0,0,0,1,0,1,0,0,0,0,0,0,1,0,0,0,0,0,0,0,0,0,0,0,0,0,0,0,0,0,0,0,1,1,0,0,0,1,0,0,1,0,0,1,0,0,1,0,0,0,0,0,0,0,0,0,0,0,0,0,1,0,0,0,0,1,0,1,0,0,0,0,0,0,1,0,0,0,0,0,1,0,0,0,0,0,0,0,0,0,0,0,0,1,1,0,0,0,0,0,0,0,0,0,0,0,0,0,0,0,0,0,0,0,0,1,0,0,1,0,1
pyridoxine,C8H11NO3,169.18,CC1=NC=C(C(=C1O)CO)CO,-0.8,73.6,142,3,4,2,12,0,169.07389321,169.17999999999998,0.08022000000000001,73.58000000000001,3,4,2,1,1,0,0,0,0,0,0,0,0,0,0,0,0,0,0,0,0,0,0,0,0,0,0,0,0,0,1,0,0,1,0,0,0,0,1,0,0,0,1,0,1,0,0,0,0,1,0,0,0,0,0,1,0,0,0,0,0,0,0,1,0,0,0,0,0,0,1,1,0,0,1,0,0,0,0,1,0,0,0,0,0,1,1,1,0,0,0,0,0,0,0,0,0,1,0,1,0,0,0,0,0,1,0,0,0,0,0,0,0,0,0,0,0,0,0,1,0,0,0,1,0,0,0,1,0,0,0,0,1
quinidine,C20H24N2O2,324.4,COC1=CC2=C(C=CN=C2C=C1)C(C3CC4CCN3CC4C=C)O,2.9,45.6,457,1,4,4,24,0,324.183778013,324.4240000000001,3.173200000000002,45.59,1,4,4,5,2,1,1,0,0,0,0,1,0,0,0,0,0,1,1,0,0,0,1,0,1,0,0,0,0,0,0,0,0,0,0,1,0,0,1,0,0,0,0,0,1,0,0,0,0,1,1,0,0,0,0,0,0,1,0,1,1,0,0,0,0,1,0,1,1,0,1,1,0,0,0,0,0,1,1,1,0,0,1,1,0,0,1,0,1,1,0,1,0,0,0,0,0,0,0,0,0,0,0,0,1,1,1,1,1,0,0,0,1,0,1,0,0,0,0,0,1,0,1,0,0,0,0,1,1,0,0,1,0
retinol,C20H30O,286.5,CC1=C(C(CCC1)(C)C)C=CC(=CC=CC(=CCO)C)C,5.7,20.2,496,1,1,5,21,0,286.229665576,286.45900000000006,5.510300000000006,20.23,1,1,5,1,0,0,0,1,1,1,0,0,0,1,0,1,0,0,0,0,0,0,0,0,0,0,0,0,0,0,0,0,0,0,0,1,1,0,1,0,1,1,1,0,1,1,0,0,0,1,1,0,0,1,0,0,0,0,0,1,1,0,1,1,0,1,0,0,1,0,0,0,1,0,1,0,0,0,0,1,0,0,0,1,0,1,0,0,0,0,0,0,0,0,0,1,0,0,0,1,1,0,0,0,0,1,0,0,0,0,0,1,0,0,0,0,1,0,0,0,0,1,0,0,0,0,1,1,0,0,0,0,0
thiosulfate,HO3S2-,113.14,OS(=O)(=S)[O-],0.3,101.0,95,1,4,0,5,-1,112.93671124,113.13899999999998,-0.6638999999999999,60.36,1,3,0,0,0,0,0,0,0,0,0,0,0,0,0,1,0,0,0,0,0,0,0,0,0,0,0,0,0,0,0,0,0,0,1,0,0,0,0,0,0,0,0,0,1,0,0,0,0,0,0,0,1,0,0,0,0,0,0,0,0,0,0,0,0,0,0,0,0,0,0,0,0,1,0,0,0,0,0,0,1,0,0,0,0,1,0,0,0,0,0,0,0,0,0,0,0,0,0,1,0,0,1,0,0,0,0,0,0,0,0,0,0,0,0,0,0,0,0,0,0,0,0,0,0,0,0,0,0,0,0,0,0
tetrahydrobiopterin,C9H15N5O3,241.25,CC(C(C1CNC2=C(N1)C(=O)NC(=N2)N)O)O,-1.9,132.0,405,6,6,2,17,0,241.11748936,241.25100000000003,-1.7001999999999988,136.29,6,7,2,2,1,0,1,0,0,0,0,0,0,0,0,1,0,0,1,0,0,1,0,0,1,0,1,0,0,0,0,0,1,1,1,1,0,0,1,0,0,0,0,0,1,0,1,0,0,0,1,0,0,0,1,0,0,0,0,1,0,0,1,1,0,0,0,0,1,0,0,0,0,0,0,0,0,0,0,1,0,0,0,1,0,0,1,0,0,0,1,1,0,0,0,1,0,0,0,0,0,1,0,0,1,1,0,0,0,0,0,0,0,1,0,1,0,1,0,0,0,0,0,0,0,0,1,1,1,1,0,0,0
thiamine,C12H17N4OS+,265.36,CC1=C(SC=[N+]1CC2=CN=C(N=C2N)C)CCO,1.0,104.0,268,2,5,4,18,1,265.11230735,265.36199999999997,0.60774,75.91,2,5,4,2,2,0,0,0,1,0,0,0,0,0,0,0,0,0,0,0,0,0,0,0,1,0,0,0,0,0,0,1,0,1,1,0,1,0,1,0,1,0,0,0,1,0,0,0,0,1,0,0,0,1,1,0,1,0,0,0,0,0,0,1,0,0,0,0,1,0,0,0,0,1,1,0,0,1,1,0,0,0,0,0,1,1,1,0,0,0,1,1,0,0,1,0,1,0,0,1,0,0,0,0,1,1,0,1,0,0,0,0,0,1,1,0,1,0,0,0,0,0,0,0,0,0,0,1,0,0,0,0,1
thymidine,C10H14N2O5,242.23,CC1=CN(C(=O)NC1=O)C2CC(C(O2)CO)O,-1.2,99.1,381,3,5,2,17,0,242.09027155,242.231,-1.5142799999999992,104.55000000000001,3,5,2,2,1,1,1,0,0,1,0,0,0,0,0,1,0,1,0,0,0,1,0,0,0,0,0,0,0,1,0,0,1,0,0,1,0,0,1,0,0,0,0,0,1,0,0,0,0,0,0,0,0,0,0,0,0,0,0,0,1,0,0,1,0,0,1,0,0,0,1,0,0,0,0,0,0,0,0,0,0,0,0,0,0,1,1,0,0,0,0,0,0,0,1,1,0,0,1,1,0,0,0,1,0,1,0,0,0,1,1,0,0,1,0,1,1,1,0,0,0,0,0,1,0,0,1,0,1,0,0,0,0
methamphetamine,C10H15N,149.23,CC(CC1=CC=CC=C1)NC,2.1,12.0,95,1,1,3,11,0,149.120449483,149.23699999999997,1.837,12.03,1,1,3,1,1,1,1,0,0,0,1,0,0,0,0,0,0,0,0,0,0,0,0,0,0,0,0,1,0,0,0,0,1,0,0,0,0,0,1,0,0,0,0,0,0,0,0,1,0,0,0,0,1,0,1,0,0,0,0,0,0,0,0,0,0,0,0,0,0,1,0,0,0,0,0,0,0,0,0,0,0,0,0,0,1,1,1,0,0,0,0,1,0,0,1,1,0,0,0,0,0,0,0,1,0,1,0,0,0,0,0,0,0,0,0,0,1,0,0,0,1,0,0,0,0,0,0,0,0,0,0,0,0
naproxen,C14H14O3,230.26,CC(C1=CC2=C(C=C1)C=C(C=C2)OC)C(=O)O,3.3,46.5,277,1,3,3,17,0,230.094294304,230.26299999999998,3.036500000000001,46.53,1,2,3,2,2,1,1,0,0,1,1,0,0,0,0,1,0,0,1,0,0,0,0,0,0,0,0,0,0,0,1,0,1,0,0,0,0,0,1,0,0,0,0,0,1,0,0,0,0,0,0,0,0,0,0,0,0,1,0,0,1,0,0,0,0,0,1,0,1,0,0,1,1,0,0,0,0,0,1,0,1,0,0,1,0,0,1,0,0,0,1,1,0,0,0,0,0,0,0,0,0,0,0,0,0,1,1,0,0,0,1,0,1,0,0,0,0,0,0,1,0,0,0,0,0,0,0,0,0,0,1,0,0
cladribine,C10H12ClN5O3,285.69,C1C(C(OC1N2C=NC3=C(N=C(N=C32)Cl)N)CO)O,0.8,119.0,338,3,7,2,19,0,285.062867,285.691,-0.2974000000000001,119.31,3,7,2,3,2,1,1,0,0,1,0,0,0,0,1,0,0,1,0,0,0,1,0,0,1,0,0,0,0,0,0,0,1,0,0,1,0,1,0,1,0,1,1,0,1,0,0,0,0,1,0,0,0,0,1,0,1,0,0,0,1,0,1,0,0,1,0,0,1,0,1,1,0,0,0,0,1,0,0,0,0,0,0,0,0,1,1,0,0,0,0,0,0,0,1,0,0,0,0,1,0,0,0,1,0,1,0,0,0,0,1,0,0,1,0,0,0,1,0,0,0,1,0,0,0,0,0,1,1,0,0,0,0
doxorubicin,C27H29NO11,543.5,CC1C(C(CC(O1)OC2CC(CC3=C2C(=C4C(=C3O)C(=O)C5=C(C4=O)C(=CC=C5)OC)O)(C(=O)CO)O)N)O,1.3,206.0,977,6,12,5,39,0,543.17406074,543.5250000000003,0.0012999999999995793,206.07,6,12,5,5,2,1,1,1,0,0,0,0,0,0,0,1,1,1,0,0,1,1,0,0,1,0,0,0,1,0,0,0,0,0,1,1,0,0,1,1,0,1,0,1,1,1,0,1,0,1,0,1,1,1,0,1,0,1,0,0,1,0,1,1,0,0,1,0,0,1,0,1,0,1,0,1,0,0,1,1,1,1,1,0,1,1,1,1,1,0,0,1,0,1,0,0,0,1,0,1,0,1,0,1,0,1,1,0,0,0,1,0,0,0,0,0,1,1,0,0,0,1,0,0,0,0,1,0,1,0,1,0,0
4-AP,C5H6N2,94.11,C1=CN=CC=C1N,0.3,38.9,48,1,2,0,7,0,94.0530982,94.117,0.6638000000000001,38.91,1,2,0,1,1,0,0,0,0,0,0,0,0,0,0,0,0,1,0,0,0,0,0,0,1,0,0,0,0,0,0,0,0,0,0,0,0,0,0,0,0,0,0,0,0,0,0,0,0,0,0,0,0,0,1,0,0,0,0,0,1,1,0,0,0,0,0,0,0,0,0,0,1,0,0,0,0,0,0,1,0,0,0,0,0,0,1,0,0,0,0,1,0,0,0,0,0,0,0,0,0,0,0,0,0,1,0,0,0,0,0,0,0,0,0,0,0,0,0,0,0,0,0,0,0,1,0,1,0,0,0,0,1
phenytoin,C15H12N2O2,252.27,C1=CC=C(C=C1)C2(C(=O)NC(=O)N2)C3=CC=CC=C3,2.5,58.2,350,2,2,2,19,0,252.08987763,252.273,1.7696,58.2,2,2,2,3,2,0,0,1,0,1,1,0,0,0,0,1,1,0,0,0,0,0,0,0,0,0,0,0,0,0,0,0,0,0,0,0,0,0,0,0,0,1,0,1,0,0,0,0,0,1,0,0,1,0,0,0,0,0,0,1,0,0,0,1,0,0,0,0,0,1,0,0,0,0,0,0,0,0,1,0,0,1,0,0,0,0,1,0,0,0,0,1,0,0,0,1,0,1,0,0,0,0,0,0,0,1,0,0,0,0,0,0,0,0,0,0,0,0,0,1,1,1,0,0,0,0,0,0,0,0,0,0,0
methazolamide,C5H8N4O3S2,236.3,CC(=O)N=C1N(N=C(S1)S(=O)(=O)N)C,0.1,139.0,419,1,6,1,14,0,236.00378248,236.278,-1.4237999999999997,107.40999999999998,1,5,1,1,1,0,0,0,0,0,0,0,0,0,0,1,0,0,0,0,0,0,0,0,1,0,0,0,0,0,0,0,0,0,1,1,0,0,1,1,1,1,0,1,1,1,0,0,0,0,0,0,0,0,0,0,0,0,0,0,0,0,0,1,0,0,0,0,1,0,1,0,0,1,0,0,1,0,0,0,0,0,0,0,0,0,1,0,0,0,1,0,0,0,0,0,0,0,0,1,0,0,0,0,0,1,1,0,0,0,0,0,0,0,0,1,0,0,0,0,1,0,0,1,0,0,1,1,0,1,1,0,0
5-azacytidine,C8H12N4O5,244.2,C1=NC(=NC(=O)N1C2C(C(C(O2)CO)O)O)N,-2.2,141.0,384,4,5,2,17,0,244.0807695,244.207,-3.167999999999999,143.72000000000003,4,8,2,2,1,0,1,0,0,0,0,0,0,0,0,1,0,0,0,0,0,1,0,0,1,0,0,0,0,1,1,0,0,0,0,0,0,0,0,0,0,1,0,0,1,0,0,0,0,1,0,0,0,0,1,0,0,1,0,0,0,0,0,1,0,0,0,0,1,0,1,1,0,0,0,1,0,0,0,0,1,0,0,0,1,1,1,1,0,0,0,0,0,0,0,0,0,0,0,1,1,0,0,1,0,1,0,1,0,0,1,0,0,1,0,0,0,1,0,0,0,0,0,0,0,1,0,1,1,0,0,0,0
methylprednisolone,C22H30O5,374.5,CC1CC2C3CCC(C3(CC(C2C4(C1=CC(=O)C=C4)C)O)C)(C(=O)CO)O,1.9,94.8,754,3,5,2,27,0,374.20932405,374.47700000000015,1.8036000000000003,94.83,3,5,2,4,0,1,0,1,0,0,0,0,1,0,0,1,0,1,1,0,1,0,1,1,1,0,0,0,0,1,0,0,1,1,1,1,0,0,1,0,1,1,0,0,1,0,0,1,0,0,1,0,0,0,0,0,0,0,0,0,0,0,0,1,1,0,0,0,0,0,0,1,0,1,0,0,1,0,0,0,1,1,1,0,0,1,1,0,0,1,0,0,0,0,0,0,0,0,0,1,0,0,0,1,0,1,1,0,0,0,1,0,0,0,0,1,0,1,1,0,0,0,0,0,0,0,0,1,1,0,1,0,0
abacavir,C14H18N6O,286.33,C1CC1NC2=C3C(=NC(=N2)N)N(C=N3)C4CC(C=C4)CO,0.9,102.0,414,3,6,4,21,0,286.15420922,286.33900000000006,1.0922999999999998,101.88,3,6,4,4,2,1,0,0,1,0,1,0,0,1,1,0,0,1,0,0,1,0,0,0,1,1,0,1,0,0,1,1,0,1,0,1,0,1,1,0,0,1,0,0,1,0,0,0,0,1,1,0,0,0,1,0,1,0,1,0,0,0,0,0,1,1,0,0,1,0,1,1,0,1,0,0,1,0,1,0,0,0,0,0,0,1,1,0,0,0,0,0,0,1,0,0,0,0,0,1,0,0,0,1,0,1,0,0,0,0,0,0,0,1,0,1,0,0,0,0,0,0,1,0,1,0,0,1,1,0,0,0,0
amphotericin,C47H73NO17,924.1,CC1C=CC=CC=CC=CC=CC=CC=CC(CC2C(C(CC(O2)(CC(CC(C(CCC(CC(CC(=O)OC(C(C1O)C)C)O)O)O)O)O)O)O)C(=O)O)OC3C(C(C(C(O3)C)O)N)O,0.0,320.0,1670,12,18,3,65,0,923.48784986,924.091000000001,0.7117000000000056,319.60999999999996,12,17,3,3,0,0,1,1,0,0,1,0,0,0,0,1,0,1,0,0,0,1,0,0,1,0,1,0,1,1,0,1,1,0,1,1,0,0,1,1,1,1,1,1,1,1,1,0,1,1,1,1,0,1,0,0,0,0,0,1,1,0,0,1,1,1,0,0,1,1,0,0,1,0,0,0,0,0,1,1,0,0,1,1,1,1,1,1,0,0,0,0,0,0,0,0,0,0,1,1,0,1,0,0,0,1,1,0,1,0,1,0,0,0,0,1,1,0,0,1,0,1,0,0,0,0,0,0,1,0,1,0,0
acebutolol,C18H28N2O4,336.4,CCCC(=O)NC1=CC(=C(C=C1)OCC(CNC(C)C)O)C(=O)C,1.7,87.7,400,3,5,10,24,0,336.20490738,336.4320000000001,2.3655,87.66,3,5,10,1,1,1,1,0,1,1,1,0,0,0,0,1,0,0,0,1,0,0,0,1,0,0,0,0,0,1,0,1,1,1,0,0,0,0,1,0,0,0,0,1,1,0,1,0,0,1,0,1,0,0,0,1,0,0,0,0,1,1,0,1,0,1,0,0,1,0,0,0,0,0,0,0,1,0,1,0,1,0,1,1,0,1,1,0,0,0,0,1,0,0,0,0,0,0,0,1,0,0,0,0,1,1,0,1,0,0,0,0,1,0,0,1,0,0,0,0,0,1,0,1,0,0,1,0,0,0,1,0,0
acetaminophen,C8H9NO2,151.16,CC(=O)NC1=CC=C(C=C1)O,0.5,49.3,139,2,2,1,11,0,151.06332853,151.165,1.3505999999999998,49.33,2,2,1,1,1,1,0,0,0,0,0,0,0,0,0,1,0,0,0,0,0,0,0,1,0,0,0,0,0,1,0,0,0,0,0,0,0,0,1,0,0,0,0,0,1,0,0,0,0,0,0,0,0,0,0,0,0,0,1,0,0,0,0,0,0,0,0,0,1,0,0,1,0,0,0,0,0,0,0,0,1,0,0,0,0,0,1,0,0,0,0,1,0,0,0,0,0,0,0,0,0,0,0,0,0,1,0,0,0,0,1,0,0,0,0,0,0,0,0,1,0,0,1,0,0,0,1,0,0,0,1,0,0
acetazolamide,C4H6N4O3S2,222.3,CC(=O)NC1=NN=C(S1)S(=O)(=O)N,-0.3,152.0,297,2,7,2,13,0,221.98813241,222.251,-0.8561000000000003,115.04,2,6,2,1,1,1,1,0,0,0,0,0,0,0,0,1,0,1,0,0,0,0,0,0,1,0,0,0,0,1,0,0,0,0,0,0,0,1,1,1,1,0,0,0,1,0,0,0,1,0,0,0,0,0,0,0,0,0,0,0,0,0,0,0,0,0,0,0,0,0,1,0,0,1,0,0,1,0,0,0,0,0,0,0,0,1,1,0,0,0,0,0,0,0,0,0,0,0,0,1,0,0,0,0,0,1,1,0,0,0,0,0,0,0,0,0,0,0,0,0,1,0,1,0,0,0,1,1,0,0,1,0,0
methacholine,C8H18NO2+,160.23,CC(C[N+](C)(C)C)OC(=O)C,0.6,26.3,138,0,2,4,11,1,160.133753817,160.23699999999997,0.6442000000000001,26.3,0,2,3,0,0,0,1,0,0,0,0,0,0,0,1,1,1,0,0,0,0,0,0,0,0,0,0,0,0,0,0,0,1,0,0,1,0,1,1,0,0,0,0,0,1,0,0,0,0,0,0,0,0,0,0,0,0,0,0,0,1,0,0,0,0,0,0,0,1,0,0,0,1,0,1,1,0,0,0,0,0,0,0,0,0,1,0,0,0,1,0,0,0,0,0,0,0,0,0,0,0,0,0,0,0,0,0,0,0,0,0,0,0,0,0,1,0,0,0,1,0,1,0,0,0,0,1,0,0,0,1,0,0
actinomycin,C62H86N12O16,1255.4,CC1C(C(=O)NC(C(=O)N2CCCC2C(=O)N(CC(=O)N(C(C(=O)O1)C(C)C)C)C)C(C)C)NC(=O)C3=C4C(=C(C=C3)C)OC5=C(C(=O)C(=C(C5=N4)C(=O)NC6C(OC(=O)C(N(C(=O)CN(C(=O)C7CCCN7C(=O)C(NC6=O)C(C)C)C)C)C(C)C)C)N)C,3.8,356.0,3030,5,18,8,90,0,1254.6284747,1255.4379999999985,0.7256400000000024,359.9799999999999,5,18,8,7,1,1,1,0,1,1,1,0,0,0,0,1,1,1,1,1,0,1,0,0,1,0,0,0,0,0,0,1,1,0,1,1,1,1,1,0,1,0,0,1,1,1,0,0,0,1,1,1,0,0,1,1,0,0,0,0,0,0,0,1,0,1,0,1,1,0,0,0,1,1,0,0,1,1,0,1,1,0,0,1,1,0,1,1,1,0,0,1,1,0,0,1,0,0,1,0,0,0,0,1,0,1,0,1,1,0,1,0,0,1,0,1,1,0,0,1,1,0,0,0,0,1,1,1,1,1,1,1,0
spectinomycin,C14H24N2O7,332.35,CC1CC(=O)C2(C(O1)OC3C(C(C(C(C3O2)NC)O)NC)O)O,-3.1,130.0,478,5,9,2,23,0,332.15835111,332.353,-2.9255999999999966,129.51000000000002,5,9,2,3,0,1,1,1,0,1,0,0,0,0,0,1,0,0,0,0,0,1,0,0,0,0,0,1,0,0,1,0,0,1,1,1,0,0,1,0,1,1,0,1,1,0,0,0,0,0,0,1,0,0,0,0,1,0,0,0,1,0,0,1,0,0,0,0,1,0,1,0,0,0,0,0,0,0,0,1,0,0,0,1,1,0,0,0,0,0,1,0,1,0,0,0,0,0,1,0,0,0,0,0,0,1,0,0,1,0,1,0,0,0,1,0,1,0,0,0,0,1,0,0,0,0,0,0,1,0,0,0,0
acyclovir,C8H11N5O3,225.2,C1=NC2=C(N1COCCO)N=C(NC2=O)N,-1.9,115.0,308,3,5,4,16,0,225.08618923,225.208,-1.3317999999999997,119.05,3,6,4,2,2,1,0,0,0,0,0,1,0,0,0,1,0,0,1,0,0,0,0,0,1,0,0,1,0,0,0,0,0,0,0,0,0,1,0,0,0,1,0,0,1,0,0,0,0,1,1,0,1,0,1,0,0,0,0,0,1,1,1,1,0,1,1,0,1,0,0,0,0,0,0,0,1,1,0,0,0,0,0,1,0,1,1,0,0,1,0,0,0,0,1,1,0,0,0,1,1,0,0,0,0,1,0,0,0,0,0,0,0,0,0,1,0,0,0,0,0,0,0,0,0,0,1,1,0,1,0,0,0
albendazole,C12H15N3O2S,265.33,CCCSC1=CC2=C(C=C1)N=C(N2)NC(=O)OC,2.9,92.3,290,2,4,5,18,0,265.0884979,265.338,3.2433000000000005,67.01,2,4,4,2,2,1,0,0,0,0,0,0,0,0,1,1,0,0,1,0,0,1,0,0,0,0,0,1,1,1,0,1,0,0,0,1,0,0,1,0,0,0,0,1,1,0,0,1,1,0,0,0,0,0,0,0,0,0,0,0,1,0,0,0,0,0,0,0,1,0,1,0,0,0,0,0,0,0,1,0,0,0,0,1,0,1,1,0,0,0,1,1,1,0,0,1,0,0,0,1,0,0,0,0,0,1,0,0,1,0,0,0,1,0,0,0,0,0,0,0,1,1,1,0,1,0,0,1,0,0,1,0,1
salbutamol,C13H21NO3,239.31,CC(C)(C)NCC(C1=CC(=C(C=C1)O)CO)O,0.3,72.7,227,4,4,5,17,0,239.15214353,239.315,1.3059999999999998,72.72,4,4,4,1,1,1,1,0,0,0,0,0,0,1,0,0,0,0,1,0,0,0,0,0,0,0,0,0,0,0,0,1,0,0,0,0,0,0,1,0,0,1,1,0,1,0,0,1,0,0,0,0,0,0,0,0,0,0,0,0,0,0,0,0,0,0,1,0,0,0,1,1,1,0,1,0,1,0,0,0,1,0,0,0,0,1,1,1,0,0,1,1,0,0,1,0,1,0,0,1,0,0,0,0,1,1,0,0,0,0,0,0,1,0,0,0,0,0,0,1,0,0,0,0,0,1,0,0,0,0,0,0,0
Almeta,C28H37ClO7,521.0,CCC(=O)OCC(=O)C1(C(CC2C1(CC(C3C2C(CC4=CC(=O)C=CC34C)Cl)O)C)C)OC(=O)CC,3.2,107.0,1030,1,7,8,36,0,520.2227812,521.0500000000003,3.942700000000003,106.97,1,7,6,4,0,0,1,1,0,0,0,0,1,1,0,1,0,1,0,0,0,0,0,1,1,1,0,1,0,0,0,0,0,1,1,1,0,0,1,0,1,1,0,1,1,1,0,0,0,0,0,1,1,0,0,1,0,0,1,0,1,0,0,1,0,0,0,0,0,0,0,1,0,0,0,0,1,0,0,0,1,0,1,1,0,1,1,0,0,1,0,1,0,0,0,0,0,0,0,0,1,0,0,1,1,1,1,0,1,0,1,1,0,0,0,0,0,1,1,0,0,0,0,0,0,1,0,1,1,0,1,0,1
alendronate,C4H13NO7P2,249.1,C(CC(O)(P(=O)(O)O)P(=O)(O)O)CN,-6.5,161.0,257,6,8,5,14,0,249.01672575,249.09599999999998,-1.2732000000000003,161.31000000000003,6,4,5,0,0,0,0,0,0,0,0,0,0,0,0,1,0,0,0,0,0,0,0,0,1,0,0,1,0,0,0,0,0,1,0,0,0,1,0,0,0,0,0,0,1,0,0,0,0,0,0,1,0,1,0,0,0,0,0,0,0,0,0,0,0,0,0,0,0,1,0,0,0,0,0,0,0,0,0,0,0,0,0,0,0,1,0,0,0,0,1,0,0,0,0,0,0,1,0,0,0,0,0,0,0,0,0,1,0,0,0,1,0,0,1,0,0,0,0,1,0,1,0,0,1,0,1,0,0,0,0,0,0
alfuzosin,C19H27N5O4,389.4,CN(CCCNC(=O)C1CCCO1)C2=NC3=CC(=C(C=C3C(=N2)N)OC)OC,1.7,112.0,511,2,8,8,28,0,389.20630436,389.45600000000013,1.3507000000000002,111.83000000000001,2,8,8,3,2,1,0,0,0,1,0,0,0,0,0,1,1,1,0,0,0,1,0,0,1,0,0,0,0,0,0,0,1,0,1,1,1,0,1,1,0,0,0,0,1,0,0,0,0,0,1,0,0,0,1,1,1,0,0,1,1,0,0,0,0,1,0,0,1,0,1,1,0,0,1,0,0,0,1,0,0,0,1,0,0,1,1,1,0,1,1,0,0,0,1,0,0,1,1,0,0,0,0,0,0,1,0,0,0,0,1,0,1,0,1,0,0,1,1,0,0,0,0,0,1,0,1,1,1,0,1,0,0
allopurinol,C5H4N4O,136.11,C1=NNC2=C1C(=O)NC=N2,-0.7,70.1,190,2,3,0,10,0,136.03851076,136.11399999999998,-0.35380000000000006,74.43,2,3,0,2,2,1,0,0,0,0,0,0,0,0,0,1,1,0,0,0,0,0,0,0,0,0,0,0,0,0,0,0,0,0,0,0,0,0,0,0,0,0,0,1,0,0,0,0,0,1,0,0,0,0,1,0,0,0,1,0,0,0,0,1,0,0,0,0,0,0,0,1,0,0,0,0,0,0,1,1,0,0,1,0,0,0,1,0,0,0,0,1,0,1,0,1,0,0,0,0,0,1,1,0,0,1,0,0,0,0,0,0,0,0,0,1,0,0,1,0,0,0,0,0,0,0,0,1,0,0,0,0,1
alosetron,C17H18N4O,294.35,CC1=C(N=CN1)CN2CCC3=C(C2=O)C4=CC=CC=C4N3C,1.6,53.9,442,1,2,2,22,0,294.14806121,294.35800000000006,2.4083200000000007,53.92,1,2,2,4,3,0,0,0,1,0,1,1,0,0,0,1,0,0,0,1,0,0,0,0,0,0,0,0,0,1,0,0,0,0,0,1,0,0,1,1,0,0,1,1,1,0,0,0,0,1,1,0,1,0,0,0,0,1,0,0,0,0,0,1,0,0,0,1,0,1,1,1,0,0,1,0,1,1,1,1,0,1,1,0,0,1,1,0,1,0,0,1,0,0,0,1,1,0,1,0,0,0,0,0,0,1,1,1,0,0,1,0,0,0,0,0,1,0,0,0,0,0,0,0,0,0,1,1,1,0,0,1,0
alprazolam,C17H13ClN4,308.8,CC1=NN=C2N1C3=C(C=C(C=C3)Cl)C(=NC2)C4=CC=CC=C4,2.1,43.1,434,0,3,1,22,0,308.0828741,308.772,3.5801200000000017,43.07,0,3,1,4,3,0,0,0,0,0,1,0,1,1,0,0,0,1,0,0,1,0,0,0,1,0,1,0,0,0,0,0,0,0,0,1,0,1,1,0,1,0,1,0,1,1,0,0,0,0,0,1,1,1,1,0,0,0,0,0,0,0,1,1,0,0,0,0,0,1,0,0,0,0,0,1,0,0,1,0,1,0,0,0,0,0,1,0,0,1,0,1,0,1,0,0,0,0,0,0,0,1,0,0,0,1,0,0,1,0,0,0,1,0,0,0,0,1,1,0,0,1,0,0,0,0,0,1,1,0,0,0,0
hexamethylmelamine,C9H18N6,210.28,CN(C)C1=NC(=NC(=N1)N(C)C)N(C)C,2.7,48.4,148,0,6,3,15,0,210.1592946,210.285,0.0696000000000001,48.39000000000001,0,6,3,1,1,0,0,0,0,0,0,0,0,0,0,0,1,0,0,1,0,0,0,0,0,0,0,0,1,0,0,0,0,0,1,0,0,0,1,0,0,1,0,0,0,0,0,0,0,0,0,0,0,0,0,0,0,0,0,0,0,0,0,0,0,0,0,0,1,0,0,0,0,0,0,0,0,0,0,0,0,0,0,0,0,0,0,0,0,0,0,0,0,0,0,0,0,0,0,0,0,0,0,0,0,1,0,0,0,0,0,0,0,0,0,0,0,0,1,0,0,0,0,0,0,0,0,1,0,1,0,0,0
amantadine,C10H17N,151.25,C1C2CC3CC1CC(C2)(C3)N,2.4,26.0,144,1,1,0,11,0,151.136099547,151.253,1.9139000000000002,26.02,1,1,0,4,0,0,0,0,0,0,0,0,0,0,0,0,0,1,0,0,0,0,0,0,1,0,0,0,0,0,0,0,0,0,0,1,0,0,0,0,1,1,0,1,1,0,0,1,0,0,0,0,0,0,0,0,0,0,0,0,0,1,0,0,0,0,0,0,0,0,0,0,0,0,0,0,0,0,0,0,0,0,0,0,0,0,0,0,0,0,0,0,0,0,0,0,0,0,0,0,0,0,0,0,0,0,0,0,0,0,0,0,1,0,0,0,0,0,1,0,0,0,0,1,0,0,0,0,1,0,0,0,0
amcinonide,C28H35FO7,502.6,CC(=O)OCC(=O)C12C(CC3C1(CC(C4(C3CCC5=CC(=O)C=CC54C)F)O)C)OC6(O2)CCCC6,3.6,99.1,1090,1,8,4,36,0,502.23668161,502.57900000000035,3.5238000000000023,99.13000000000001,1,7,3,6,0,0,0,0,0,1,0,1,1,1,1,1,1,1,0,0,0,1,0,1,1,1,0,0,0,0,0,0,0,1,0,1,0,0,1,1,1,1,0,0,1,1,1,1,0,0,1,1,0,0,0,0,0,0,0,1,1,0,0,1,0,0,1,0,1,1,0,1,0,0,0,0,1,0,0,1,0,1,1,1,0,1,1,0,0,1,0,0,0,1,0,0,0,0,0,0,0,1,0,0,0,1,1,1,0,1,1,0,0,1,1,1,0,0,0,0,0,1,0,0,0,1,1,1,1,0,1,0,1
diatrizoate,C11H9I3N2O4,613.91,CC(=O)NC1=C(C(=C(C(=C1I)C(=O)O)I)NC(=O)C)I,1.8,95.5,390,3,4,3,20,0,613.7696,613.9150000000001,3.1154,95.5,3,3,3,1,1,1,0,0,0,0,1,0,0,0,0,1,0,0,0,0,0,0,0,0,0,0,1,0,0,1,0,0,0,0,0,1,0,0,1,0,0,0,0,0,1,0,0,0,0,0,0,0,0,0,0,0,1,0,0,0,0,0,0,0,1,1,0,0,0,0,0,0,0,0,0,0,0,1,0,1,0,0,0,0,0,1,1,0,0,0,1,0,0,0,1,0,0,0,0,0,0,0,0,0,0,1,0,0,0,0,0,0,0,0,0,0,0,0,0,0,0,0,1,0,0,0,1,0,0,0,1,0,0
amifostine,C5H15N2O3PS,214.23,C(CN)CNCCSP(=O)(O)O,-4.5,121.0,152,4,6,7,12,0,214.05410052,214.22699999999998,-0.2492999999999997,95.58,4,4,7,0,0,1,0,0,1,0,0,0,0,0,1,1,0,0,0,0,1,0,0,0,1,0,0,0,0,0,0,0,1,0,0,1,0,0,0,0,0,0,0,0,1,0,0,1,0,0,0,1,0,1,0,0,0,0,0,0,1,0,0,0,0,0,0,0,0,1,0,0,0,0,1,0,0,0,0,0,0,0,0,0,0,1,0,0,0,0,1,0,0,0,0,0,0,0,0,0,0,0,0,0,0,0,0,1,0,1,0,0,0,1,1,0,0,0,0,0,0,1,0,0,1,0,0,0,0,0,0,1,0
amikacin,C22H43N5O13,585.6,C1C(C(C(C(C1NC(=O)C(CCN)O)OC2C(C(C(C(O2)CO)O)N)O)O)OC3C(C(C(C(O3)CN)O)O)O)N,-7.9,332.0,819,13,17,10,40,0,585.28573644,585.6080000000003,-8.424200000000015,331.94,13,17,10,3,0,1,1,0,1,0,0,0,0,0,0,1,0,1,1,0,0,1,0,0,1,0,1,0,0,0,0,0,0,0,0,1,0,0,1,1,1,0,0,0,1,1,0,0,1,0,0,0,1,1,0,0,0,1,1,0,1,0,1,0,0,0,1,0,0,0,0,0,0,0,0,0,0,0,0,0,0,0,0,0,1,1,1,1,0,1,1,0,1,0,0,0,0,0,0,1,0,1,0,1,1,1,1,0,1,1,1,0,0,1,0,0,0,0,0,0,1,1,1,0,0,0,0,0,1,0,1,0,1
aminoglutethimide,C13H16N2O2,232.28,CCC1(CCC(=O)NC1=O)C2=CC=C(C=C2)N,1.2,72.2,321,2,3,2,17,0,232.121177757,232.283,1.3531999999999997,72.19,2,3,2,2,1,0,0,1,0,0,0,0,0,0,0,1,0,1,0,0,0,1,0,0,1,0,0,0,1,0,1,0,0,0,0,1,0,0,1,0,0,1,0,1,1,0,0,0,0,1,0,0,0,0,1,0,0,0,0,0,0,0,0,1,0,0,0,0,0,0,0,0,0,0,1,0,1,0,1,1,0,0,1,0,0,1,1,0,0,0,0,1,0,0,0,1,0,0,0,0,0,0,0,0,0,1,0,0,0,0,0,0,0,0,0,0,0,0,1,0,0,0,0,0,0,1,0,0,1,0,0,0,0
p-aminohippurate,C9H9N2O3-,193.18,C1=CC(=CC=C1C(=O)NCC(=O)[O-])N,-0.2,95.3,217,2,4,2,14,-1,193.06131715,193.18199999999996,-1.2514999999999987,95.25,2,4,3,1,1,1,1,0,0,0,0,0,0,0,1,1,1,1,0,0,0,1,1,0,1,0,0,0,0,0,0,0,1,0,0,0,0,1,1,0,0,0,0,0,1,0,0,0,0,0,0,0,0,0,1,0,0,0,0,0,0,0,0,0,0,0,0,0,0,0,0,0,0,0,1,0,0,0,0,1,1,0,0,0,0,1,1,0,0,0,0,1,0,0,0,0,0,0,0,0,0,0,0,0,0,1,0,1,0,0,1,0,0,0,0,0,0,0,0,0,0,0,0,0,0,1,0,0,0,0,1,0,0
theophylline,C7H8N4O2,180.16,CN1C2=C(C(=O)N(C1=O)C)NC=N2,0.0,69.3,267,1,3,0,13,0,180.06472551,180.167,-1.0397000000000005,72.68,1,3,0,2,2,1,0,0,1,0,0,0,0,0,0,1,0,0,0,0,0,1,0,0,0,0,0,0,0,0,0,0,0,0,0,0,0,1,1,1,0,0,0,1,1,0,0,0,0,1,0,0,0,0,1,0,0,1,0,0,0,0,0,1,0,0,0,0,0,0,0,1,0,0,0,0,0,0,1,0,0,0,0,0,0,0,1,0,0,0,0,0,0,0,0,1,0,1,0,0,0,0,0,0,0,1,0,0,0,0,1,1,0,0,0,0,0,0,0,0,0,0,0,0,1,1,1,1,0,0,0,0,0
amiodarone,C25H29I2NO3,645.3,CCCCC1=C(C2=CC=CC=C2O1)C(=O)C3=CC(=C(C(=C3)I)OCCN(CC)CC)I,7.6,42.7,547,0,4,11,31,0,645.02369,645.3190000000002,6.936200000000007,42.68,0,4,11,3,3,0,0,0,1,0,0,0,0,0,1,1,0,0,1,0,0,1,0,1,0,0,1,0,0,0,0,1,0,0,0,0,1,0,1,0,0,1,1,1,1,0,0,0,1,1,1,0,1,0,0,0,1,0,0,0,1,0,0,0,0,0,1,0,0,1,0,0,0,1,0,1,0,1,0,1,0,1,1,0,1,1,1,0,0,0,0,1,0,1,1,0,1,0,0,0,0,0,0,0,0,1,0,0,0,1,1,0,1,1,0,1,0,1,1,0,0,1,0,0,1,0,0,0,1,0,1,0,0
amisulpride,C17H27N3O4S,369.5,CCN1CCCC1CNC(=O)C2=CC(=C(C=C2OC)N)S(=O)(=O)CC,1.5,110.0,549,2,6,7,25,0,369.17222752,369.48700000000014,1.2851000000000006,101.72999999999999,2,6,7,2,1,1,0,1,0,1,0,0,1,1,0,1,0,1,0,1,0,1,0,0,1,0,0,1,0,0,0,0,1,0,0,1,0,0,1,1,0,1,1,1,1,0,0,0,0,0,1,0,0,0,1,1,0,0,0,0,1,0,0,1,0,0,0,1,0,0,0,0,0,1,1,0,1,1,1,0,0,0,0,0,0,1,1,0,0,0,0,0,1,0,0,0,0,0,0,1,0,0,0,1,0,1,0,1,0,0,0,0,1,0,0,0,0,0,0,0,0,0,0,0,0,0,1,0,1,0,1,0,0
amitriptyline,C20H23N,277.4,CN(C)CCC=C1C2=CC=CC=C2CCC3=CC=CC=C31,5.0,3.2,331,0,1,3,21,0,277.183049738,277.411,4.168600000000003,3.24,0,1,3,3,2,0,1,1,0,0,0,0,0,0,0,0,1,1,0,1,0,0,1,0,0,0,0,0,0,1,0,0,0,0,0,1,1,0,1,0,0,0,0,0,0,0,0,0,0,1,0,0,1,0,0,0,0,0,1,1,0,0,0,0,0,0,0,0,0,1,0,0,0,0,0,0,0,0,0,1,0,0,0,0,0,1,1,0,0,1,0,1,0,1,0,0,0,0,0,1,1,1,0,0,0,1,0,0,0,0,0,0,0,0,1,0,0,0,1,0,0,0,0,1,0,0,0,0,0,0,0,0,0
amlexanox,C16H14N2O4,298.29,CC(C)C1=CC2=C(C=C1)OC3=NC(=C(C=C3C2=O)C(=O)O)N,3.1,103.0,467,2,6,2,22,0,298.09535693,298.298,2.745,106.42,2,5,2,3,3,0,1,0,0,0,1,0,0,0,0,1,0,1,1,0,0,1,0,1,1,0,0,0,1,0,0,0,1,0,0,0,0,0,1,0,0,0,0,0,1,0,0,0,0,0,0,0,0,0,1,1,1,0,0,1,0,0,0,1,0,1,1,0,1,0,0,0,0,1,0,0,1,1,0,0,1,0,1,0,0,1,1,0,0,0,1,1,0,0,1,0,0,0,1,0,0,0,0,0,0,1,1,0,0,0,0,0,1,0,0,0,0,1,0,0,0,0,0,0,0,0,0,1,0,0,1,0,0
amlodipine,C20H25ClN2O5,408.9,CCOC(=O)C1=C(NC(=C(C1C2=CC=CC=C2Cl)C(=O)OC)C)COCCN,3.0,99.9,647,2,7,10,28,0,408.1451996,408.88200000000035,2.2663,99.88,2,7,8,2,1,1,0,0,1,0,0,0,0,1,0,1,0,0,1,0,1,0,1,0,1,0,0,0,0,0,0,0,0,0,0,0,0,0,1,0,1,1,0,1,1,0,1,0,0,0,0,0,1,1,1,0,0,0,0,0,1,1,0,1,0,0,0,0,0,1,0,0,0,0,0,1,0,1,1,0,1,0,0,1,0,1,1,1,0,0,1,1,0,0,0,1,0,0,0,1,0,0,0,0,0,1,1,0,0,0,1,0,0,0,1,1,0,0,0,0,1,1,0,0,1,1,0,0,1,0,1,0,0
amobarbital,C11H18N2O3,226.27,CCC1(C(=O)NC(=O)NC1=O)CCC(C)C,2.1,75.3,303,2,3,4,16,0,226.13174244,226.27599999999995,1.1849999999999998,75.27000000000001,2,3,4,1,0,0,1,0,0,0,0,0,0,0,0,1,0,0,0,0,1,0,0,0,0,0,0,0,0,0,0,0,1,0,0,0,0,0,1,0,0,1,0,1,0,0,0,0,0,0,0,0,0,0,0,0,0,0,0,1,1,1,0,1,0,0,0,0,0,0,0,0,0,1,1,0,1,0,1,0,0,0,0,0,0,1,0,0,0,0,0,0,0,0,0,1,0,0,0,0,0,1,0,0,1,1,0,0,0,0,0,0,0,0,0,0,1,0,0,0,1,0,0,0,1,0,0,0,0,0,0,0,0
amorolfine,C21H35NO,317.5,CCC(C)(C)C1=CC=C(C=C1)CC(C)CN2CC(OC(C2)C)C,5.7,12.5,336,0,2,6,23,0,317.27186474,317.51700000000005,4.662000000000004,12.47,0,2,6,2,1,0,1,1,0,0,0,0,1,1,1,0,0,0,0,0,0,1,0,0,1,0,0,0,0,0,0,0,1,0,1,1,0,0,1,1,0,0,0,1,1,0,0,0,0,0,0,0,0,0,1,0,0,0,0,1,0,0,0,1,0,0,0,0,0,0,0,0,0,0,0,0,0,0,0,0,0,0,0,1,1,1,1,0,1,0,0,1,1,0,1,1,0,1,0,0,0,0,0,0,1,1,0,1,0,0,0,0,0,0,0,0,0,0,0,1,0,0,0,0,0,0,0,0,1,0,1,0,1
amoxapine,C17H16ClN3O,313.8,C1CN(CCN1)C2=NC3=CC=CC=C3OC4=C2C=C(C=C4)Cl,2.6,36.9,424,1,3,1,22,0,313.0981898,313.788,3.4292000000000016,36.86,1,4,0,4,2,0,0,0,0,0,0,0,0,0,0,0,1,1,0,0,0,1,0,1,1,0,0,0,1,0,0,0,0,1,0,1,1,0,0,0,0,1,1,0,1,0,0,0,0,0,0,0,1,1,1,0,0,0,0,0,0,1,0,1,0,0,0,0,0,1,0,0,0,1,0,0,0,1,1,0,1,1,0,0,0,0,1,0,0,0,0,1,0,1,0,1,0,0,0,0,1,1,0,0,1,1,0,0,0,0,0,0,1,1,0,0,0,1,1,0,0,0,0,0,1,0,0,1,0,0,0,0,0
amoxicillin,C16H19N3O5S,365.4,CC1(C(N2C(S1)C(C2=O)NC(=O)C(C3=CC=C(C=C3)O)N)C(=O)O)C,-2.0,158.0,590,4,7,4,25,0,365.10454189,365.4110000000001,0.023699999999999555,132.95999999999998,4,6,4,3,1,1,1,1,1,0,1,0,0,0,0,1,0,0,0,0,0,0,1,1,1,0,0,0,1,0,0,0,0,0,0,0,0,0,1,0,1,1,0,0,1,0,0,0,0,0,0,0,0,0,0,0,0,0,1,0,0,0,1,1,0,0,1,0,0,0,0,1,0,0,1,0,0,0,1,0,0,0,0,0,0,0,1,0,0,0,1,1,0,0,0,0,0,0,0,0,1,0,0,0,1,1,0,0,0,0,1,1,0,0,0,0,0,0,1,1,0,0,0,0,0,0,0,1,1,0,1,1,1
ampicillin,C16H19N3O4S,349.4,CC1(C(N2C(S1)C(C2=O)NC(=O)C(C3=CC=CC=C3)N)C(=O)O)C,-1.1,138.0,562,3,6,4,24,0,349.10962727,349.4120000000001,0.3180999999999994,112.73,3,5,4,3,1,1,1,1,1,0,1,0,0,0,0,1,0,0,0,0,0,0,1,1,1,0,0,0,1,0,0,0,0,0,0,0,0,0,1,0,1,1,0,0,1,0,0,0,0,0,1,0,1,0,0,0,0,0,1,0,0,0,1,1,0,0,1,0,0,1,0,0,0,0,1,0,0,0,1,0,0,0,0,0,0,0,1,0,0,0,1,1,0,0,0,0,0,0,0,0,1,0,0,0,1,1,0,0,0,0,1,1,0,0,0,0,0,0,1,0,0,0,0,0,0,0,0,1,1,0,1,1,1
amprenavir,C25H35N3O6S,505.6,CC(C)CN(CC(C(CC1=CC=CC=C1)NC(=O)OC2CCOC2)O)S(=O)(=O)C3=CC=C(C=C3)N,2.9,140.0,745,3,8,12,35,0,505.22465702,505.63700000000034,2.4028,131.19000000000003,3,7,11,3,2,1,1,0,1,0,1,0,0,0,0,1,1,1,0,0,0,1,0,0,1,0,0,0,0,0,0,1,1,0,0,1,0,1,1,0,1,0,0,1,1,0,0,1,0,0,1,0,1,1,1,1,0,0,0,1,1,0,0,0,0,0,0,0,1,1,0,0,0,1,1,0,0,0,0,0,1,1,0,0,1,1,1,0,0,0,0,1,0,0,1,1,0,0,0,1,0,0,0,0,1,1,0,1,1,0,0,0,1,0,1,1,0,0,1,0,0,0,1,0,1,1,1,0,1,0,1,0,0
amsacrine,C21H19N3O3S,393.5,COC1=C(C=CC(=C1)NS(=O)(=O)C)NC2=C3C=CC=CC3=NC4=CC=CC=C42,4.0,88.7,601,2,6,5,28,0,393.11471265,393.4680000000001,4.511700000000003,80.32,2,5,5,4,4,1,0,0,0,0,1,0,0,0,0,1,0,0,0,0,0,0,0,0,0,1,0,0,0,1,1,0,0,0,0,0,0,0,1,0,0,0,1,1,0,0,0,0,0,0,0,0,1,0,0,1,0,1,0,0,1,0,0,0,0,1,1,0,1,1,1,0,0,1,0,0,0,1,1,0,1,0,1,0,0,0,1,0,0,0,0,1,0,0,0,0,0,0,0,1,0,0,0,0,0,1,0,0,0,1,0,0,1,0,0,0,0,0,0,0,0,0,0,1,0,0,1,1,1,0,1,0,0
anagrelide,C10H7Cl2N3O,256.08,C1C2=C(C=CC(=C2Cl)Cl)N=C3N1CC(=O)N3,1.6,44.7,360,1,2,0,16,0,254.9966172,256.092,1.9263000000000001,44.7,1,3,0,3,1,0,0,0,0,0,0,0,0,0,0,1,0,0,0,0,1,0,0,0,1,0,0,0,1,0,1,1,0,0,0,1,1,0,0,1,0,1,0,0,1,1,0,0,0,0,0,0,0,1,1,0,0,0,0,0,0,1,0,1,0,1,0,0,0,0,0,0,0,0,0,0,0,0,0,0,0,0,0,0,0,1,1,0,0,0,0,1,0,0,0,1,0,0,0,0,0,0,0,0,0,1,0,0,0,0,1,1,0,0,0,1,0,0,0,0,1,0,1,0,0,0,0,1,0,0,0,0,1
anastrozole,C17H19N5,293.4,CC(C)(C#N)C1=CC(=CC(=C1)CN2C=NC=N2)C(C)(C)C#N,2.1,78.3,456,0,4,4,22,0,293.16404563,293.374,2.9287600000000014,78.28999999999999,0,4,4,2,2,1,0,0,0,0,1,0,1,1,1,0,1,0,0,0,0,0,0,0,0,0,0,1,0,0,0,0,0,0,0,0,0,0,1,1,0,1,1,0,1,0,0,0,1,0,0,0,0,0,0,0,0,0,0,1,0,0,0,0,0,0,0,0,0,0,0,0,1,0,1,0,0,0,0,1,0,0,0,0,0,1,1,0,0,0,0,1,0,1,0,1,0,0,0,0,0,0,0,0,0,1,1,0,0,1,1,0,1,0,0,0,0,0,0,1,0,0,0,0,1,0,0,1,0,0,0,0,0
apomorphine,C17H17NO2,267.32,CN1CCC2=C3C1CC4=C(C3=CC=C2)C(=C(C=C4)O)O,2.3,43.7,374,2,3,0,20,0,267.125928785,267.328,2.8499000000000017,43.7,2,3,0,4,2,0,0,0,0,0,0,0,0,0,0,0,1,0,0,0,1,0,0,0,0,0,0,0,0,0,0,0,0,0,0,1,0,1,1,0,0,0,0,0,1,0,0,0,0,1,0,0,0,0,0,0,0,0,0,0,0,1,0,0,0,1,0,0,0,1,0,1,1,0,0,0,1,1,1,1,0,0,0,0,0,0,1,0,1,1,0,1,0,1,0,0,0,0,0,0,0,1,0,0,0,1,0,1,1,0,1,0,0,0,0,0,0,1,0,0,1,0,0,0,0,0,1,0,1,1,0,0,0
apraclonidine,C9H10Cl2N4,245.11,C1CN=C(N1)NC2=C(C=C(C=C2Cl)N)Cl,1.3,62.4,246,3,2,2,15,0,244.0282517,245.11299999999997,1.9466999999999999,62.44,3,4,1,2,1,1,0,0,0,0,0,0,0,0,0,0,0,0,1,0,0,1,0,0,1,0,0,0,0,0,0,0,0,0,0,1,0,1,0,0,0,0,0,0,0,0,1,0,1,0,0,0,0,0,1,0,0,0,0,0,0,0,1,0,1,0,0,0,0,0,0,0,0,1,0,0,0,0,0,1,0,0,0,0,0,0,1,0,0,0,0,0,0,0,1,1,0,0,0,0,0,0,0,0,0,1,0,0,0,1,0,0,1,0,0,1,0,0,1,0,0,0,0,0,0,1,0,1,0,0,1,0,0
argatroban,C23H36N6O5S,508.6,CC1CCN(C(C1)C(=O)O)C(=O)C(CCCN=C(N)N)NS(=O)(=O)C2=CC=CC3=C2NCC(C3)C,1.3,189.0,887,5,8,9,35,0,508.24678944,508.6450000000002,0.702900000000005,180.20999999999998,5,6,9,3,1,1,1,0,0,0,1,1,0,1,0,1,0,1,0,0,1,1,0,0,1,0,1,0,1,1,1,0,0,1,1,1,0,0,1,0,0,0,0,1,1,0,1,0,0,1,1,0,1,0,1,0,0,0,0,0,0,0,1,0,0,0,0,0,0,1,0,0,0,1,0,1,0,1,0,1,0,0,0,0,0,1,1,1,0,1,1,1,0,0,0,1,1,0,0,1,1,1,0,0,1,1,0,0,1,1,1,0,0,1,0,0,0,0,1,1,0,0,1,1,1,0,0,0,1,1,1,0,0
aspirin,C9H8O4,180.16,CC(=O)OC1=CC=CC=C1C(=O)O,1.2,63.6,212,1,4,3,13,0,180.04225873,180.15899999999996,1.3101,63.60000000000001,1,3,2,1,1,0,0,1,0,0,1,0,0,0,0,1,1,0,1,0,0,0,0,0,0,0,0,0,1,0,0,0,0,0,0,0,0,0,1,0,0,0,0,0,1,0,0,0,0,0,0,0,1,0,0,1,0,0,0,0,1,0,0,0,0,1,0,0,0,1,1,0,0,0,0,0,1,1,0,0,0,0,0,0,0,1,1,0,0,0,0,1,0,0,0,0,0,0,0,0,0,0,0,0,0,1,0,0,0,0,0,0,0,0,0,0,1,0,0,0,0,0,0,0,0,0,1,0,0,0,1,0,0
atenolol,C14H22N2O3,266.34,CC(C)NCC(COC1=CC=C(C=C1)CC(=O)N)O,0.2,84.6,263,3,4,8,19,0,266.16304257,266.34099999999995,0.4521,84.58,3,4,8,1,1,1,1,0,0,1,0,0,0,0,0,1,0,1,0,1,0,0,1,1,1,0,0,0,1,0,0,0,1,0,0,0,0,0,1,0,0,0,1,1,1,0,1,0,0,1,0,1,0,0,0,0,0,0,0,1,1,0,0,0,0,0,0,0,0,0,0,1,0,0,1,0,0,0,0,0,0,0,0,1,0,1,1,0,0,0,0,1,0,0,0,1,0,0,0,1,0,0,0,0,1,1,0,1,0,0,0,1,1,0,0,1,0,0,0,0,0,0,0,1,0,0,0,0,0,0,1,0,0
atorvastatin,C33H35FN2O5,558.6,CC(C)C1=C(C(=C(N1CCC(CC(CC(=O)O)O)O)C2=CC=C(C=C2)F)C3=CC=CC=C3)C(=O)NC4=CC=CC=C4,5.0,112.0,822,4,6,12,41,0,558.25300038,558.6500000000002,6.313600000000007,111.79000000000002,4,4,12,4,4,1,1,1,0,0,1,1,0,1,0,1,0,0,0,0,1,0,0,0,0,0,0,0,0,1,0,0,1,0,1,0,0,0,1,1,0,0,1,0,1,1,1,0,0,0,0,0,1,0,0,0,0,0,1,0,0,0,0,1,1,0,0,0,1,1,0,0,0,0,0,0,0,0,1,1,0,0,1,0,0,1,1,0,1,0,0,1,0,0,0,1,0,0,0,0,1,1,0,0,1,1,0,1,1,0,0,0,0,0,1,0,0,1,0,0,0,0,1,1,0,0,1,0,0,0,1,0,0
azathioprine,C9H7N7O2S,277.27,CN1C=NC(=C1SC2=NC=NC3=C2NC=N3)[N+](=O)[O-],0.1,143.0,354,1,7,2,19,0,277.03819367,277.26900000000006,1.1458,115.42000000000002,1,7,3,3,3,0,1,0,0,0,0,0,1,0,0,1,0,0,0,0,0,0,0,1,0,0,0,0,0,0,0,0,0,0,0,0,0,1,1,0,0,1,0,1,1,1,0,0,1,1,0,0,0,0,0,0,1,1,0,0,0,0,0,0,0,0,0,0,0,0,0,1,0,1,0,1,1,0,1,0,1,0,0,0,0,0,1,0,0,0,0,0,0,1,0,1,0,1,1,0,0,0,0,0,0,1,0,0,0,0,1,0,1,0,1,0,0,0,1,0,0,1,0,0,0,0,1,1,1,0,0,0,0
azelaic,C9H16O4,188.22,C(CCCC(=O)O)CCCC(=O)O,1.6,74.6,147,2,4,8,13,0,188.10485899,188.22299999999996,1.8863,74.6,2,2,8,0,0,0,0,0,0,0,1,0,1,0,0,1,0,0,0,0,0,0,0,0,0,0,0,0,0,0,0,0,0,1,0,0,0,0,0,0,0,0,0,0,1,0,0,0,0,0,0,0,0,0,0,0,0,0,0,0,0,0,0,0,0,0,0,0,0,0,0,0,0,0,0,0,0,0,1,0,0,0,0,0,0,1,0,0,0,0,0,1,0,0,0,0,0,0,0,0,0,0,0,0,0,0,0,0,0,0,0,0,0,0,0,0,0,0,0,0,1,0,0,0,1,0,0,0,0,0,1,0,0
azelastine,C22H24ClN3O,381.9,CN1CCCC(CC1)N2C(=O)C3=CC=CC=C3C(=N2)CC4=CC=C(C=C4)Cl,4.4,35.9,558,0,3,3,27,0,381.1607901,381.90700000000015,4.297500000000004,38.13,0,3,3,4,3,1,0,0,0,1,0,0,0,0,0,1,0,0,0,1,0,0,0,0,1,0,0,1,0,0,0,1,0,0,0,1,0,0,1,0,0,1,1,0,1,0,0,0,0,0,1,1,1,1,1,0,0,0,0,1,0,0,0,1,0,0,0,1,0,1,0,1,0,0,0,0,0,1,1,0,0,0,1,0,1,1,1,0,0,1,0,1,1,1,0,1,0,1,0,0,0,0,1,0,1,1,0,0,0,0,1,0,0,0,0,0,0,0,0,0,0,0,1,1,1,1,1,1,1,0,0,0,0
azithromycin,C38H72N2O12,749.0,CCC1C(C(C(N(CC(CC(C(C(C(C(C(=O)O1)C)OC2CC(C(C(O2)C)O)(C)OC)C)OC3C(C(CC(O3)C)N(C)C)O)(C)O)C)C)C)O)(C)O,4.0,180.0,1150,5,14,7,52,0,748.50852574,748.9960000000002,1.9007000000000054,180.07999999999998,5,14,7,3,0,0,1,1,0,1,0,0,0,0,1,1,1,1,1,0,1,1,0,0,1,0,1,1,1,0,0,0,0,0,1,1,0,0,1,0,0,1,0,1,1,0,0,1,1,0,1,1,1,1,0,0,1,0,0,1,1,0,0,1,0,0,1,0,0,1,1,0,0,0,0,0,1,0,1,0,0,0,0,1,1,1,0,1,1,0,0,0,0,1,0,0,0,0,1,0,0,0,1,0,1,1,1,1,1,0,1,0,0,0,0,1,1,0,1,1,1,0,0,1,1,1,1,1,1,1,0,0,0
aztreonam,C13H17N5O8S2,435.4,CC1C(C(=O)N1S(=O)(=O)O)NC(=O)C(=NOC(C)(C)C(=O)O)C2=CSC(=N2)N,0.3,238.0,808,4,12,7,28,0,435.05185486,435.4400000000002,-1.1724999999999979,201.58,4,10,7,2,1,1,0,0,1,0,1,0,0,1,0,1,1,0,1,0,0,0,0,0,1,0,0,1,0,1,0,0,0,0,1,1,1,0,1,0,1,0,0,0,1,1,0,0,0,0,0,0,1,0,1,0,0,0,0,0,1,1,1,1,0,0,0,0,1,0,0,0,1,1,0,0,1,0,0,0,1,0,0,1,0,1,1,0,0,0,1,0,1,0,0,1,0,0,0,1,0,0,1,0,0,1,1,0,0,0,1,0,1,0,0,0,0,1,0,1,0,0,0,0,0,0,0,1,1,0,1,0,0
baclofen,C10H12ClNO2,213.66,C1=CC(=CC=C1C(CC(=O)O)CN)Cl,-1.0,63.3,191,2,3,4,14,0,213.0556563,213.66399999999996,1.8569999999999995,63.31999999999999,2,2,4,1,1,0,1,0,0,0,1,0,0,0,0,1,0,0,0,0,0,0,0,0,1,0,0,0,0,0,0,0,0,0,0,1,0,0,0,0,0,0,0,0,1,0,0,1,0,0,0,1,0,1,1,0,0,0,0,0,0,0,0,0,0,0,1,0,0,0,0,1,0,0,0,0,0,0,1,0,0,0,0,0,0,1,1,0,0,0,1,1,0,1,0,0,0,0,0,0,0,0,0,0,0,1,0,0,0,1,0,0,0,0,0,0,0,1,0,0,0,0,1,0,0,0,0,0,0,0,1,0,0
beclomethasone,C22H29ClO5,408.9,CC1CC2C3CCC4=CC(=O)C=CC4(C3(C(CC2(C1(C(=O)CO)O)C)O)Cl)C,2.2,94.8,805,3,5,2,28,0,408.1703517,408.9220000000001,2.165,94.83000000000001,3,5,2,4,0,1,0,1,0,0,0,0,1,0,0,1,0,1,1,0,0,0,0,0,1,1,0,0,0,0,0,0,0,1,1,1,0,0,1,0,1,1,1,0,1,1,0,1,0,0,1,1,0,0,0,0,0,0,0,1,1,0,0,1,0,0,1,0,0,0,0,1,0,0,0,0,1,0,1,1,0,1,1,0,0,1,1,0,0,1,0,0,0,1,0,0,0,0,0,1,0,0,0,0,0,1,1,0,0,0,1,1,0,0,0,0,0,0,1,0,0,0,1,0,1,1,0,1,1,1,1,0,1
benazepril,C24H28N2O5,424.5,CCOC(=O)C(CCC1=CC=CC=C1)NC2CCC3=CC=CC=C3N(C2=O)CC(=O)O,1.3,95.9,619,2,6,10,31,0,424.199822,424.49700000000024,2.5731,95.94000000000001,2,5,9,3,2,1,1,0,0,0,1,0,0,0,0,1,0,0,0,0,1,0,0,1,1,0,1,1,0,0,0,1,0,0,0,1,0,1,1,0,0,0,0,1,1,0,0,1,0,1,1,0,1,0,1,0,1,0,0,0,1,0,0,1,1,0,1,0,0,1,0,0,0,0,0,0,0,0,1,1,0,1,0,0,0,1,1,0,0,1,0,1,0,0,1,1,1,0,0,0,0,1,1,0,1,1,0,0,0,0,0,0,0,0,0,0,1,0,0,1,0,0,0,0,0,0,1,0,1,0,1,0,0
bendrofluazide,C15H14F3N3O4S2,421.4,C1=CC=C(C=C1)CC2NC3=C(C=C(C(=C3)C(F)(F)F)S(=O)(=O)N)S(=O)(=O)N2,1.2,135.0,740,3,10,3,27,0,421.03778277,421.4220000000001,1.6253999999999997,118.35999999999999,3,5,3,3,2,0,0,0,0,0,1,1,0,1,0,1,0,1,0,0,0,0,0,0,1,0,0,0,0,0,0,0,0,1,0,0,0,0,0,0,1,0,0,0,0,0,1,1,0,0,1,0,1,1,0,0,1,0,0,0,0,0,0,0,0,0,0,1,0,1,1,0,0,1,0,0,1,1,0,1,0,0,1,0,1,1,1,0,1,0,1,1,0,0,0,1,0,0,1,1,1,0,1,0,1,1,0,0,0,0,0,0,1,0,0,0,0,0,1,1,0,0,0,0,0,0,0,0,1,1,0,0,0
benzocaine,C9H11NO2,165.19,CCOC(=O)C1=CC=C(C=C1)N,1.9,52.3,151,1,3,3,12,0,165.078978594,165.19199999999998,1.4455,52.32,1,3,2,1,1,0,0,0,0,0,0,0,0,0,0,1,0,1,0,0,0,1,1,0,1,0,0,0,0,0,0,0,0,0,0,0,0,0,1,0,0,0,0,1,1,0,0,0,0,0,0,0,0,0,1,0,0,0,0,0,1,0,0,1,0,0,0,0,0,0,0,0,0,0,0,0,0,0,0,0,0,0,0,0,0,1,1,0,0,0,0,1,0,0,0,0,0,0,0,1,0,0,0,0,0,1,0,0,0,0,1,0,0,0,0,0,0,0,0,1,0,0,0,0,1,1,0,0,0,0,1,0,0
benzphetamine,C17H21N,239.35,CC(CC1=CC=CC=C1)N(C)CC2=CC=CC=C2,4.1,3.2,214,0,1,5,18,0,239.167399674,239.36199999999997,3.7496000000000027,3.24,0,1,5,2,2,0,1,0,0,0,1,0,0,0,0,0,1,0,1,0,0,0,0,0,0,0,0,0,0,0,0,0,1,0,0,0,0,0,1,0,0,0,0,1,0,0,0,1,0,0,0,1,1,0,0,0,0,0,0,0,0,0,0,0,0,0,0,0,0,1,0,0,0,0,0,0,1,0,0,0,0,0,1,0,1,1,1,0,0,0,0,1,0,0,1,1,0,1,0,0,0,0,0,0,0,1,0,0,0,0,0,0,0,0,0,0,0,0,1,0,0,0,0,0,0,0,0,0,1,0,0,0,0
benztropine,C21H25NO,307.4,CN1C2CCC1CC(C2)OC(C3=CC=CC=C3)C4=CC=CC=C4,4.5,12.5,340,0,2,4,23,0,307.193614421,307.437,4.417800000000004,12.47,0,2,4,4,2,0,1,0,0,0,1,1,0,0,0,0,0,1,0,0,0,0,0,0,0,0,0,0,0,0,0,1,0,0,0,1,0,0,1,0,0,0,0,0,1,0,0,0,0,0,1,0,1,0,1,0,1,0,0,0,1,0,0,0,0,0,0,0,0,1,0,0,0,0,0,1,0,0,0,0,0,0,0,0,0,0,1,1,0,1,1,1,0,0,0,0,0,0,0,0,0,0,1,0,0,1,0,0,0,0,0,0,0,0,0,0,0,0,0,0,0,0,0,1,1,0,1,0,1,1,0,0,0
penicillin,C16H18N2O4S,334.4,CC1(C(N2C(S1)C(C2=O)NC(=O)CC3=CC=CC=C3)C(=O)O)C,1.8,112.0,530,2,5,4,23,0,334.09872823,334.39700000000005,0.8607999999999993,86.71000000000001,2,4,4,3,1,1,0,1,1,0,1,0,0,0,0,1,0,0,0,0,0,0,1,1,0,0,0,0,1,0,0,0,0,0,0,1,0,0,1,0,1,1,0,0,1,0,1,1,0,0,0,0,1,0,0,0,0,0,1,0,0,0,1,1,0,0,1,0,0,1,0,0,0,0,1,0,0,0,0,0,0,0,0,0,0,1,1,0,0,0,0,1,0,0,0,1,0,0,0,0,0,0,0,0,1,1,0,0,0,0,1,1,0,0,0,0,0,0,1,0,0,0,0,0,0,0,0,1,1,0,1,1,1
bepotastine,C21H25ClN2O3,388.9,C1CN(CCC1OC(C2=CC=C(C=C2)Cl)C3=CC=CC=N3)CCCC(=O)O,1.0,62.7,449,1,5,8,27,0,388.1553704,388.8950000000002,4.170200000000002,62.66,1,4,8,3,2,0,1,0,1,0,1,1,1,0,0,1,0,1,1,0,0,0,0,0,1,0,0,0,0,0,0,0,0,1,0,1,0,0,0,0,0,0,0,0,1,0,0,0,0,1,1,1,1,1,1,0,1,0,0,0,1,0,0,0,0,0,1,0,1,1,0,0,0,0,0,0,0,1,1,1,0,0,1,0,0,1,1,0,0,0,1,1,0,1,0,0,0,0,0,0,0,0,1,0,0,1,0,0,0,0,0,0,0,0,1,0,0,1,0,0,0,1,1,0,1,0,1,1,1,0,1,0,1
bepridil,C24H34N2O,366.5,CC(C)COCC(CN(CC1=CC=CC=C1)C2=CC=CC=C2)N3CCCC3,5.3,15.7,382,0,3,10,27,0,366.267113712,366.5490000000002,4.830200000000005,15.71,0,3,10,3,2,0,1,0,0,1,1,0,1,0,1,0,0,0,0,0,0,0,0,0,0,0,0,0,1,1,0,0,1,0,0,1,1,1,1,0,0,0,0,0,1,0,0,1,0,0,0,1,1,0,0,0,0,1,1,0,1,0,0,0,0,0,0,0,0,1,0,0,0,1,0,0,0,1,0,0,0,0,0,1,0,1,1,0,0,0,0,1,0,0,0,1,0,0,0,0,0,0,0,0,0,1,0,0,0,1,0,0,0,0,0,0,0,1,1,0,0,0,0,1,0,0,0,0,1,0,0,1,0
betahistine,C8H12N2,136.19,CNCCC1=CC=CC=N1,0.4,24.9,83,1,2,3,10,0,136.100048391,136.19799999999995,0.8434999999999999,24.92,1,2,3,1,1,1,1,0,1,0,0,0,0,0,0,0,0,0,0,0,0,0,0,0,0,0,0,1,0,0,0,0,1,0,0,0,0,0,1,0,0,0,0,0,0,0,0,0,0,1,0,0,1,0,0,1,0,0,0,0,0,0,0,0,0,0,0,0,0,1,0,0,0,0,0,0,0,0,0,1,1,0,0,1,0,1,1,0,0,1,0,1,0,0,0,0,1,0,0,0,0,0,0,0,0,1,1,0,0,0,0,0,0,0,0,0,0,0,0,0,0,0,0,0,0,0,0,1,0,0,0,0,0
dexamethasone,C22H29FO5,392.5,CC1CC2C3CCC4=CC(=O)C=CC4(C3(C(CC2(C1(C(=O)CO)O)C)O)F)C,1.9,94.8,805,3,6,2,28,0,392.19990218,392.4670000000001,1.8957,94.83000000000001,3,5,2,4,0,1,0,1,0,0,0,0,1,1,0,1,0,1,1,0,0,0,0,1,1,1,0,0,0,0,0,0,0,1,1,1,0,0,1,0,1,1,0,0,1,1,0,1,0,0,1,0,0,0,0,0,0,0,0,1,1,0,0,1,0,0,1,0,0,0,0,0,0,0,0,0,1,0,1,1,0,1,1,0,0,1,1,0,0,1,0,0,0,1,0,0,0,0,0,1,0,0,0,0,0,1,1,0,0,0,1,1,0,1,0,1,0,0,0,0,0,0,1,0,0,1,0,1,1,1,1,0,1
betaxolol,C18H29NO3,307.4,CC(C)NCC(COC1=CC=C(C=C1)CCOCC2CC2)O,2.8,50.7,286,2,4,11,22,0,307.21474379,307.434,2.393400000000001,50.72,2,4,11,2,1,1,1,0,0,1,0,0,1,0,0,0,0,0,1,1,0,0,0,1,0,0,1,0,0,0,0,1,1,0,1,1,0,0,1,0,0,0,1,1,1,0,1,0,0,1,1,1,0,0,0,0,0,0,0,1,1,0,0,0,0,0,0,0,0,0,0,1,0,0,1,0,0,1,0,0,0,0,0,1,0,1,1,0,0,0,0,1,0,0,0,1,1,0,0,1,0,0,0,0,1,1,0,1,1,0,0,0,0,0,0,1,0,1,0,0,0,0,0,1,0,0,0,0,1,0,0,0,0
bethanechol,C7H17N2O2+,161.22,CC(C[N+](C)(C)C)OC(=O)N,0.0,52.3,140,1,2,4,11,1,161.129002789,161.22499999999997,0.17640000000000045,52.32,1,2,3,0,0,0,1,0,0,0,0,0,0,0,1,1,0,1,1,0,0,0,0,0,1,0,0,0,0,0,0,0,1,0,0,1,0,1,1,0,0,0,0,0,1,0,0,0,0,0,0,0,0,0,0,0,0,0,1,0,1,0,0,0,0,0,0,0,1,0,0,0,1,0,1,1,0,0,0,0,0,0,0,0,0,1,0,0,0,1,0,0,0,0,0,0,0,0,0,0,0,0,0,0,0,0,0,0,1,0,0,0,0,0,0,0,0,0,0,0,0,1,0,0,0,0,0,0,0,0,1,0,0
bicalutamide,C18H14F4N2O4S,430.4,CC(CS(=O)(=O)C1=CC=C(C=C1)F)(C(=O)NC2=CC(=C(C=C2)C#N)C(F)(F)F)O,2.3,116.0,750,2,9,5,29,0,430.06104075,430.3790000000001,2.879580000000002,107.26,2,5,5,2,2,1,1,1,0,0,0,1,0,1,0,1,0,0,0,0,0,0,0,1,0,0,0,1,0,1,0,0,1,0,0,0,0,1,1,1,1,0,0,0,1,0,1,0,0,0,1,0,0,0,0,0,0,0,0,0,0,1,0,0,1,0,0,0,1,1,0,1,0,1,0,1,0,0,0,0,1,0,0,0,0,1,1,0,0,0,0,1,0,0,0,1,0,0,0,1,0,0,0,0,0,1,0,0,1,1,1,0,1,0,0,0,0,1,0,1,0,1,1,0,0,0,0,0,1,0,1,0,0
bisacodyl,C22H19NO4,361.4,CC(=O)OC1=CC=C(C=C1)C(C2=CC=C(C=C2)OC(=O)C)C3=CC=CC=N3,3.8,65.5,457,0,5,7,27,0,361.13140809,361.3970000000001,4.112400000000003,65.49000000000001,0,5,5,3,3,0,1,0,1,0,0,0,0,0,0,1,1,0,0,0,0,0,0,0,0,0,0,0,0,0,0,0,0,1,0,0,0,0,1,0,0,0,0,1,1,0,0,0,0,1,0,0,1,0,0,0,0,0,0,0,1,0,0,0,0,0,1,0,0,1,1,1,0,0,1,0,0,0,0,1,0,0,1,1,0,0,1,0,0,0,1,1,0,0,0,0,0,0,0,0,0,0,0,0,0,1,0,0,0,0,0,1,0,0,0,0,1,0,0,0,0,0,1,0,0,0,1,1,0,0,1,0,1
bisoprolol,C18H31NO4,325.4,CC(C)NCC(COC1=CC=C(C=C1)COCCOC(C)C)O,1.9,60.0,278,2,5,12,23,0,325.22530847,325.449,2.3659000000000003,59.95,2,5,12,1,1,1,1,0,0,1,0,0,0,1,0,0,0,0,1,1,0,0,0,1,0,0,0,0,0,0,0,0,1,0,0,0,0,0,1,0,0,0,1,1,1,0,1,0,0,1,0,1,0,0,0,0,0,0,0,1,1,0,0,1,0,1,0,0,0,0,0,1,0,0,0,0,0,1,1,0,1,0,0,1,0,1,1,0,0,0,0,1,0,0,0,1,0,0,0,1,0,0,0,0,1,1,0,1,0,1,1,0,0,0,0,1,0,0,1,0,0,0,0,1,0,1,0,1,0,0,0,0,0
bretylium,C11H17BrN+,243.16,CC[N+](C)(C)CC1=CC=CC=C1Br,2.8,0.0,156,0,0,3,13,1,242.05444,243.16799999999998,3.0454000000000017,0.0,0,0,3,1,1,0,0,0,0,0,0,0,0,0,0,0,0,0,0,0,0,1,0,0,0,0,0,0,0,0,0,0,0,0,0,1,0,0,1,0,0,0,0,1,0,0,0,0,0,0,0,0,1,0,0,0,0,0,1,0,0,0,1,0,0,0,1,0,1,1,1,0,0,0,1,0,0,0,0,0,0,0,1,0,0,1,1,0,0,0,0,1,0,1,0,0,0,0,0,0,1,1,0,0,0,1,0,0,0,0,0,0,0,0,0,0,0,0,0,0,0,1,0,0,0,0,0,0,1,1,0,0,0
brimonidine,C11H10BrN5,292.13,C1CN=C(N1)NC2=C(C3=NC=CN=C3C=C2)Br,0.6,62.2,308,2,3,2,17,0,291.01196,292.14,1.7633999999999996,62.2,2,5,1,3,2,1,0,0,0,0,0,0,0,0,0,1,0,0,0,0,0,1,0,0,1,0,0,0,0,0,0,0,0,0,0,1,0,1,0,0,0,0,0,0,0,0,1,0,0,1,0,0,1,0,1,1,0,0,0,0,0,0,1,0,0,1,0,1,0,1,1,0,0,1,0,0,0,1,1,1,0,0,0,0,0,0,1,0,0,0,0,1,0,1,1,1,0,0,0,0,1,0,0,1,0,1,1,0,0,0,0,0,1,0,0,0,1,0,1,0,0,0,0,0,0,0,0,1,0,0,0,0,0
bromazepam,C14H10BrN3O,316.15,C1C(=O)NC2=C(C=C(C=C2)Br)C(=N1)C3=CC=CC=N3,1.7,54.4,385,1,3,1,19,0,315.00072,316.158,2.6336000000000004,54.35,1,3,1,3,2,0,0,0,1,0,1,0,1,0,0,1,0,0,1,1,0,0,0,0,0,0,0,0,0,0,0,0,0,0,0,1,0,0,1,0,0,1,0,0,1,0,0,0,0,1,1,0,1,0,0,0,0,0,0,0,0,0,0,1,1,0,0,1,0,1,1,0,0,0,0,0,0,0,0,1,0,0,0,0,0,0,1,0,0,1,0,1,0,1,0,1,0,0,0,0,1,1,1,1,0,1,0,0,0,0,0,0,1,0,0,1,0,1,1,0,0,0,1,0,0,0,0,1,0,0,0,1,0
bromhexine,C14H20Br2N2,376.13,CN(CC1=C(C(=CC(=C1)Br)Br)N)C2CCCCC2,4.3,29.3,256,1,2,3,18,0,375.99727,376.1360000000002,4.558300000000004,29.259999999999998,1,2,3,2,1,0,0,1,0,1,0,0,0,0,0,0,1,1,1,0,0,0,0,0,1,0,0,0,0,1,0,0,1,0,0,1,0,0,1,0,0,0,0,0,1,0,1,0,0,0,1,0,0,0,1,0,0,0,0,0,0,0,0,0,0,0,0,0,1,0,1,0,0,0,1,0,0,0,0,0,0,0,0,0,0,1,1,0,0,0,0,1,1,1,0,0,0,0,0,0,1,0,0,0,0,1,0,0,0,0,0,0,1,0,0,0,0,0,1,0,0,0,0,0,0,0,0,1,1,0,0,1,1
bromocriptine,C32H40BrN5O5,654.6,CC(C)CC1C(=O)N2CCCC2C3(N1C(=O)C(O3)(C(C)C)NC(=O)C4CN(C5CC6=C(NC7=CC=CC(=C67)C5=C4)Br)C)O,3.8,118.0,1230,3,6,5,43,0,653.22128,654.6060000000002,3.1928000000000023,118.21000000000002,3,6,5,7,2,1,1,1,0,1,1,0,0,0,0,1,1,1,1,0,1,1,0,0,0,0,0,1,0,0,0,0,1,1,0,1,0,1,1,0,0,1,0,0,1,1,0,0,0,1,1,0,0,0,1,1,0,1,0,1,1,0,1,1,0,0,0,1,0,1,0,1,1,0,0,0,1,1,0,1,0,1,1,1,1,1,1,1,1,0,0,1,0,1,0,1,0,0,1,1,1,1,0,1,1,1,0,1,1,0,1,0,0,0,0,1,0,0,0,0,0,0,0,0,1,0,1,1,1,0,1,0,1
budesonide,C25H34O6,430.5,CCCC1OC2CC3C4CCC5=CC(=O)C=CC5(C4C(CC3(C2(O1)C(=O)CO)C)O)C,2.5,93.1,862,2,6,4,31,0,430.2355388,430.5410000000002,2.716800000000001,93.06,2,6,4,5,0,1,1,0,0,0,1,0,1,0,0,1,0,1,0,0,0,1,0,1,1,1,0,0,0,1,0,1,0,1,0,1,0,0,1,1,1,1,0,1,1,0,0,1,0,0,1,1,0,0,0,0,1,0,0,1,0,0,0,1,0,0,0,0,1,1,0,1,0,0,0,0,1,0,0,1,0,1,1,1,0,1,1,0,0,1,0,0,0,0,0,1,0,0,0,1,1,0,1,0,0,1,1,0,0,0,1,0,0,0,0,1,0,1,1,0,1,0,1,0,0,1,0,1,1,1,1,0,0
bumetanide,C17H20N2O5S,364.4,CCCCNC1=C(C(=CC(=C1)C(=O)O)S(=O)(=O)N)OC2=CC=CC=C2,2.8,127.0,528,3,7,8,25,0,364.10929292,364.42300000000006,3.036500000000001,118.72,3,5,8,2,2,1,0,0,1,0,1,0,0,1,0,1,0,0,0,0,1,0,0,0,1,0,0,0,0,0,0,1,1,0,0,0,0,0,1,1,0,0,0,1,1,0,0,0,0,0,0,0,1,0,0,1,1,1,0,0,1,0,0,0,0,0,0,0,0,1,1,1,0,1,0,0,1,1,0,0,0,0,1,0,1,1,1,0,0,0,0,1,0,0,0,0,0,0,0,1,0,0,0,0,0,1,0,1,0,0,1,0,1,0,0,0,0,0,0,1,1,0,0,0,1,0,0,0,0,0,1,1,1
bupivacaine,C18H28N2O,288.4,CCCCN1CCCCC1C(=O)NC2=C(C=CC=C2C)C,3.4,32.3,321,1,2,5,21,0,288.220163521,288.43500000000006,3.8965400000000026,32.34,1,2,5,2,1,1,0,0,0,1,0,0,0,0,0,1,0,0,0,0,1,0,0,0,1,0,0,0,0,1,0,1,0,1,0,1,0,0,1,0,0,0,0,1,1,1,0,0,0,0,1,0,0,0,1,1,0,1,0,0,0,0,0,1,0,0,0,0,0,1,0,0,0,0,1,0,0,1,0,0,0,0,1,1,1,1,1,0,0,0,0,1,0,0,0,1,0,0,0,1,0,0,0,1,0,1,0,1,0,0,0,0,0,0,0,0,1,0,0,0,0,0,0,0,1,0,1,1,1,0,1,0,0
buprenorphine,C29H41NO4,467.6,CC(C)(C)C(C)(C1CC23CCC1(C4C25CCN(C3CC6=C5C(=C(C=C6)O)O4)CC7CC7)OC)O,5.0,62.2,869,2,5,5,34,0,467.30355879,467.65000000000026,4.413800000000005,62.16000000000001,2,5,4,8,1,0,0,0,0,0,1,0,1,1,1,1,1,1,0,1,1,1,0,1,0,1,1,1,0,0,0,0,0,0,1,1,0,0,1,0,0,1,0,1,1,1,1,0,0,1,1,0,0,0,0,0,0,0,0,0,1,0,0,0,0,1,0,0,0,1,0,1,1,0,0,0,1,1,1,0,0,0,0,0,0,1,1,1,0,1,0,1,0,0,0,0,0,0,0,0,0,1,1,0,0,1,0,1,1,0,0,0,0,0,0,1,0,0,0,1,1,1,1,0,0,1,1,0,1,0,1,1,0
buspirone,C21H31N5O2,385.5,C1CCC2(C1)CC(=O)N(C(=O)C2)CCCCN3CCN(CC3)C4=NC=CC=N4,2.6,69.6,529,0,6,6,28,0,385.24777525,385.5120000000001,2.0881999999999996,69.64000000000001,0,6,6,4,1,0,0,0,0,1,0,0,0,0,0,1,0,0,1,0,0,1,0,0,0,0,0,0,1,0,0,0,0,0,0,1,0,0,0,0,0,1,0,0,1,0,0,0,0,1,0,0,0,0,0,0,0,0,0,0,0,0,1,1,0,0,0,1,0,1,0,0,0,0,0,0,0,1,0,1,0,1,0,0,0,1,1,0,0,0,0,0,0,0,0,0,0,0,0,0,0,0,1,0,0,1,0,1,0,1,0,0,0,0,0,0,0,0,0,0,0,0,1,0,1,0,1,1,0,0,1,0,1
busulfan,C6H14O6S2,246.3,CS(=O)(=O)OCCCCOS(=O)(=O)C,-0.5,104.0,293,0,6,7,14,0,246.02318051,246.30599999999998,-0.2809999999999997,86.74000000000001,0,6,7,0,0,0,0,0,0,0,0,0,0,0,0,1,0,0,1,1,0,0,0,0,0,0,0,0,0,0,0,0,0,0,0,0,0,0,1,0,0,0,0,0,0,0,0,0,0,0,0,0,0,0,0,0,0,1,0,0,1,0,0,0,0,0,0,0,0,0,0,1,0,1,0,0,0,0,0,0,0,0,0,0,0,1,0,0,0,0,0,0,0,0,0,0,1,0,0,1,0,1,1,0,0,0,0,0,0,0,0,0,0,0,0,0,0,0,0,0,0,0,0,0,1,0,0,0,1,0,0,0,0
butabarbital,C10H16N2O3,212.25,CCC(C)C1(C(=O)NC(=O)NC1=O)CC,1.6,75.3,292,2,3,3,15,0,212.11609238,212.24899999999997,0.7948999999999998,75.27000000000001,2,3,3,1,0,0,1,0,0,0,0,0,0,1,0,1,0,0,0,0,0,0,0,0,0,0,0,0,1,1,0,0,1,0,0,0,0,0,1,0,0,1,0,1,0,0,0,0,0,0,0,0,0,0,0,0,0,0,0,1,0,1,0,1,0,0,0,0,0,0,0,0,0,0,0,0,1,0,1,0,0,0,0,0,0,1,0,0,0,0,1,0,0,0,0,1,0,0,0,0,0,0,0,0,0,1,0,0,0,0,0,0,0,0,0,0,0,0,0,0,1,0,1,0,0,0,0,0,0,0,0,0,0
butenafine,C23H27N,317.5,CC(C)(C)C1=CC=C(C=C1)CN(C)CC2=CC=CC3=CC=CC=C32,6.3,3.2,374,0,1,5,24,0,317.214349865,317.476,5.769300000000006,3.24,0,1,4,3,3,0,1,0,0,0,0,1,0,1,1,0,1,0,0,0,1,0,0,0,0,1,0,0,0,0,0,0,0,0,1,0,0,0,1,0,0,0,1,0,0,0,0,0,0,0,0,0,1,0,0,0,0,0,0,1,0,0,0,0,1,0,1,0,1,1,0,0,0,0,1,0,1,0,0,0,0,0,1,0,0,1,1,0,0,1,0,1,0,0,0,1,0,0,0,0,0,0,0,0,0,1,0,0,0,0,0,0,0,0,0,0,0,0,1,1,0,0,0,0,0,0,0,0,1,0,0,0,0
butorphanol,C21H29NO2,327.5,C1CCC2(C3CC4=C(C2(C1)CCN3CC5CCC5)C=C(C=C4)O)O,3.8,43.7,492,2,3,2,24,0,327.219829168,327.46799999999996,3.3656000000000033,43.7,2,3,2,5,1,0,0,1,0,1,0,0,0,0,1,1,0,1,0,0,0,0,0,0,0,0,0,0,0,0,0,0,0,1,1,1,1,0,1,0,0,1,0,0,1,0,1,1,0,1,1,0,1,0,0,0,1,0,0,0,0,0,0,0,0,1,1,0,1,0,0,1,0,0,0,0,0,1,0,0,0,0,0,0,0,1,1,0,0,1,1,1,0,0,0,1,0,0,0,0,0,1,0,0,0,1,0,1,1,0,1,0,1,0,0,0,0,0,0,0,0,0,0,0,0,1,1,0,1,0,1,0,0
cabergoline,C26H37N5O2,451.6,CCNC(=O)N(CCCN(C)C)C(=O)C1CC2C(CC3=CNC4=CC=CC2=C34)N(C1)CC=C,3.4,71.7,713,2,4,8,33,0,451.29472544,451.61500000000024,3.193900000000002,71.67999999999999,2,4,8,4,2,1,0,0,1,0,1,0,0,0,0,1,1,1,1,0,1,1,1,0,0,0,1,0,0,0,1,0,0,1,0,1,1,0,1,0,0,0,0,1,1,0,0,0,0,1,0,0,0,0,1,1,0,0,1,1,0,0,0,1,0,0,0,1,0,1,1,0,0,1,1,0,1,0,0,0,1,1,0,1,0,1,1,0,0,1,0,1,1,1,0,1,0,0,1,0,1,0,1,0,1,1,0,1,1,0,0,0,0,0,1,0,0,1,1,0,1,0,0,0,1,0,1,0,1,0,1,0,0
caffeine,C8H10N4O2,194.19,CN1C=NC2=C1C(=O)N(C(=O)N2C)C,-0.1,58.4,293,0,3,0,14,0,194.08037557,194.194,-1.0293,61.82,0,3,0,2,2,1,1,0,1,0,0,0,0,0,0,1,0,0,0,0,0,1,0,0,0,0,0,0,0,0,0,0,1,0,0,0,0,1,1,0,0,1,0,0,1,0,0,0,0,1,0,0,0,0,0,0,1,1,0,0,0,0,0,1,0,0,0,0,0,0,0,0,0,0,0,0,0,0,0,1,0,0,0,0,1,0,1,0,0,0,0,0,0,0,0,0,0,0,0,0,0,0,0,0,0,1,0,0,0,0,0,1,0,0,1,0,0,0,0,0,0,0,0,0,0,1,1,1,0,0,0,0,0
verapamil,C27H38N2O4,454.6,CC(C)C(CCCN(C)CCC1=CC(=C(C=C1)OC)OC)(C#N)C2=CC(=C(C=C2)OC)OC,3.8,64.0,606,0,6,13,33,0,454.2831577,454.6110000000003,5.093080000000005,63.95,0,6,13,2,2,1,1,0,1,1,0,0,0,0,1,1,1,1,0,0,0,0,0,0,0,0,0,1,0,0,0,0,1,1,0,0,1,0,1,1,0,0,1,0,0,0,0,0,0,1,0,0,0,0,0,1,1,0,0,1,1,0,1,0,0,0,0,0,0,0,0,0,0,0,0,0,0,0,1,0,0,1,0,0,0,1,1,0,0,1,0,1,0,0,0,1,1,0,1,1,0,0,0,0,0,1,0,0,1,1,0,0,1,0,0,0,0,0,1,1,0,0,0,0,1,0,1,1,0,0,0,0,0
calcipotriol,C27H40O3,412.6,CC(C=CC(C1CC1)O)C2CCC3C2(CCCC3=CC=C4CC(CC(C4=C)O)O)C,4.3,60.7,743,3,3,5,30,0,412.29774513,412.61400000000015,5.090600000000007,60.69,3,3,5,4,0,0,1,0,0,1,1,0,0,1,1,1,1,1,1,0,1,0,0,0,0,0,0,0,0,0,1,0,1,0,0,1,0,0,1,0,1,1,1,1,1,0,1,0,0,0,1,0,1,0,1,0,0,0,0,1,0,1,0,1,0,1,0,0,0,0,0,0,0,0,1,0,0,0,0,1,0,0,0,1,0,1,0,1,0,0,0,1,0,1,0,0,0,1,0,1,0,0,0,1,1,1,0,0,1,0,1,0,0,0,0,0,0,0,0,0,1,0,0,1,0,1,0,1,1,0,0,0,0
candesartan,C24H20N6O3,440.5,CCOC1=NC2=CC=CC(=C2N1CC3=CC=C(C=C3)C4=CC=CC=C4C5=NNN=N5)C(=O)O,4.1,119.0,660,2,7,7,33,0,440.15968852,440.46300000000014,4.028600000000003,118.81000000000002,2,6,7,5,5,1,1,0,0,0,1,0,0,1,0,1,0,1,0,0,1,0,0,0,1,0,0,1,1,0,0,1,1,0,0,0,0,1,1,1,0,0,0,1,1,0,0,0,0,1,0,0,1,0,1,0,0,0,0,1,1,0,0,0,0,0,0,0,1,1,0,1,0,0,0,0,1,1,1,1,0,0,1,0,1,1,1,0,0,1,0,1,0,1,0,1,0,0,0,1,0,1,0,0,0,1,1,0,0,0,1,1,0,0,1,0,0,0,0,0,1,0,0,0,0,1,0,1,0,0,1,0,0
capreomycin,C50H88N28O15,1321.4,CC1C(=O)NC(C(=O)NC(=CNC(=O)N)C(=O)NC(C(=O)NCC(C(=O)N1)N)C2CCN=C(N2)N)CNC(=O)CC(CCCN)N.C1CN=C(NC1C2C(=O)NCC(C(=O)NC(C(=O)NC(C(=O)NC(=CNC(=O)N)C(=O)N2)CNC(=O)CC(CCCN)N)CO)N)N,,737.0,2470,27,23,19,93,0,1320.69839421,1321.4350000000006,-15.441999999999888,736.6099999999998,27,27,19,4,0,1,1,0,1,1,0,1,0,0,0,1,0,1,0,0,0,0,0,1,1,0,0,1,0,0,1,1,1,0,1,1,1,0,1,0,0,1,0,1,1,1,1,0,0,0,1,0,1,1,1,0,1,0,1,1,0,1,1,1,1,0,0,1,0,0,0,1,0,1,1,0,0,1,1,1,1,0,0,0,0,1,0,1,0,0,1,1,0,1,0,1,0,0,0,1,0,0,0,0,1,1,1,0,0,0,0,0,0,1,1,1,0,1,1,0,1,0,0,1,1,0,1,1,1,0,1,1,0
capsaicin,C18H27NO3,305.4,CC(C)C=CCCCCC(=O)NCC1=CC(=C(C=C1)O)OC,3.6,58.6,341,2,3,9,22,0,305.19909372,305.41800000000006,3.789600000000002,58.56,2,3,9,1,1,1,1,0,1,0,0,0,1,0,0,1,0,0,0,0,0,1,1,0,0,0,0,0,0,0,0,0,1,1,0,0,0,1,1,1,0,0,1,0,1,0,1,0,0,0,0,0,0,0,0,1,0,0,1,1,1,0,0,0,0,0,0,0,0,0,0,1,1,0,1,0,1,0,1,0,0,1,1,0,0,1,1,0,0,0,1,1,0,1,0,1,0,0,0,0,0,0,0,0,0,1,0,1,0,0,0,0,1,0,0,0,0,0,0,0,1,0,0,0,1,0,1,0,0,0,1,0,1
captopril,C9H15NO3S,217.29,CC(CS)C(=O)N1CCCC1C(=O)O,0.3,58.6,244,2,4,3,14,0,217.07726451,217.28999999999996,0.6279000000000001,57.61,2,3,3,1,0,0,1,0,0,1,1,0,0,1,0,1,0,0,0,0,0,0,0,0,1,0,0,0,1,0,1,0,1,0,0,1,0,0,1,0,0,0,0,0,1,0,0,0,0,0,1,0,1,0,0,0,1,0,0,0,0,0,0,0,0,0,0,1,0,0,1,0,0,0,0,0,0,1,0,0,0,0,0,0,0,1,0,0,0,0,0,0,0,0,0,0,0,0,0,0,0,1,1,1,0,0,1,0,0,1,0,0,0,1,0,0,0,0,0,1,0,0,0,0,0,0,0,0,1,0,1,0,0
carbachol,C6H15ClN2O2,182.65,C[N+](C)(C)CCOC(=O)N.[Cl-],,52.3,117,1,3,4,11,0,182.0822054,182.65099999999998,-3.2080999999999973,52.32,1,2,3,0,0,0,0,0,0,0,0,0,0,0,0,1,0,1,1,0,0,0,1,0,1,0,0,0,0,0,0,0,0,0,0,1,0,0,1,0,0,0,0,0,1,0,0,0,0,1,0,0,0,0,0,0,1,0,0,0,1,0,0,0,0,0,0,0,1,0,0,0,1,0,0,0,0,0,0,1,0,0,0,0,0,1,0,0,0,0,0,0,0,0,0,0,0,0,0,0,0,0,0,0,0,0,0,0,1,0,0,0,0,0,0,0,0,0,0,0,0,1,0,0,0,0,0,0,0,0,1,0,0
carbamazepine,C15H12N2O,236.27,C1=CC=C2C(=C1)C=CC3=CC=CC=C3N2C(=O)N,2.5,46.3,326,1,1,0,18,0,236.094963011,236.27399999999997,3.3872000000000018,46.33,1,1,0,3,2,1,0,0,0,0,0,0,0,0,0,1,0,1,0,0,1,0,0,0,1,0,0,0,0,0,0,0,0,0,0,0,0,1,0,0,1,0,0,0,1,1,0,0,0,0,0,0,1,0,0,0,1,0,0,0,0,0,0,0,0,0,0,0,0,1,0,0,0,0,0,0,0,0,0,0,1,0,1,0,0,0,1,0,0,0,0,1,0,0,0,1,0,0,0,0,0,0,0,0,0,1,0,0,0,0,0,0,0,0,0,0,1,0,0,0,0,0,0,0,0,0,0,0,1,0,1,0,0
carbenicillin,C17H18N2O6S,378.4,CC1(C(N2C(S1)C(C2=O)NC(=O)C(C3=CC=CC=C3)C(=O)O)C(=O)O)C,1.1,149.0,645,3,7,5,26,0,378.08855747,378.4060000000001,0.4864999999999998,124.01,3,5,5,3,1,1,1,1,1,0,1,0,0,0,0,1,0,0,0,0,0,0,1,1,0,0,1,0,1,0,0,0,0,0,0,0,0,0,1,0,1,1,0,0,1,0,0,0,0,0,1,0,1,0,0,0,0,1,1,0,0,0,1,1,0,0,1,0,0,1,0,0,1,0,0,0,0,1,1,0,0,0,0,0,0,0,1,0,0,0,1,1,0,0,0,0,0,0,0,0,0,0,0,0,1,1,0,0,0,0,1,1,0,0,0,0,0,0,1,0,0,0,0,0,0,0,0,1,1,0,1,1,1
carbidopa,C10H14N2O4,226.23,CC(CC1=CC(=C(C=C1)O)O)(C(=O)O)NN,-2.2,116.0,261,5,6,4,16,0,226.09535693,226.232,-0.05309999999999998,115.81,5,5,4,1,1,1,0,0,0,0,1,0,0,1,0,1,0,0,0,0,0,0,0,0,1,0,0,0,0,0,0,1,0,0,0,0,0,0,1,0,0,0,1,0,1,0,0,1,0,0,0,0,0,0,0,0,0,0,0,1,0,0,1,0,1,0,0,1,0,0,1,1,1,0,0,0,1,0,0,0,0,1,1,0,0,1,1,0,0,0,1,1,0,0,0,1,0,0,0,0,0,0,0,0,0,1,0,0,0,0,0,0,1,0,0,0,0,0,1,1,0,0,0,0,0,1,0,0,0,0,1,0,0
carbinoxamine,C16H19ClN2O,290.79,CN(C)CCOC(C1=CC=C(C=C1)Cl)C2=CC=CC=N2,2.9,25.4,267,0,3,6,20,0,290.1185909,290.794,3.4026000000000023,25.36,0,3,6,2,2,0,1,0,1,0,0,0,0,0,0,0,1,1,1,0,0,0,0,1,1,0,0,0,0,0,0,0,0,0,0,0,1,0,1,0,0,0,0,0,0,0,0,1,0,1,0,1,1,1,1,0,1,0,1,0,1,0,0,0,0,1,1,0,1,1,0,0,0,0,0,0,0,0,0,1,0,0,1,0,0,1,1,0,0,0,1,1,0,1,0,0,0,0,0,0,0,0,0,0,0,1,0,0,0,0,0,0,0,0,0,0,0,1,1,0,0,0,1,0,0,0,0,1,0,0,0,0,0
carisoprodol,C12H24N2O4,260.33,CCCC(C)(COC(=O)N)COC(=O)NC(C)C,1.9,90.7,281,2,4,9,18,0,260.17360725,260.334,2.0227,90.65,2,4,7,0,0,1,1,0,0,1,0,0,0,1,1,1,0,1,1,0,0,0,0,0,1,1,0,0,0,0,1,1,1,1,0,0,0,0,1,0,0,0,0,1,1,0,0,0,0,0,0,0,0,0,0,0,1,0,0,0,1,0,0,0,0,0,0,0,0,0,0,0,0,0,0,0,0,0,0,0,0,0,0,0,0,1,0,0,0,0,0,0,0,0,0,0,0,0,0,1,0,0,0,0,0,0,1,0,1,0,0,0,0,0,0,0,1,0,0,1,0,0,1,0,0,0,0,0,0,1,1,0,0
BCNU,C5H9Cl2N3O2,214.05,C(CCl)NC(=O)N(CCCl)N=O,1.5,61.8,156,1,3,4,12,0,213.0071819,214.05199999999996,1.157,61.77,1,3,5,0,0,1,0,0,0,1,0,0,0,0,0,1,0,0,0,0,0,0,1,0,1,0,0,0,0,0,0,0,1,0,0,0,1,1,0,0,0,0,1,0,1,0,0,0,0,0,1,0,1,1,0,0,0,0,0,0,0,0,0,0,1,0,0,0,0,0,1,0,0,0,1,0,0,0,0,0,0,0,0,0,0,1,0,0,1,0,1,0,0,0,1,0,0,0,0,0,0,0,0,0,0,0,0,0,0,0,0,0,0,0,0,0,0,0,1,0,0,0,0,0,0,0,0,0,0,0,1,0,0
carteolol,C16H24N2O3,292.37,CC(C)(C)NCC(COC1=CC=CC2=C1CCC(=O)N2)O,1.0,70.6,354,3,4,6,21,0,292.17869263,292.37899999999996,1.6990999999999998,70.59,3,4,5,2,1,1,1,1,0,0,0,0,0,1,0,1,0,0,0,0,1,0,0,1,0,0,0,1,1,0,0,0,0,0,0,1,0,0,1,0,0,1,0,0,1,0,0,1,0,1,0,1,0,0,0,1,0,0,0,0,1,0,0,1,0,0,0,1,0,1,0,0,0,0,0,0,0,0,1,1,1,0,1,0,0,1,1,0,0,0,0,1,1,0,1,1,1,1,0,1,0,0,0,0,1,1,0,0,0,0,1,0,0,0,0,1,0,0,0,1,0,0,0,1,0,0,0,0,0,0,0,0,0
carvedilol,C24H26N2O4,406.5,COC1=CC=CC=C1OCCNCC(COC2=CC=CC3=C2C4=CC=CC=C4N3)O,4.2,75.7,508,3,5,10,30,0,406.18925731,406.482,3.7380000000000018,75.74,3,5,10,4,4,1,1,1,0,1,0,0,0,0,0,0,0,1,1,0,1,0,0,1,1,0,0,0,0,0,0,0,1,1,0,0,0,0,1,0,1,0,1,0,1,0,0,0,0,1,0,1,1,0,0,1,0,0,0,0,1,0,0,0,0,0,0,0,0,1,0,1,0,0,0,0,0,0,1,0,0,0,1,0,0,1,1,0,0,0,0,1,0,0,0,1,0,0,0,1,0,0,0,0,1,1,0,0,0,0,1,1,0,1,0,1,0,0,1,0,0,0,0,1,1,0,1,0,0,0,0,0,0
cefaclor,C15H14ClN3O4S,367.8,C1C(=C(N2C(S1)C(C2=O)NC(=O)C(C3=CC=CC=C3)N)C(=O)O)Cl,-1.8,138.0,606,3,6,4,24,0,367.0393548,367.8140000000001,0.6212999999999995,112.73,3,5,4,3,1,1,1,1,1,0,1,0,0,0,0,1,0,0,0,0,1,0,0,1,1,0,0,0,1,0,0,0,0,1,0,1,0,0,1,0,1,0,0,0,1,1,0,0,0,0,1,0,1,0,1,0,0,0,0,0,0,0,0,1,0,0,1,0,0,1,0,0,0,0,1,0,0,1,1,0,0,0,0,0,0,0,1,0,0,0,1,1,1,0,0,0,1,0,0,0,1,0,0,0,0,1,0,1,0,0,1,0,0,0,0,0,0,0,1,0,0,0,0,0,0,0,0,0,1,0,1,0,1
cefadroxil,C16H17N3O5S,363.4,CC1=C(N2C(C(C2=O)NC(=O)C(C3=CC=C(C=C3)O)N)SC1)C(=O)O,-2.1,158.0,629,4,7,4,25,0,363.08889182,363.3950000000001,0.15049999999999963,132.95999999999998,4,6,4,3,1,1,1,1,1,0,1,0,0,0,0,1,0,0,0,0,0,0,0,1,1,0,0,0,0,0,0,0,0,0,0,1,0,0,1,0,1,0,0,0,1,1,0,0,0,0,0,0,0,0,0,1,0,0,0,0,0,0,0,1,0,0,1,0,0,0,0,1,0,0,1,0,0,1,1,0,0,0,0,0,0,0,1,0,0,0,1,1,0,0,0,1,1,0,0,0,1,0,0,0,0,1,0,1,0,0,1,0,0,0,0,0,0,0,1,1,0,0,0,0,0,0,0,0,1,0,1,0,1
cefazolin,C14H14N8O4S3,454.5,CC1=NN=C(S1)SCC2=C(N3C(C(C3=O)NC(=O)CN4C=NN=N4)SC2)C(=O)O,-0.4,235.0,740,2,12,7,29,0,454.03001448,454.51900000000023,-0.6360799999999995,156.09,2,11,7,4,2,1,0,1,1,0,1,1,0,0,0,1,0,1,0,0,0,0,0,0,0,0,0,0,0,0,1,0,0,0,1,1,1,1,1,1,1,1,1,1,1,1,1,0,0,0,1,0,0,0,1,0,0,0,0,0,0,0,0,1,0,0,1,0,0,0,0,0,0,0,0,0,0,1,1,1,0,0,0,0,0,1,1,0,0,0,1,1,0,0,1,0,1,0,0,0,0,0,0,0,0,1,0,1,1,1,1,0,1,0,0,0,0,0,1,1,0,1,0,1,1,0,0,1,1,1,1,0,1
cefepime,C19H24N6O5S2,480.6,C[N+]1(CCCC1)CC2=C(N3C(C(C3=O)NC(=O)C(=NOC)C4=CSC(=N4)N)SC2)C(=O)[O-],-0.1,204.0,869,2,10,6,32,0,480.12496023,480.57200000000023,-1.2798999999999958,150.04,2,10,7,4,1,1,0,1,1,1,1,0,1,0,0,1,1,0,1,1,0,0,0,0,1,0,0,1,0,1,1,0,0,0,0,1,1,1,1,0,1,0,0,0,1,1,0,1,0,0,0,0,1,0,1,0,0,0,0,0,1,1,0,1,0,0,0,0,1,0,0,0,1,0,0,0,0,0,1,1,1,0,0,0,0,1,1,0,0,1,1,1,1,0,0,0,1,0,0,1,0,0,0,0,0,1,1,1,0,1,1,0,1,0,0,0,0,1,1,1,1,1,0,0,0,0,0,1,1,0,1,0,1
cefotaxime,C16H17N5O7S2,455.5,CC(=O)OCC1=C(N2C(C(C2=O)NC(=O)C(=NOC)C3=CSC(=N3)N)SC1)C(=O)O,-1.4,227.0,833,3,12,8,30,0,455.05694025,455.4740000000002,-0.6224999999999992,173.51,3,11,7,3,1,1,0,1,1,1,1,0,0,0,0,1,1,0,1,1,0,0,0,0,1,0,0,1,0,1,0,0,0,0,0,1,1,0,1,0,1,0,0,0,1,1,0,0,0,0,0,0,1,0,1,0,0,0,0,0,1,1,0,1,0,0,0,0,1,0,0,0,1,0,0,0,0,1,1,0,0,0,0,1,0,1,1,0,0,0,1,1,1,0,0,0,1,0,0,0,0,0,0,0,0,1,1,1,0,1,1,0,1,0,0,0,0,1,1,1,0,0,0,0,0,0,1,1,1,0,1,0,1
cefoxitin,C16H17N3O7S2,427.5,COC1(C2N(C1=O)C(=C(CS2)COC(=O)N)C(=O)O)NC(=O)CC3=CC=CS3,0.0,202.0,744,3,9,8,28,0,427.05079224,427.4600000000001,0.09860000000000069,148.26,3,8,7,3,1,1,0,1,0,0,1,0,0,1,0,1,0,1,0,1,1,1,0,0,1,0,0,0,0,0,0,0,0,0,0,1,1,0,1,0,1,1,0,0,1,1,1,0,0,1,0,0,0,0,0,0,1,0,0,1,1,1,0,1,0,0,0,0,0,1,0,0,1,1,1,0,0,1,1,1,0,0,0,1,0,1,1,0,1,0,0,1,0,1,0,0,1,0,0,0,0,0,0,0,0,1,0,1,1,1,1,0,0,0,0,0,0,1,1,1,0,0,0,0,0,0,0,1,1,0,1,0,1
cefprozil,C18H19N3O5S,389.4,CC=CC1=C(N2C(C(C2=O)NC(=O)C(C3=CC=C(C=C3)O)N)SC1)C(=O)O,-1.4,158.0,699,4,7,5,27,0,389.10454189,389.4330000000001,0.7066999999999998,132.95999999999998,4,6,5,3,1,1,1,1,1,0,1,0,0,0,0,1,0,0,0,0,0,0,0,1,1,0,1,0,0,0,0,0,0,1,0,1,0,0,1,0,1,0,0,0,1,1,0,0,0,1,0,0,0,0,0,0,0,0,0,1,0,0,0,1,0,0,1,0,0,0,0,1,1,0,1,0,0,1,1,0,0,1,0,0,0,1,1,0,0,0,1,1,0,0,0,0,1,0,0,0,1,0,0,0,0,1,0,1,0,0,1,0,0,0,0,0,0,0,1,1,0,0,0,0,0,1,0,0,1,0,1,0,1
ceftazidime,C22H22N6O7S2,546.6,CC(C)(C(=O)O)ON=C(C1=CSC(=N1)N)C(=O)NC2C3N(C2=O)C(=C(CS3)C[N+]4=CC=CC=C4)C(=O)[O-],0.4,245.0,1020,3,12,8,37,0,546.09913941,546.5870000000002,-1.299199999999996,191.22,3,11,9,4,2,1,0,1,1,0,1,0,0,1,0,1,1,0,1,0,0,0,0,0,1,0,0,1,0,1,0,0,1,0,0,1,1,1,1,1,1,0,0,0,1,1,0,0,0,0,1,0,1,0,1,0,1,0,0,0,1,1,1,1,0,0,0,0,1,1,0,0,1,0,0,0,0,1,0,1,1,0,0,1,1,1,1,0,0,1,1,1,1,0,0,0,1,0,0,0,0,0,0,1,0,1,1,1,0,1,1,0,1,0,0,0,0,1,1,1,1,0,0,0,0,0,0,1,1,0,1,0,1
ceftizoxime,C13H13N5O5S2,383.4,CON=C(C1=CSC(=N1)N)C(=O)NC2C3N(C2=O)C(=CCS3)C(=O)O,0.0,201.0,669,3,10,5,25,0,383.03581088,383.4110000000001,-0.5557999999999998,147.20999999999998,3,9,5,3,1,1,0,1,1,0,1,0,0,0,0,1,1,0,1,1,0,0,0,0,1,0,0,1,0,1,0,0,0,0,0,1,1,0,1,0,1,0,0,0,1,1,0,0,0,0,0,0,1,0,1,1,0,0,0,0,1,1,0,1,0,0,1,0,1,0,0,0,1,0,1,0,0,1,1,0,0,0,0,0,0,0,1,0,0,0,1,0,1,0,0,0,0,0,0,0,0,0,0,0,0,1,1,1,0,0,1,0,1,0,0,0,0,1,1,0,0,0,1,0,0,0,0,1,1,0,1,0,1
ceftriaxone,C18H18N8O7S3,554.6,CN1C(=NC(=O)C(=O)N1)SCC2=C(N3C(C(C3=O)NC(=O)C(=NOC)C4=CSC(=N4)N)SC2)C(=O)O,-1.3,288.0,1110,4,13,8,36,0,554.04605846,554.5920000000003,-1.6112999999999957,214.95999999999998,4,13,8,4,2,1,0,1,1,0,1,1,0,0,0,1,1,0,1,1,0,0,0,0,1,0,0,1,0,1,0,0,0,0,0,1,1,0,1,0,1,0,0,0,1,1,0,0,0,0,0,0,1,0,1,0,0,0,0,1,1,1,0,1,0,0,0,0,1,0,0,0,1,0,0,0,0,1,1,0,0,1,0,0,0,1,1,1,0,0,1,1,1,0,1,1,1,0,0,0,1,0,0,0,0,1,1,1,0,1,1,0,1,0,0,1,0,1,1,1,0,1,0,0,0,0,1,1,1,0,1,0,1
cefuroxime,C16H16N4O8S,424.4,CON=C(C1=CC=CO1)C(=O)NC2C3N(C2=O)C(=C(CS3)COC(=O)N)C(=O)O,-0.2,199.0,798,3,10,8,29,0,424.06888465,424.39100000000025,-0.5359999999999991,173.76000000000002,3,9,7,3,1,1,0,1,1,1,1,1,0,0,0,1,0,1,1,1,0,1,0,0,1,0,0,0,0,1,0,0,0,0,0,1,0,0,1,0,1,0,0,0,1,1,0,1,0,0,0,0,1,0,0,0,1,0,0,0,1,1,0,1,0,0,0,0,0,1,0,0,0,0,0,0,0,1,1,0,0,0,0,0,0,1,1,0,0,0,1,1,0,0,0,1,1,0,0,0,0,0,0,0,0,1,1,1,1,1,1,0,0,0,1,0,0,1,1,1,0,0,0,0,0,0,0,1,1,0,1,0,1
celecoxib,C17H14F3N3O2S,381.4,CC1=CC=C(C=C1)C2=CC(=NN2C3=CC=C(C=C3)S(=O)(=O)N)C(F)(F)F,3.4,86.4,577,1,7,3,26,0,381.07588236,381.3790000000001,3.5139200000000015,77.98,1,3,3,3,3,1,0,0,0,0,0,0,0,1,0,1,0,0,0,0,0,0,0,0,1,0,0,0,0,0,0,1,0,1,0,0,1,1,1,0,0,1,0,1,1,0,1,0,0,0,1,0,0,1,0,0,0,0,0,0,0,0,0,1,0,1,0,0,1,0,1,0,0,1,0,0,1,0,0,0,1,0,0,0,0,0,1,0,0,0,0,1,0,0,0,0,0,0,0,1,0,0,0,0,0,1,0,0,0,0,1,0,1,0,0,0,0,1,1,1,0,0,0,0,1,0,0,1,0,0,0,0,0
celiprolol,C20H33N3O4,379.5,CCN(CC)C(=O)NC1=CC(=C(C=C1)OCC(CNC(C)(C)C)O)C(=O)C,1.9,90.9,474,3,5,10,27,0,379.24710654,379.50100000000015,2.8907000000000016,90.9,3,5,9,1,1,1,1,0,0,0,0,0,0,1,0,1,0,0,0,0,0,0,0,1,1,0,0,0,0,1,0,0,0,1,0,0,0,0,1,0,0,1,0,1,1,0,0,1,0,1,0,1,0,0,0,1,0,0,0,0,1,1,0,1,0,1,0,0,1,0,1,0,0,0,0,0,1,0,1,0,1,1,0,1,0,1,1,1,0,0,0,1,0,0,1,0,1,0,0,1,0,0,0,0,1,1,0,0,0,0,1,0,1,0,0,0,0,1,1,1,1,1,0,1,0,0,1,0,0,0,1,0,0
cephalexin,C16H17N3O4S,347.4,CC1=C(N2C(C(C2=O)NC(=O)C(C3=CC=CC=C3)N)SC1)C(=O)O,0.6,138.0,600,3,6,4,24,0,347.09397721,347.39600000000013,0.44489999999999946,112.73,3,5,4,3,1,1,1,1,1,0,1,0,0,0,0,1,0,0,0,0,0,0,0,1,1,0,0,0,0,0,0,0,0,0,0,1,0,0,1,0,1,0,0,0,1,1,0,0,0,0,1,0,1,0,0,1,0,0,0,0,0,0,0,1,0,0,1,0,0,1,0,0,0,0,1,0,0,1,1,0,0,0,0,0,0,0,1,0,0,0,1,1,0,0,0,1,1,0,0,0,1,0,0,0,0,1,0,1,0,0,1,0,0,0,0,0,0,0,1,0,0,0,0,0,0,0,0,0,1,0,1,0,1
cefixime,C16H15N5O7S2,453.5,C=CC1=C(N2C(C(C2=O)NC(=O)C(=NOCC(=O)O)C3=CSC(=N3)N)SC1)C(=O)O,-0.7,238.0,861,4,12,8,30,0,453.04129018,453.45800000000014,-0.5447999999999986,184.51,4,10,8,3,1,1,0,1,1,0,1,0,0,0,0,1,1,0,1,0,0,0,0,0,1,0,0,1,0,1,0,0,0,1,0,1,1,0,1,0,1,0,0,0,1,1,0,0,1,1,0,0,1,0,1,0,0,0,0,1,1,1,0,1,0,0,0,0,1,0,0,0,1,0,0,0,0,1,1,0,0,0,0,0,0,1,1,0,0,1,1,1,1,0,0,0,1,0,0,0,0,0,1,0,1,1,1,1,0,0,1,0,1,0,1,0,0,1,1,0,0,0,0,0,0,0,1,1,1,0,1,0,1
cerivastatin,C26H34FNO5,459.5,CC(C)C1=C(C(=C(C(=N1)C(C)C)COC)C2=CC=C(C=C2)F)C=CC(CC(CC(=O)O)O)O,3.6,99.9,620,3,7,11,33,0,459.24210135,459.5580000000001,4.880700000000006,99.88000000000001,3,5,11,2,2,1,1,1,0,0,1,1,0,1,0,1,0,0,0,0,0,0,0,0,0,0,0,0,0,0,1,0,1,1,0,0,0,0,1,0,0,0,1,0,1,1,1,0,0,0,0,0,0,0,1,0,0,0,0,1,1,0,0,0,1,0,0,0,1,0,0,0,1,0,1,0,0,0,1,0,0,0,0,0,0,1,1,0,1,0,0,1,1,1,0,1,0,0,0,1,0,0,1,0,1,1,0,0,1,1,1,0,0,0,1,0,0,1,0,1,0,0,1,1,0,0,0,1,0,0,1,0,1
cetirizine,C21H25ClN2O3,388.9,C1CN(CCN1CCOCC(=O)O)C(C2=CC=CC=C2)C3=CC=C(C=C3)Cl,1.7,53.0,443,1,5,8,27,0,388.1553704,388.8950000000001,3.1482000000000028,53.010000000000005,1,4,8,3,2,0,1,0,0,0,1,0,0,0,0,1,0,0,1,0,1,0,0,0,1,0,1,0,0,0,0,0,0,0,0,1,0,0,0,0,0,0,0,0,1,0,1,0,0,1,1,1,1,1,1,0,0,0,0,0,1,0,0,0,1,0,1,0,0,1,0,0,0,0,0,0,0,1,1,1,0,0,1,0,0,1,1,0,0,1,1,1,0,1,0,0,1,0,0,0,0,0,0,0,0,1,0,0,0,0,0,0,0,0,0,0,0,0,1,0,0,0,0,0,0,0,1,0,1,0,1,0,1
cevimeline,C10H17NOS,199.32,CC1OC2(CN3CCC2CC3)CS1,1.5,37.8,215,0,3,0,13,0,199.10308534,199.31899999999996,1.5602,12.47,0,3,0,4,0,0,0,0,0,0,0,0,0,0,0,0,1,0,0,0,1,1,0,0,0,0,0,0,0,0,0,0,0,0,1,1,0,0,1,0,1,1,1,0,1,0,0,0,0,0,1,1,0,0,0,0,0,0,0,0,0,0,0,0,0,0,0,0,0,0,1,0,0,0,1,0,0,1,0,0,0,0,0,1,0,0,0,0,0,1,1,0,0,0,0,1,1,0,0,0,0,0,0,1,0,0,0,1,0,0,0,0,1,0,0,0,1,0,0,0,0,0,0,0,0,0,0,0,1,0,1,0,0
chlorambucil,C14H19Cl2NO2,304.2,C1=CC(=CC=C1CCCC(=O)O)N(CCCl)CCCl,1.7,40.5,250,1,3,9,19,0,303.0792842,304.217,3.3779000000000012,40.54,1,2,9,1,1,0,0,0,0,1,1,0,1,0,0,1,0,0,0,0,0,0,0,0,1,0,1,0,1,0,0,0,0,1,0,0,1,0,0,0,0,0,0,0,1,0,0,0,0,0,0,0,0,1,0,0,0,0,1,1,0,0,0,0,0,0,0,0,0,1,0,0,0,0,0,0,0,1,1,0,0,0,1,0,0,1,1,1,0,0,1,1,0,0,0,1,1,0,0,0,0,0,0,0,0,1,0,0,0,0,0,0,0,0,0,0,0,0,1,0,0,0,0,0,1,0,0,0,0,0,1,0,0
chlordiazepoxide,C16H14ClN3O,299.75,CN=C1CN(C(=C2C=C(C=CC2=N1)Cl)C3=CC=CC=C3)O,2.4,48.2,580,1,3,1,21,0,299.0825398,299.761,1.8492,48.19,1,3,1,3,2,0,1,0,0,0,1,0,0,1,1,0,0,0,0,1,0,0,0,0,1,0,0,0,1,0,0,1,0,0,0,1,1,1,1,0,0,0,1,0,1,0,0,0,0,0,0,0,1,1,1,0,0,0,0,0,0,0,1,0,0,0,0,0,0,1,0,0,0,0,1,0,0,0,1,0,0,0,0,0,0,0,1,0,0,0,1,1,0,1,0,0,0,0,0,0,0,1,1,0,1,1,0,0,0,0,0,0,1,0,1,0,0,1,0,0,0,0,1,0,0,0,0,1,0,1,0,0,0
chlorhexidine,C22H30Cl2N10,505.4,C1=CC(=CC=C1NC(=NC(=NCCCCCCN=C(N)N=C(N)NC2=CC=C(C=C2)Cl)N)N)Cl,0.1,178.0,648,6,2,13,34,0,504.2031964,505.4580000000001,3.3366,177.58,6,2,9,2,2,1,0,0,0,0,0,0,1,0,0,0,0,1,0,0,0,1,0,1,1,1,0,0,0,1,0,0,0,0,0,0,0,0,0,0,0,0,0,0,1,0,0,0,0,0,0,1,0,1,1,1,0,0,1,0,0,0,0,0,0,0,0,0,1,0,0,0,1,0,0,0,0,0,0,0,1,0,0,0,0,1,1,0,1,1,1,1,0,1,0,0,1,0,0,0,0,0,0,0,0,1,0,0,0,0,0,0,0,0,0,0,0,0,0,0,0,0,0,0,1,0,0,0,0,0,0,0,0
chloroquine,C18H26ClN3,319.9,CCN(CC)CCCC(C)NC1=C2C=CC(=CC2=NC=C1)Cl,4.6,28.2,309,1,3,8,22,0,319.1815255,319.88,4.810600000000004,28.16,1,3,8,2,2,1,1,1,0,0,0,0,0,0,0,0,1,0,0,0,0,0,1,0,1,0,0,0,0,0,0,0,1,0,0,0,1,0,1,0,0,1,1,1,0,0,0,0,0,1,1,0,1,1,1,1,0,0,0,0,0,0,0,0,0,0,1,0,0,0,0,0,0,0,1,0,0,1,1,1,0,0,1,0,1,1,1,0,0,0,0,1,0,1,0,0,0,0,0,0,0,0,0,1,1,1,1,0,1,0,0,0,1,1,0,0,0,0,1,0,0,0,0,0,1,0,0,1,1,0,0,0,0
thiazide,C7H6ClN3O4S2,295.7,C1=C2C(=CC(=C1Cl)S(=O)(=O)N)S(=O)(=O)N=CN2,-0.2,135.0,532,2,6,1,17,0,294.9488257,295.729,0.12989999999999996,118.68999999999998,2,5,1,2,1,0,0,0,0,0,0,0,0,1,0,1,0,0,0,0,0,0,0,0,1,0,0,0,1,0,0,0,1,1,0,1,0,0,0,1,0,0,0,1,0,1,0,0,0,0,0,0,0,1,1,0,1,0,0,0,0,1,0,0,0,0,0,1,0,0,1,0,0,1,0,0,1,0,0,0,0,0,0,0,1,0,1,0,0,0,1,0,0,0,0,1,0,0,0,1,0,0,0,0,0,1,0,0,0,0,0,0,1,0,1,1,0,1,0,0,1,0,0,0,0,0,0,1,0,1,0,0,0
chlorpheniramine,C16H19ClN2,274.79,CN(C)CCC(C1=CC=C(C=C1)Cl)C2=CC=CC=N2,3.4,16.1,249,0,2,5,19,0,274.1236763,274.795,3.8186000000000027,16.130000000000003,0,2,5,2,2,0,1,0,1,0,1,0,0,0,0,0,1,1,0,0,0,0,1,0,1,0,0,0,0,0,0,0,0,0,0,0,1,0,1,0,0,0,0,0,0,0,0,0,0,1,0,1,1,1,1,0,0,0,1,0,1,0,0,1,0,0,1,0,0,1,0,0,0,0,0,0,0,0,0,1,1,0,1,0,0,1,1,0,0,0,1,1,0,1,0,1,0,0,0,0,0,0,0,1,1,1,0,0,0,0,0,0,0,0,0,0,0,0,1,0,0,0,1,0,0,0,0,1,0,0,0,0,0
chlorpromazine,C17H19ClN2S,318.9,CN(C)CCCN1C2=CC=CC=C2SC3=C1C=C(C=C3)Cl,5.2,31.8,339,0,3,4,21,0,318.0957475,318.87300000000005,4.894400000000004,6.48,0,3,4,3,2,0,0,0,0,1,0,0,0,0,0,0,1,1,1,0,1,0,0,0,1,0,1,0,0,1,0,0,0,0,0,0,1,0,1,0,1,0,1,0,1,0,0,0,0,0,0,0,1,1,1,1,0,0,1,0,0,0,0,0,1,0,0,1,0,1,0,0,0,0,0,0,0,0,0,0,0,1,1,0,0,1,1,0,0,0,0,1,0,1,0,0,0,0,0,0,0,0,0,0,0,1,0,0,0,1,0,0,1,0,0,0,1,0,1,0,0,0,0,0,1,0,1,0,0,1,0,0,0
chlorpropamide,C10H13ClN2O3S,276.74,CCCNC(=O)NS(=O)(=O)C1=CC=C(C=C1)Cl,2.3,83.7,345,2,3,4,17,0,276.0335411,276.745,1.7379,75.27000000000001,2,3,4,1,1,1,0,0,0,0,0,0,0,0,0,1,0,0,0,0,0,0,0,0,1,0,0,0,0,0,0,1,1,0,0,0,0,0,1,0,0,0,0,1,1,0,1,0,0,0,0,1,0,1,1,0,1,0,0,0,0,0,0,0,0,0,0,0,1,0,0,0,0,1,1,1,0,0,0,0,1,0,0,0,0,1,1,0,0,0,0,1,0,1,0,0,0,0,0,1,0,0,0,0,0,1,0,0,0,0,0,0,0,0,1,0,0,0,0,0,1,0,0,1,0,0,0,0,0,0,1,0,0
chlorthalidone,C14H11ClN2O4S,338.8,C1=CC=C2C(=C1)C(=O)NC2(C3=CC(=C(C=C3)Cl)S(=O)(=O)N)O,0.9,118.0,564,3,5,2,22,0,338.0128057,338.77200000000005,0.9242000000000001,109.49000000000001,3,4,2,3,2,0,1,1,0,0,0,0,0,1,0,1,0,0,0,0,0,0,0,0,1,1,0,0,0,0,0,1,0,0,0,0,0,1,0,0,0,1,0,0,1,0,0,0,0,1,0,0,1,1,1,0,1,1,0,0,0,0,1,1,0,1,0,0,0,1,1,0,0,1,0,0,1,0,0,0,0,0,0,0,0,0,1,0,0,0,0,1,0,1,0,1,1,0,1,1,0,1,0,0,0,1,0,0,0,0,0,0,1,0,0,1,0,0,1,0,0,1,0,0,0,0,1,0,0,0,0,0,0
chlorzoxazone,C7H4ClNO2,169.56,C1=CC2=C(C=C1Cl)NC(=O)O2,1.8,38.3,185,1,2,0,11,0,168.9930561,169.56699999999998,1.7744999999999997,46.0,1,2,0,2,2,0,0,0,0,0,0,0,0,0,0,1,0,0,0,0,0,1,0,1,1,0,1,0,0,0,0,0,0,0,0,0,0,0,0,0,0,0,1,0,0,0,0,0,0,0,0,0,0,1,1,0,1,0,0,0,0,0,0,1,0,0,0,0,0,0,0,0,0,1,0,0,0,0,0,0,0,0,0,0,0,0,1,0,0,0,0,1,0,1,0,1,0,0,0,0,0,0,0,0,0,1,0,0,1,0,0,0,1,0,0,0,0,0,0,0,0,0,0,0,1,0,0,0,0,0,0,0,0
ciclopirox,C12H17NO2,207.27,CC1=CC(=O)N(C(=C1)C2CCCCC2)O,2.0,40.5,325,1,2,1,15,0,207.125928785,207.27299999999994,2.44172,42.230000000000004,1,2,1,2,1,0,0,1,0,1,1,0,0,0,0,1,0,0,0,1,0,0,0,0,0,0,0,0,1,0,0,0,0,0,0,1,1,0,1,0,0,0,0,0,1,0,0,0,0,0,1,0,0,0,0,0,0,0,0,0,0,1,0,1,0,0,0,0,0,0,0,0,0,0,0,0,0,0,0,0,0,0,0,0,0,1,1,0,0,0,0,0,0,0,0,1,0,0,1,0,0,0,0,0,0,1,0,0,0,0,0,0,1,0,0,0,0,0,1,0,0,0,1,0,0,0,0,1,1,0,0,1,0
cilazapril,C22H31N3O5,417.5,CCOC(=O)C(CCC1=CC=CC=C1)NC2CCCN3CCCC(N3C2=O)C(=O)O,0.6,99.2,608,2,7,9,30,0,417.2263711,417.5060000000003,1.5955,99.18,2,6,8,3,1,1,1,0,0,1,1,0,0,0,0,1,0,0,0,0,0,0,0,1,1,1,1,0,1,0,0,1,0,0,0,1,0,0,1,0,0,0,0,1,1,0,0,1,0,0,1,0,1,0,0,0,1,0,0,0,1,0,0,1,0,0,1,1,0,1,0,0,0,0,0,0,0,1,0,0,0,0,0,0,0,1,1,1,0,0,0,1,0,0,1,1,1,0,0,0,0,1,1,1,1,1,0,0,0,0,0,1,0,0,0,0,1,0,0,1,0,0,0,0,0,0,1,0,1,1,1,0,0
cilostazol,C20H27N5O2,369.5,C1CCC(CC1)N2C(=NN=N2)CCCCOC3=CC4=C(C=C3)NC(=O)CC4,3.1,81.9,485,1,5,7,27,0,369.21647512,369.4690000000001,3.4647000000000023,81.93,1,5,7,4,2,0,1,1,0,1,0,0,0,0,0,1,0,1,1,0,0,0,0,0,0,0,1,0,0,0,0,0,0,0,0,1,0,1,0,0,0,1,0,0,1,0,0,1,0,1,1,0,0,1,0,0,0,0,0,0,1,0,1,1,0,0,0,1,0,0,0,1,0,1,0,0,0,1,1,1,0,0,1,1,0,1,1,0,0,1,0,1,0,0,0,1,1,1,1,0,0,0,1,0,0,1,0,0,0,0,0,0,1,0,0,1,0,0,0,1,0,0,1,1,1,0,0,1,1,0,0,1,0
cimetidine,C10H16N6S,252.34,CC1=C(N=CN1)CSCCNC(=NC)NC#N,0.4,114.0,296,3,4,7,17,0,252.11571571,252.347,0.5973999999999998,88.88999999999999,3,4,5,1,1,1,0,0,0,0,0,1,0,1,0,0,0,0,0,0,0,0,0,1,0,0,0,1,0,0,0,0,1,0,0,1,0,0,1,1,0,0,0,1,1,0,0,0,0,1,0,0,1,0,0,0,0,1,1,0,0,0,1,1,0,0,0,1,1,0,0,1,0,0,1,0,0,0,1,0,0,0,0,1,0,1,1,0,0,0,1,0,1,0,0,1,0,0,0,0,0,0,0,0,0,1,0,0,0,1,1,1,0,0,0,1,0,0,1,0,0,1,0,0,0,0,0,1,0,1,0,1,0
cinoxacin,C12H10N2O5,262.22,CCN1C2=CC3=C(C=C2C(=O)C(=N1)C(=O)O)OCO3,2.1,88.4,449,1,7,2,19,0,262.05897142,262.22099999999995,0.8432999999999997,90.65,1,5,2,3,2,0,0,0,0,0,1,0,0,1,0,1,0,0,1,0,0,1,0,1,0,0,0,0,1,0,0,0,0,0,0,1,0,0,1,1,0,1,0,1,1,0,0,0,0,0,1,0,0,0,0,0,0,0,0,0,0,1,1,1,0,0,1,0,0,0,0,0,0,0,1,0,1,1,1,0,0,0,1,0,1,1,1,0,1,0,0,0,0,0,0,0,0,0,0,0,0,0,0,1,0,1,1,0,0,0,0,1,1,0,0,0,0,0,1,0,0,0,1,0,0,0,0,1,0,0,1,0,0
ciprofloxacin,C17H18FN3O3,331.34,C1CC1N2C=C(C(=O)C3=CC(=C(C=C32)N4CCNCC4)F)C(=O)O,-1.1,72.9,571,2,7,3,24,0,331.13321961,331.34700000000004,1.5833,74.57000000000001,2,4,3,4,2,0,0,0,0,0,1,0,0,1,0,1,0,0,1,0,1,0,0,0,0,0,0,0,1,0,0,0,0,1,0,1,0,0,0,0,0,1,0,0,1,0,0,0,0,0,1,0,0,1,1,0,0,1,0,0,0,0,0,1,1,0,0,0,0,0,1,0,0,0,1,1,1,1,1,0,0,0,1,1,0,1,1,1,0,0,0,0,0,0,0,1,0,0,0,0,0,0,0,0,0,1,0,0,1,0,0,0,1,1,0,0,0,1,0,0,0,1,0,1,0,0,0,0,1,0,1,0,0
cisplatin,Cl2H6N2Pt,300.05,N.N.Cl[Pt]Cl,,2.0,2,2,2,0,5,0,298.955598,300.04600000000005,1.7004999999999997,70.0,2,2,0,0,0,0,0,0,0,0,1,0,0,0,0,0,0,0,0,0,0,0,0,0,1,0,0,0,0,0,0,0,0,0,0,0,0,0,0,1,0,0,0,1,0,0,0,0,0,0,0,0,0,0,0,0,0,0,0,0,0,0,0,0,0,0,0,0,0,0,0,0,0,0,0,0,0,0,0,0,0,0,0,0,0,0,0,0,0,0,0,0,0,0,0,0,0,0,0,0,0,0,0,0,0,0,0,0,0,0,0,0,0,0,0,0,0,0,0,0,0,0,0,0,0,0,0,0,0,0,1,0,0
citalopram,C20H21FN2O,324.4,CN(C)CCCC1(C2=C(CO1)C=C(C=C2)C#N)C3=CC=C(C=C3)F,3.2,36.3,466,0,4,5,24,0,324.16379146,324.399,3.812980000000003,36.26,0,3,5,3,2,0,0,1,0,0,0,1,0,1,0,0,1,1,0,0,0,1,0,0,0,0,0,1,0,1,0,0,1,0,0,1,1,0,1,1,0,1,0,0,0,0,0,0,0,1,0,0,0,1,1,1,0,0,1,0,1,1,0,0,1,1,0,1,0,0,0,0,1,0,0,0,0,0,0,0,0,0,0,0,0,1,1,0,0,1,0,1,0,0,1,1,0,1,0,0,1,0,1,0,0,1,0,1,0,1,0,0,1,0,0,0,0,1,1,0,0,0,0,0,1,0,1,1,0,0,0,0,0
clemastine,C21H26ClNO,343.9,CC(C1=CC=CC=C1)(C2=CC=C(C=C2)Cl)OCCC3CCCN3C,5.0,12.5,376,0,2,6,24,0,343.1702921,343.8980000000002,5.104400000000005,12.47,0,2,6,3,2,0,1,0,0,1,1,0,0,1,1,0,0,0,1,0,0,1,0,0,1,0,0,0,0,0,0,0,0,0,0,1,0,0,1,0,0,1,0,0,1,0,0,0,0,0,1,1,1,1,1,1,0,0,0,0,1,0,0,0,0,0,0,1,0,1,0,0,0,0,0,0,0,1,1,0,0,0,0,0,0,1,1,0,0,0,0,1,1,1,0,0,0,0,0,0,0,0,1,0,1,1,0,1,0,0,0,0,0,0,0,0,0,0,1,1,0,0,0,0,0,0,1,1,1,0,0,0,0
clindamycin,C18H33ClN2O5S,425.0,CCCC1CC(N(C1)C)C(=O)NC(C2C(C(C(C(O2)SC)O)O)O)C(C)Cl,2.2,128.0,502,4,7,7,27,0,424.179871,424.9910000000001,0.3895000000000021,102.26000000000002,4,7,7,2,0,1,1,0,0,1,0,0,0,0,0,1,0,1,1,0,1,1,0,1,1,0,0,0,0,0,0,1,1,1,1,1,0,0,1,0,1,0,0,1,1,0,0,1,0,1,0,0,1,0,1,0,0,0,0,0,0,0,0,1,0,0,1,0,0,1,1,0,0,0,0,0,0,0,0,0,0,0,0,0,1,1,0,0,0,0,0,0,0,0,0,1,0,0,0,0,1,0,0,0,1,0,0,1,0,0,1,0,0,0,1,0,0,1,0,0,1,1,1,0,0,0,1,0,1,1,1,0,1
clobazam,C16H13ClN2O2,300.74,CN1C(=O)CC(=O)N(C2=C1C=CC(=C2)Cl)C3=CC=CC=C3,2.1,40.6,423,0,2,1,21,0,300.0665554,300.745,3.3712000000000018,40.620000000000005,0,2,1,3,2,0,0,0,0,0,1,0,0,0,0,1,0,0,0,0,1,0,0,0,1,0,0,1,0,1,1,0,0,1,0,1,0,0,1,0,0,0,1,0,1,0,1,0,0,0,0,0,1,1,1,1,0,0,0,0,0,0,0,1,0,0,0,0,1,1,0,0,0,0,0,0,0,0,0,0,1,0,0,0,0,0,1,0,0,0,0,1,0,1,0,0,1,0,0,0,0,1,0,0,0,1,0,0,0,0,0,0,1,0,0,0,0,0,0,0,0,0,0,0,0,0,1,0,1,0,0,0,0
clobetasol,C22H28ClFO4,410.9,CC1CC2C3CCC4=CC(=O)C=CC4(C3(C(CC2(C1(C(=O)CCl)O)C)O)F)C,2.5,74.6,808,2,5,2,28,0,410.1660152,410.91300000000007,3.1422000000000017,74.60000000000001,2,4,2,4,0,0,0,1,0,0,0,0,1,1,0,1,0,1,1,0,0,0,0,1,1,1,0,0,0,0,0,0,1,1,1,1,0,0,1,0,1,1,0,0,1,1,0,1,0,0,1,0,0,1,0,1,0,0,0,1,1,0,0,1,0,0,1,0,0,0,0,0,0,0,0,0,1,0,1,1,0,1,1,0,0,1,1,0,0,1,1,0,0,1,0,0,0,0,0,0,0,0,0,0,0,1,1,0,0,0,1,1,0,1,0,1,0,0,0,0,0,0,1,0,0,1,0,1,1,1,1,0,1
clobetasone,C22H26ClFO4,408.9,CC1CC2C3CCC4=CC(=O)C=CC4(C3(C(=O)CC2(C1(C(=O)CCl)O)C)F)C,2.6,71.4,849,1,5,2,28,0,408.1503652,408.89700000000016,3.3504000000000023,71.44,1,4,2,4,0,0,0,1,0,0,0,0,1,1,0,1,0,1,1,1,0,0,0,1,1,1,0,0,0,0,0,0,1,1,1,1,0,0,1,0,1,1,0,0,1,1,0,1,0,1,1,0,0,1,0,1,0,0,0,1,0,0,0,1,0,0,1,0,1,0,0,0,0,0,0,0,1,0,1,1,0,0,1,0,0,1,1,0,0,1,1,0,0,1,0,0,0,0,0,0,0,0,0,0,0,1,1,0,0,1,1,1,1,0,0,0,0,0,0,0,0,0,1,0,0,1,0,1,1,0,1,0,1
clofazimine,C27H22Cl2N4,473.4,CC(C)N=C1C=C2C(=NC3=CC=CC=C3N2C4=CC=C(C=C4)Cl)C=C1NC5=CC=C(C=C5)Cl,7.1,40.0,829,1,4,4,33,0,472.1221521,473.40700000000015,7.489800000000004,42.21,1,3,4,5,3,1,1,0,0,1,1,0,0,0,0,0,0,0,0,0,0,0,0,1,1,1,0,0,0,0,0,0,1,1,0,0,1,0,1,0,1,0,0,0,1,0,0,0,0,0,1,1,1,1,1,0,1,0,0,0,0,0,0,1,0,0,0,0,1,1,1,0,0,0,0,0,0,1,1,0,1,0,0,0,1,0,1,0,0,1,1,1,0,1,0,0,0,0,0,0,1,0,1,0,0,1,1,0,0,0,1,0,1,0,0,0,1,0,0,0,0,1,0,1,0,0,0,1,0,1,0,0,0
clomiphene,C26H28ClNO,406.0,CCN(CC)CCOC1=CC=C(C=C1)C(=C(C2=CC=CC=C2)Cl)C3=CC=CC=C3,7.2,12.5,481,0,2,9,29,0,405.1859422,405.9690000000001,6.562600000000007,12.47,0,2,9,3,3,0,0,0,0,0,1,1,0,0,0,1,0,1,1,0,0,0,0,0,1,0,0,0,0,0,0,0,0,0,0,0,1,0,1,0,0,1,0,1,1,0,0,0,0,1,0,0,1,0,0,0,0,0,0,0,1,0,0,0,0,0,1,0,0,1,1,1,0,0,0,0,0,0,0,1,0,0,0,1,0,1,1,0,0,0,0,1,0,0,0,0,0,0,0,0,0,0,0,0,0,1,0,1,0,1,1,1,0,1,0,0,0,0,1,0,0,0,0,0,0,0,0,1,1,0,0,0,0
clomipramine,C19H23ClN2,314.9,CN(C)CCCN1C2=CC=CC=C2CCC3=C1C=C(C=C3)Cl,5.2,6.5,346,0,2,4,22,0,314.1549764,314.86,4.528400000000004,6.48,0,2,4,3,2,0,1,0,0,0,0,0,0,0,0,0,1,1,0,0,1,0,0,0,1,0,0,0,0,1,0,0,0,0,0,1,1,0,1,0,0,0,1,0,1,0,0,0,0,1,0,0,1,1,1,1,0,0,1,0,0,0,0,0,1,1,0,1,0,1,0,0,0,0,0,0,0,0,0,1,0,1,1,0,0,1,1,0,0,1,1,1,0,1,0,0,0,0,0,0,0,0,0,0,0,1,0,0,0,0,0,0,1,0,0,0,1,0,1,0,0,0,0,0,1,0,1,0,0,0,0,0,0
clonazepam,C15H10ClN3O3,315.71,C1C(=O)NC2=C(C=C(C=C2)[N+](=O)[O-])C(=N1)C3=CC=CC=C3Cl,2.4,87.3,491,1,4,1,22,0,315.0410689,315.716,3.037700000000002,84.6,1,4,2,3,2,1,0,0,0,0,0,0,1,0,0,1,0,0,0,1,0,0,1,0,1,1,0,1,0,0,0,0,0,0,0,1,0,0,0,0,0,1,0,0,1,0,0,0,1,0,1,0,1,0,1,0,0,0,0,0,0,0,0,1,0,0,0,1,0,1,0,0,0,0,0,1,0,0,0,1,1,1,0,1,0,0,1,0,0,1,0,1,0,1,0,1,0,0,0,0,0,1,1,0,0,1,0,0,0,0,0,0,1,0,0,1,0,1,1,0,0,0,1,0,0,0,0,1,1,1,0,0,0
clonidine,C9H9Cl2N3,230.09,C1CN=C(N1)NC2=C(C=CC=C2Cl)Cl,1.6,36.4,222,2,1,2,14,0,229.0173527,230.09799999999998,2.3645000000000005,36.42,2,3,1,2,1,1,0,0,0,0,0,0,0,0,0,0,0,0,0,0,1,1,0,0,1,0,0,0,0,0,0,0,0,0,0,1,0,1,0,0,0,0,0,0,0,0,1,0,1,0,0,0,0,0,1,0,0,0,0,0,0,0,1,0,1,0,0,0,0,1,0,0,0,1,0,0,0,0,0,1,0,0,0,1,0,0,1,0,0,0,0,1,0,0,1,1,0,0,0,0,0,0,0,0,0,1,0,0,0,0,0,0,1,0,0,1,0,0,1,0,0,0,0,0,0,0,0,1,0,0,1,0,1
clopidogrel,C16H16ClNO2S,321.8,COC(=O)C(C1=CC=CC=C1Cl)N2CCC3=C(C2)C=CS3,3.8,57.8,381,0,4,4,21,0,321.0590276,321.829,3.6739000000000024,29.54,0,4,3,3,2,1,1,0,0,0,0,0,0,0,0,1,0,0,0,1,0,0,0,0,1,0,0,0,0,0,0,1,1,0,0,1,1,0,1,0,1,0,0,0,1,1,0,1,0,0,0,0,1,1,1,0,0,0,0,1,1,0,0,0,0,0,0,0,0,1,0,0,0,0,1,0,0,1,1,1,0,0,1,1,1,0,1,0,0,1,0,1,0,1,0,0,0,0,0,0,0,0,0,0,0,1,1,0,0,0,0,0,0,0,1,1,0,0,1,0,0,0,1,0,0,0,0,0,0,0,1,0,0
clorazepate,C16H11ClN2O3,314.72,C1=CC=C(C=C1)C2=NC(C(=O)NC3=C2C=C(C=C3)Cl)C(=O)O,3.3,78.8,488,2,4,2,22,0,314.0458199,314.72800000000007,2.5827,78.76,2,3,2,3,2,0,0,0,0,0,1,0,1,1,0,1,0,0,0,1,0,0,0,0,1,0,0,1,1,0,1,0,0,0,0,0,0,0,0,0,1,1,1,0,1,0,0,0,0,0,0,0,1,1,1,0,0,0,0,0,0,0,0,1,0,0,0,1,0,1,0,0,1,0,0,0,0,0,0,1,1,0,0,0,0,0,1,0,0,1,0,1,0,1,0,1,0,0,0,0,1,1,0,0,0,1,0,0,0,0,0,1,1,0,0,0,0,0,0,0,0,0,1,0,0,0,0,1,1,0,1,0,0
clotrimazole,C22H17ClN2,344.8,C1=CC=C(C=C1)C(C2=CC=CC=C2)(C3=CC=CC=C3Cl)N4C=CN=C4,5.0,17.8,396,0,1,4,25,0,344.1080262,344.845,5.376700000000004,17.82,0,1,4,4,4,0,0,0,0,0,1,0,0,1,1,0,0,0,0,0,0,0,0,0,1,0,0,1,0,0,0,0,0,0,0,0,0,0,0,0,1,1,0,0,1,0,0,0,0,0,0,1,1,0,1,0,0,0,0,0,0,0,0,0,0,0,0,0,0,1,0,0,1,0,0,0,0,0,0,1,1,0,1,1,0,0,1,0,0,0,0,1,0,0,0,0,0,0,1,0,0,0,1,0,0,1,0,0,0,0,0,0,0,0,0,1,0,1,0,1,0,0,0,1,1,0,0,1,1,0,0,0,0
clozapine,C18H19ClN4,326.8,CN1CCN(CC1)C2=NC3=C(C=CC(=C3)Cl)NC4=CC=CC=C42,3.1,30.9,446,1,3,1,23,0,326.1298243,326.8310000000001,3.7227000000000023,30.869999999999997,1,4,0,4,2,0,1,0,0,0,0,0,0,0,0,0,0,0,0,1,0,0,0,0,1,0,0,0,1,0,0,0,0,0,0,1,1,0,1,0,0,1,1,0,1,0,0,0,0,0,0,0,1,1,1,0,0,0,0,0,0,1,0,0,1,0,0,1,0,1,0,0,0,1,0,0,0,1,0,1,0,1,0,0,1,0,1,0,0,1,0,1,0,1,0,1,1,0,0,0,1,1,0,0,0,1,0,1,0,0,0,0,1,0,0,0,0,1,0,0,1,0,0,0,0,0,1,1,0,0,0,0,0
cocaine,C17H21NO4,303.35,CN1C2CCC1C(C(C2)OC(=O)C3=CC=CC=C3)C(=O)OC,2.3,55.8,432,0,5,5,22,0,303.14705815,303.35800000000006,1.8676999999999997,55.84,0,5,3,3,1,1,1,0,0,0,1,0,0,0,0,1,0,1,0,0,1,0,1,0,0,0,0,1,0,0,1,1,0,0,0,1,0,0,1,0,0,0,1,0,1,0,1,1,0,0,1,1,1,0,0,0,0,0,0,0,1,0,0,0,0,0,0,0,0,1,1,0,0,0,1,1,0,0,1,0,0,0,0,0,1,0,1,1,0,0,0,1,0,0,0,0,0,0,0,1,0,1,0,1,0,1,0,1,0,0,1,0,0,0,0,0,0,0,1,0,0,0,0,1,0,0,1,0,1,0,1,0,0
codeine,C18H21NO3,299.4,CN1CCC23C4C1CC5=C2C(=C(C=C5)OC)OC3C(C=C4)O,1.1,41.9,509,1,4,1,22,0,299.15214353,299.37,1.5011,41.93000000000001,1,4,1,5,1,1,0,0,0,0,0,0,1,0,0,1,0,0,0,1,1,1,0,0,1,0,1,0,0,1,1,0,0,0,1,1,0,0,1,0,0,1,0,0,1,1,0,1,0,1,0,0,0,0,0,1,0,0,0,0,1,0,1,0,1,1,0,0,0,0,1,0,1,1,0,0,0,1,1,0,0,0,1,0,0,0,1,0,1,1,0,1,0,0,0,0,0,0,0,1,0,0,0,0,0,1,0,1,1,0,1,0,0,0,0,1,0,0,1,0,0,0,0,0,0,0,1,0,1,0,0,0,0
colchicine,C22H25NO6,399.4,CC(=O)NC1CCC2=CC(=C(C(=C2C3=CC=C(C(=O)C=C13)OC)OC)OC)OC,1.0,83.1,740,1,6,5,29,0,399.16818752,399.44300000000015,2.8716000000000017,83.09000000000002,1,6,5,3,2,1,0,0,1,0,0,1,0,1,1,1,0,0,0,0,0,0,0,1,0,0,0,0,0,1,0,0,0,0,0,1,0,0,1,0,0,1,0,1,1,1,0,0,0,1,1,0,0,0,0,1,0,0,1,0,1,1,0,1,0,0,0,0,1,0,0,0,1,0,0,0,0,0,1,1,0,0,1,0,0,1,1,0,1,1,0,1,0,0,0,0,0,0,0,1,0,1,0,0,0,1,1,0,0,0,0,0,1,0,0,0,0,0,0,0,0,0,1,0,0,0,1,0,1,0,1,0,0
crotamiton,C13H17NO,203.28,CCN(C1=CC=CC=C1C)C(=O)C=CC,2.8,20.3,235,0,1,3,15,0,203.131014166,203.28499999999997,2.9240200000000014,20.310000000000002,0,1,3,1,1,0,0,0,0,0,0,0,0,0,0,1,0,0,0,0,1,0,0,0,0,0,0,0,0,0,0,0,0,0,0,0,1,0,1,0,0,1,0,1,1,0,1,0,0,0,0,0,1,0,0,0,0,0,0,1,0,0,0,1,0,0,0,0,0,1,0,0,0,0,0,0,0,0,0,0,0,1,0,0,1,1,1,1,0,0,1,1,1,0,0,0,0,0,0,0,0,0,0,1,0,1,0,0,0,0,1,0,0,0,0,0,1,0,1,0,0,0,0,0,0,0,0,0,0,0,1,0,0
cyanocobalamin,C63H88CoN14O14P,1355.4,CC1=CC2=C(C=C1C)[N+](=CN2)C3C(C(C(O3)CO)OP(=O)(O)OC(C)CNC(=O)CCC4(C(C5C6(C(C(C(=N6)C(=C7C(C(C(=CC8=NC(=C(C4=N5)C)C(C8(C)C)CCC(=N)[O-])N7)CCC(=N)[O-])(C)CC(=O)N)C)CCC(=N)[O-])(C)CC(=O)N)C)CC(=O)N)C)O.[C]#N.[Co+2],,497.0,3160,12,22,26,93,0,1354.567399,1355.3879999999995,2.2330200000000056,497.12,12,21,26,8,2,1,1,0,1,1,1,0,0,0,1,1,0,1,1,1,1,1,1,1,1,0,1,0,1,1,0,0,1,1,1,1,1,1,1,1,1,1,1,1,1,0,1,0,1,0,1,1,0,1,0,1,1,0,1,1,1,1,1,1,0,1,0,0,0,1,1,0,0,0,1,1,0,1,1,1,1,0,0,1,1,1,1,0,0,1,0,0,1,1,0,1,0,0,0,1,0,1,1,1,0,1,0,1,1,1,1,1,1,1,0,0,1,0,0,1,0,1,0,0,1,1,1,1,1,0,1,1,0
cyclobenzaprine,C20H21N,275.4,CN(C)CCC=C1C2=CC=CC=C2C=CC3=CC=CC=C31,5.2,3.2,365,0,1,3,21,0,275.167399674,275.39500000000004,4.553800000000004,3.24,0,1,3,3,2,1,0,1,0,0,0,0,0,0,0,0,1,1,0,0,0,0,1,0,0,0,1,0,0,1,0,0,0,0,0,0,1,0,1,0,1,0,0,0,0,1,0,0,0,0,0,0,1,0,0,0,0,0,1,1,0,0,0,0,0,0,0,0,0,1,0,0,0,0,0,0,0,0,0,0,0,0,0,0,0,1,1,0,0,0,0,1,0,1,0,0,0,0,0,0,1,1,0,0,0,1,0,0,0,0,0,0,0,0,1,0,0,0,1,0,0,0,0,1,0,0,0,0,0,0,0,0,0
cyclopentolate,C17H25NO3,291.4,CN(C)CCOC(=O)C(C1=CC=CC=C1)C2(CCCC2)O,2.7,49.8,331,1,4,7,21,0,291.18344366,291.3910000000001,2.1801,49.769999999999996,1,4,6,2,1,0,1,1,0,1,1,0,0,0,0,1,1,1,1,0,0,0,0,1,1,0,0,0,0,0,0,0,0,0,0,1,1,0,1,0,0,1,1,0,1,0,1,0,0,1,1,0,1,0,0,0,0,0,1,0,1,0,0,0,0,0,0,0,0,1,0,0,0,0,1,0,0,0,0,0,0,0,0,0,0,1,1,0,0,1,1,1,0,0,0,0,0,0,0,0,0,0,0,0,0,1,0,1,0,0,0,0,0,0,0,0,0,0,1,1,0,0,0,0,0,0,0,0,0,0,1,0,0
cyclophosphamide,C7H15Cl2N2O2P,261.08,C1CNP(=O)(OC1)N(CCCl)CCCl,0.6,41.6,212,1,4,5,14,0,260.0248201,261.08899999999994,1.884,41.57,1,2,5,1,0,0,0,0,0,1,0,0,0,0,0,1,0,0,0,0,0,1,1,0,1,0,0,0,0,0,0,0,0,0,0,1,1,0,0,0,0,0,0,0,0,0,0,1,1,1,0,0,0,1,1,0,0,1,0,1,0,0,0,0,0,0,0,0,1,0,0,0,0,0,0,0,0,0,0,0,0,0,0,0,0,1,0,0,0,0,1,0,0,0,0,1,0,0,0,0,0,0,0,0,0,0,0,0,0,0,0,0,0,0,1,0,0,1,1,0,0,0,0,0,0,1,0,0,0,0,0,0,0
v,V,50.9415,[V],,0.0,0,0,0,0,1,0,50.943958,50.944,-0.0025,0.0,0,0,0,0,0,0,0,0,0,0,0,0,0,0,0,0,0,0,0,0,0,0,0,0,0,0,0,0,0,0,0,0,0,0,0,0,0,0,0,0,0,0,0,0,0,0,0,0,0,0,0,0,0,0,0,0,0,0,0,0,0,0,0,0,0,0,0,0,0,0,0,0,0,0,0,0,0,0,0,0,0,0,0,0,1,0,0,0,0,0,0,0,0,0,0,0,0,0,0,0,0,0,0,0,0,0,0,0,0,0,0,0,0,0,0,0,0,0,0,0,0,0,0,0,0,0,0,0,0,0,0,0,0
cyproheptadine,C21H21N,287.4,CN1CCC(=C2C3=CC=CC=C3C=CC4=CC=CC=C42)CC1,4.7,3.2,423,0,1,0,22,0,287.167399674,287.4060000000001,4.697900000000004,3.24,0,1,0,4,2,1,0,0,0,0,0,0,0,0,0,0,1,1,0,0,0,0,0,0,0,0,1,0,0,0,0,0,0,0,0,1,0,0,1,0,1,0,0,0,1,1,0,0,0,0,0,0,1,0,0,0,0,0,0,0,0,0,0,1,0,0,0,0,0,1,0,0,0,0,0,1,0,1,1,1,0,0,0,0,1,0,1,0,0,1,0,1,0,1,0,0,0,0,0,0,0,1,0,0,0,1,0,0,0,0,0,0,0,0,0,0,0,0,0,0,0,0,0,0,0,0,1,0,0,1,0,0,0
cyproterone,C22H27ClO3,374.9,CC(=O)C1(CCC2C1(CCC3C2C=C(C4=CC(=O)C5CC5C34C)Cl)C)O,3.1,54.4,797,1,3,1,26,0,374.1648724,374.90800000000013,4.036800000000004,54.370000000000005,1,3,1,5,0,0,0,1,0,1,1,0,1,0,0,1,0,1,1,0,0,0,1,0,1,0,0,1,0,0,0,1,0,1,0,1,0,1,1,0,0,1,1,0,1,0,0,0,1,0,1,0,0,1,1,0,0,0,0,0,0,0,0,1,0,0,0,0,0,0,0,0,1,1,0,0,1,0,0,0,0,1,0,0,0,0,1,0,0,1,0,0,0,0,1,0,1,0,0,0,1,0,0,1,1,1,0,0,1,1,0,0,0,0,0,1,0,0,0,0,0,0,0,0,0,0,1,1,1,0,1,0,0
danazol,C22H27NO2,337.5,CC12CCC3C(C1CCC2(C#C)O)CCC4=CC5=C(CC34C)C=NO5,3.8,46.3,677,1,3,1,25,0,337.204179104,337.4630000000001,4.221000000000004,46.260000000000005,1,3,0,5,1,1,0,1,0,0,0,0,1,0,1,1,0,0,1,0,1,1,1,0,1,0,0,0,0,1,0,0,0,1,0,1,0,0,1,1,0,1,0,1,1,0,0,0,1,1,1,0,0,0,0,0,0,0,0,1,0,1,1,0,0,0,0,0,0,0,0,0,1,0,0,0,1,0,0,1,1,0,0,1,0,0,1,0,0,1,0,0,0,0,0,0,0,1,0,0,0,0,0,0,0,1,0,1,0,0,0,0,0,1,0,1,0,0,0,0,0,0,0,0,0,1,0,1,1,0,0,0,1
dantrolene,C14H10N4O5,314.25,C1C(=O)NC(=O)N1N=CC2=CC=C(O2)C3=CC=C(C=C3)[N+](=O)[O-],1.7,121.0,524,1,6,3,23,0,314.06511943,314.25700000000006,1.7404999999999997,118.05000000000001,1,6,4,3,2,1,1,1,0,0,0,0,0,1,0,1,0,0,0,1,0,1,1,0,1,0,0,1,0,0,0,1,0,1,0,1,1,0,0,1,0,1,0,0,1,0,0,0,1,1,0,0,0,0,0,0,0,0,0,1,0,0,0,1,0,0,0,0,0,0,0,0,0,1,0,1,1,1,0,0,1,0,0,0,0,0,1,0,0,0,1,1,0,0,0,1,0,0,0,0,0,1,1,1,0,1,0,0,0,0,0,0,0,1,0,0,0,0,1,0,0,0,0,0,0,0,1,1,0,0,0,0,1
dapsone,C12H12N2O2S,248.3,C1=CC(=CC=C1N)S(=O)(=O)C2=CC=C(C=C2)N,1.0,94.6,306,2,4,2,17,0,248.0619488,248.307,1.6838,86.18,2,4,2,2,2,0,0,0,0,0,0,0,0,0,0,1,0,1,0,0,0,1,0,0,1,0,0,0,0,0,0,0,0,0,0,0,0,0,0,0,1,0,0,0,0,0,0,0,0,0,0,0,0,0,1,0,0,0,0,0,0,0,0,0,0,1,0,0,1,0,0,0,0,1,0,0,0,0,0,0,1,0,0,1,0,0,1,0,0,0,0,1,0,0,0,0,0,0,0,1,0,0,0,0,0,1,0,0,0,0,0,0,0,0,0,0,0,0,0,0,0,0,0,0,0,1,0,0,0,0,0,0,0
deferiprone,C7H9NO2,139.15,CC1=C(C(=O)C=CN1C)O,0.5,40.5,228,1,3,0,10,0,139.06332853,139.154,0.39931999999999984,42.230000000000004,1,2,0,1,1,0,1,0,0,0,0,0,0,1,0,1,0,0,0,0,0,0,0,1,0,0,0,0,0,1,0,0,0,0,0,0,0,0,1,0,0,0,0,0,1,0,0,0,0,0,0,0,0,0,0,0,0,0,0,0,0,0,1,1,0,0,0,0,0,0,0,1,0,0,0,0,0,0,0,1,0,0,1,0,1,0,1,0,0,1,0,1,0,0,0,0,0,0,0,0,0,0,0,0,0,1,0,1,0,0,0,0,0,0,0,0,0,0,0,0,0,0,0,0,0,0,1,0,0,0,0,0,0
deferoxamine,C25H48N6O8,560.7,CC(=O)N(CCCCCNC(=O)CCC(=O)N(CCCCCNC(=O)CCC(=O)N(CCCCCN)O)O)O,-2.1,206.0,739,6,9,23,39,0,560.35336251,560.6930000000007,0.9221000000000046,205.83999999999995,6,9,23,0,0,1,0,0,0,0,1,0,0,0,0,1,0,0,0,0,0,0,0,1,1,0,0,0,0,1,0,0,1,1,0,0,1,0,1,0,0,0,0,0,1,0,1,0,0,0,0,0,0,1,0,0,0,1,1,0,0,0,0,1,0,0,0,0,0,0,0,0,0,0,1,0,0,1,0,0,0,0,0,0,0,1,0,0,0,1,1,1,0,0,0,0,0,0,0,0,1,0,0,0,0,0,0,0,0,0,0,0,1,0,1,0,0,0,1,0,1,0,1,0,1,0,1,0,0,0,1,0,0
desipramine,C18H22N2,266.4,CNCCCN1C2=CC=CC=C2CCC3=CC=CC=C31,4.9,15.3,267,1,2,4,20,0,266.17829871,266.388,3.5328000000000026,15.27,1,2,4,3,2,1,1,0,0,0,0,0,0,0,0,1,0,0,0,0,1,0,0,0,0,0,0,1,0,0,0,0,1,0,0,1,0,0,1,0,0,0,0,0,1,0,0,0,0,1,0,0,1,0,1,0,0,0,0,0,0,0,0,0,1,0,0,1,0,1,0,0,0,0,0,0,0,0,0,1,1,1,1,1,0,1,1,0,0,1,0,1,0,0,0,0,0,0,0,1,0,0,0,0,0,1,0,0,0,0,0,0,0,0,0,0,1,0,0,0,0,0,0,0,1,0,1,0,0,0,0,0,0
desoximetasone,C22H29FO4,376.5,CC1CC2C3CCC4=CC(=O)C=CC4(C3(C(CC2(C1C(=O)CO)C)O)F)C,2.3,74.6,757,2,5,2,27,0,376.20498756,376.46800000000013,2.780800000000001,74.60000000000001,2,4,2,4,0,1,0,0,0,0,0,0,1,1,0,1,0,1,0,1,0,1,0,1,1,1,0,0,0,1,0,0,0,0,1,1,0,0,1,0,1,1,1,0,1,0,0,1,0,0,1,0,0,0,0,0,0,0,0,1,0,0,0,1,0,0,1,0,0,0,0,0,1,0,1,1,1,0,0,1,0,1,0,0,0,1,1,0,0,1,0,0,0,1,0,0,0,1,0,1,0,0,0,0,0,1,1,0,0,0,1,0,0,1,1,1,0,0,0,0,0,0,0,0,0,1,0,1,1,0,1,0,1
amphetamine,C9H13N,135.21,CC(CC1=CC=CC=C1)N,1.8,26.0,84,1,1,2,10,0,135.104799419,135.20999999999995,1.5763,26.02,1,1,2,1,1,0,1,0,0,0,1,0,0,0,0,0,0,0,0,0,1,0,0,1,1,0,0,0,0,0,0,0,1,0,0,0,0,0,1,0,0,0,0,0,0,0,0,1,0,0,0,0,1,0,0,0,0,0,0,0,1,0,0,0,0,0,0,0,0,1,0,0,0,0,0,0,0,0,0,0,0,0,0,0,1,1,1,0,0,0,0,1,0,0,1,1,0,0,0,0,0,0,0,0,0,1,0,0,0,0,0,1,0,0,0,0,0,0,0,0,0,0,0,0,0,0,0,0,0,0,0,0,0
dextromethorphan,C18H25NO,271.4,CN1CCC23CCCCC2C1CC4=C3C=C(C=C4)OC,3.4,12.5,370,0,2,1,20,0,271.193614421,271.40400000000005,3.3834000000000026,12.47,0,2,1,4,1,1,0,0,0,1,0,0,1,0,0,1,0,0,1,0,0,0,0,0,0,0,0,0,1,0,1,0,0,1,1,1,0,0,1,1,0,1,0,0,1,0,0,0,0,1,1,0,0,0,0,1,0,1,0,0,1,0,0,0,0,1,0,0,0,0,0,1,1,1,0,0,0,1,1,0,0,0,0,1,0,0,1,0,0,1,0,1,0,0,0,0,0,1,0,1,0,0,0,0,0,1,0,1,1,1,0,0,1,0,0,1,0,0,0,0,0,0,0,0,0,0,1,1,1,0,0,0,0
DFMO,C6H12F2N2O2,182.17,C(CC(C(F)F)(C(=O)O)N)CN,-2.9,89.3,166,3,6,5,12,0,182.08668395,182.17,-0.22749999999999948,89.33999999999999,3,3,5,0,0,0,1,0,0,0,1,0,0,1,0,1,0,0,0,0,0,0,0,0,1,0,0,0,0,0,0,1,0,1,0,0,0,0,0,0,1,0,0,0,1,0,0,0,0,0,0,0,0,1,0,0,0,0,0,0,0,0,1,0,0,0,0,0,1,0,0,0,0,0,0,0,0,0,0,0,0,0,0,0,1,1,0,0,0,0,1,0,0,0,1,0,0,0,0,0,0,0,0,0,0,0,0,0,0,0,0,0,0,0,1,1,1,0,0,1,0,0,0,1,1,0,0,0,0,0,1,0,0
diazepam,C16H13ClN2O,284.74,CN1C(=O)CN=C(C2=C1C=CC(=C2)Cl)C3=CC=CC=C3,3.0,32.7,403,0,2,1,20,0,284.0716407,284.74600000000004,3.1538000000000013,32.67,0,2,1,3,2,0,0,0,0,0,1,0,1,1,0,1,0,0,0,0,1,0,0,0,1,0,0,0,0,0,0,0,0,0,0,1,0,0,1,0,1,0,1,0,1,0,0,0,0,0,0,0,1,1,1,1,0,0,0,0,0,0,1,1,0,0,0,0,1,1,0,0,0,0,0,1,0,0,0,0,1,0,0,0,0,0,1,0,0,1,0,1,0,1,0,0,1,1,0,0,0,1,0,0,0,1,0,0,0,0,0,0,1,0,0,0,0,1,1,0,0,0,0,0,0,0,1,1,1,0,1,0,0
diazoxide,C8H7ClN2O2S,230.67,CC1=NS(=O)(=O)C2=C(N1)C=CC(=C2)Cl,1.2,66.9,360,1,3,0,14,0,229.9916763,230.67600000000002,1.8726,58.53,1,3,0,2,1,0,0,0,0,0,1,0,0,0,0,1,0,0,0,0,0,0,0,0,1,0,0,0,1,0,1,0,0,1,0,0,0,0,1,0,0,1,1,0,0,0,0,0,0,1,0,0,0,1,1,0,0,0,0,0,0,0,0,1,0,0,0,1,0,0,0,0,0,0,0,0,0,0,0,1,0,0,0,0,1,1,1,0,1,0,1,1,0,1,0,1,0,0,0,0,0,0,0,0,0,1,0,0,0,0,0,0,1,0,1,0,0,1,0,0,1,0,0,0,0,0,0,1,0,0,0,0,0
diclofenac,C14H11Cl2NO2,296.1,C1=CC=C(C(=C1)CC(=O)O)NC2=C(C=CC=C2Cl)Cl,4.4,49.3,304,2,3,4,19,0,295.016684,296.153,4.364100000000001,49.33,2,2,4,2,2,1,0,0,0,0,1,0,0,0,0,1,0,0,0,0,1,0,0,1,1,0,0,0,0,0,0,0,0,0,0,0,0,1,0,0,0,0,0,0,1,0,0,0,1,0,0,0,1,0,1,0,0,0,0,0,0,0,0,0,0,0,1,0,0,1,0,0,0,0,1,0,0,1,1,0,0,0,0,1,0,1,1,0,0,0,0,1,0,0,0,0,0,0,0,0,0,0,0,0,0,1,0,0,0,0,0,0,1,0,0,1,0,0,0,0,0,0,0,0,0,0,0,0,0,0,1,0,1
dichlorphenamide,C6H6Cl2N2O4S2,305.2,C1=C(C=C(C(=C1S(=O)(=O)N)Cl)Cl)S(=O)(=O)N,0.3,137.0,452,2,6,2,16,0,303.9146044,305.16400000000004,0.28820000000000023,120.31999999999998,2,4,2,1,1,0,0,0,0,0,0,0,0,1,0,1,0,0,0,0,0,0,0,0,1,1,0,0,1,0,0,0,0,0,0,0,0,0,0,0,0,0,0,0,0,0,0,0,0,0,1,0,0,0,1,0,1,0,0,0,0,0,0,0,1,0,1,0,1,0,1,0,0,1,0,0,1,0,0,0,0,0,0,0,0,0,1,0,0,0,0,0,0,0,0,0,0,0,0,1,0,0,0,0,0,1,0,0,0,0,0,0,1,0,0,1,0,0,0,0,1,0,0,0,0,0,0,0,0,0,0,0,0
dicloxacillin,C19H17Cl2N3O5S,470.3,CC1=C(C(=NO1)C2=C(C=CC=C2Cl)Cl)C(=O)NC3C4N(C3=O)C(C(S4)(C)C)C(=O)O,2.9,138.0,746,2,7,4,30,0,469.0265972,470.3340000000002,3.2021200000000007,112.74,2,6,4,4,2,1,0,1,1,0,1,1,0,0,0,1,0,0,1,0,1,1,1,1,1,0,0,0,1,0,0,0,0,0,0,0,0,0,1,0,1,1,0,0,1,1,0,0,0,0,0,0,0,0,1,0,0,0,1,0,0,0,1,1,0,0,0,0,0,1,0,0,1,0,0,0,0,0,0,1,0,0,1,1,0,0,1,0,1,0,1,1,0,0,0,0,0,0,0,0,0,0,0,0,1,1,0,1,0,0,1,1,0,0,0,1,0,0,1,0,0,0,0,1,0,1,0,1,1,0,1,1,1
dicyclomine,C19H35NO2,309.5,CCN(CC)CCOC(=O)C1(CCCCC1)C2CCCCC2,5.5,29.5,326,0,3,8,22,0,309.266779359,309.4940000000001,4.402200000000004,29.54,0,3,7,2,0,0,0,1,0,1,0,0,0,0,0,1,0,0,1,0,0,1,0,0,1,0,0,0,0,0,0,0,1,0,0,1,1,0,1,0,0,1,0,1,1,0,0,0,0,1,1,0,0,0,0,0,0,0,0,0,1,0,0,0,0,1,1,0,0,0,1,0,0,0,0,0,0,0,0,0,0,0,1,0,0,1,0,0,0,0,0,0,1,0,0,0,0,0,0,1,0,0,1,0,0,0,0,1,0,0,0,0,0,1,0,0,0,0,1,0,0,0,0,0,0,0,0,1,1,0,1,0,0
didanosine,C10H12N4O3,236.23,C1CC(OC1CO)N2C=NC3=C2N=CNC3=O,-1.2,88.7,348,2,5,2,17,0,236.09094026,236.231,-0.21050000000000008,93.03,2,5,2,3,2,0,1,0,0,1,0,1,0,0,0,1,0,1,0,0,0,1,0,0,0,0,0,0,0,0,0,0,0,0,0,1,0,1,0,0,0,1,0,1,1,0,0,0,0,1,1,0,0,1,1,0,0,0,0,0,0,1,0,1,0,1,0,0,0,0,1,1,0,0,0,0,1,0,1,0,0,0,0,0,0,1,1,0,0,0,0,0,0,0,0,1,0,0,0,1,0,0,0,0,0,1,1,1,0,0,0,0,0,1,0,1,1,0,0,0,0,1,1,0,0,0,0,1,1,0,0,0,1
diflorasone,C22H28F2O5,410.5,CC1CC2C3CC(C4=CC(=O)C=CC4(C3(C(CC2(C1(C(=O)CO)O)C)O)F)C)F,1.9,94.8,839,3,7,2,29,0,410.19048031,410.4570000000001,1.8437,94.83000000000001,3,5,2,4,0,1,0,1,0,0,0,0,1,1,0,1,0,1,1,0,1,0,0,0,1,1,0,1,0,0,0,0,0,1,1,1,0,1,1,0,1,1,0,0,1,1,0,1,0,0,0,0,0,0,0,0,0,0,0,0,1,0,0,1,0,0,0,0,0,0,0,0,1,1,0,0,1,0,1,0,0,1,1,0,0,1,1,0,0,1,0,0,0,0,0,0,0,0,0,1,0,0,0,0,0,1,1,0,0,0,1,1,0,1,0,1,0,0,1,0,0,0,1,0,0,1,0,1,1,1,1,0,1
diflunisal,C13H8F2O3,250.2,C1=CC(=C(C=C1C2=C(C=C(C=C2)F)F)C(=O)O)O,4.4,57.5,311,2,5,2,18,0,250.04415044,250.19999999999996,3.035600000000001,57.53,2,2,2,2,2,1,0,1,0,0,1,1,0,1,0,1,0,0,0,0,0,0,0,0,0,0,0,0,1,0,0,0,1,0,0,0,0,0,0,0,0,0,0,0,1,1,0,0,0,0,0,0,0,1,0,0,0,0,0,0,0,0,0,0,1,0,1,0,0,0,1,1,1,0,0,0,1,1,0,0,0,0,0,0,1,0,1,0,1,0,0,1,0,0,0,0,0,0,0,0,0,1,0,0,0,1,0,0,0,0,0,0,1,0,0,0,0,0,0,1,0,0,0,0,0,0,0,0,0,0,1,0,0
epitopic,C27H34F2O7,508.5,CCCC(=O)OC1(CCC2C1(CC(C3(C2CC(C4=CC(=O)C=CC43C)F)F)O)C)C(=O)COC(=O)C,3.4,107.0,1050,1,9,8,36,0,508.22725974,508.5580000000003,3.5195000000000025,106.97000000000003,1,7,6,4,0,0,1,0,0,0,0,0,1,1,0,1,1,1,1,0,1,0,1,0,1,0,0,1,0,0,0,1,1,1,0,1,0,1,1,0,1,1,0,1,1,0,0,1,0,0,1,0,1,0,0,0,0,0,0,0,1,0,0,1,0,1,0,0,0,0,0,1,1,1,0,0,1,0,0,0,0,0,1,1,0,1,1,0,0,1,0,1,0,0,0,0,0,0,0,1,0,0,0,0,0,1,1,0,0,0,1,1,0,1,1,1,0,0,1,0,0,0,0,0,0,1,1,1,1,0,1,0,1
digoxin,C41H64O14,780.9,CC1C(C(CC(O1)OC2C(OC(CC2O)OC3C(OC(CC3O)OC4CCC5(C(C4)CCC6C5CC(C7(C6(CCC7C8=CC(=O)OC8)O)C)O)C)C)C)O)O,1.3,203.0,1450,6,14,7,55,0,780.42960671,780.9490000000003,2.2181000000000024,203.06,6,14,7,8,0,0,1,1,1,0,0,0,1,0,0,1,0,1,0,0,0,1,0,0,0,0,0,0,1,0,0,0,0,0,1,1,1,0,1,0,0,1,1,1,1,0,1,1,1,0,1,0,1,0,0,1,0,0,0,0,1,0,1,1,1,1,0,0,1,0,0,0,1,1,1,0,0,0,0,0,0,0,1,0,1,1,1,1,0,1,0,1,0,0,0,0,0,1,0,0,0,0,1,0,1,1,1,0,0,1,1,0,0,0,1,0,0,1,0,1,0,0,1,0,1,1,0,1,1,1,0,0,0
dihydrocodeine,C18H23NO3,301.4,CN1CCC23C4C1CC5=C2C(=C(C=C5)OC)OC3C(CC4)O,2.2,41.9,471,1,4,1,22,0,301.1677936,301.3860000000001,1.7250999999999999,41.93000000000001,1,4,1,5,1,1,0,0,0,0,0,0,1,0,0,1,0,0,0,1,1,1,0,0,1,0,0,0,0,0,1,0,0,0,1,1,0,0,1,1,0,1,0,0,1,0,0,0,0,1,1,1,0,0,1,1,0,0,0,0,1,0,0,0,0,1,1,0,0,0,0,0,1,1,0,0,0,1,1,0,0,0,0,0,0,0,1,0,1,1,0,1,0,0,0,0,0,0,0,1,0,0,0,0,0,1,0,1,1,0,1,0,0,0,0,1,0,0,1,0,0,0,0,0,0,0,1,0,1,0,0,1,0
dihydroergotamine,C33H37N5O5,583.7,CC1(C(=O)N2C(C(=O)N3CCCC3C2(O1)O)CC4=CC=CC=C4)NC(=O)C5CC6C(CC7=CNC8=CC=CC6=C78)N(C5)C,2.4,118.0,1160,3,6,4,43,0,583.2794693,583.689,2.0811000000000006,118.21,3,6,4,8,3,1,1,1,1,1,1,0,0,0,0,1,0,1,1,0,1,1,1,0,0,0,1,0,0,0,1,0,0,0,0,1,0,0,1,0,0,1,0,1,1,0,0,1,0,1,1,0,1,1,1,1,0,1,0,0,0,0,0,1,0,0,0,1,0,1,0,1,0,1,0,1,1,1,0,1,1,1,0,1,0,1,1,0,0,1,0,1,1,1,0,1,0,0,0,1,0,1,1,0,1,1,0,1,1,0,0,0,0,1,0,0,0,0,0,0,1,0,0,0,1,0,1,1,1,1,1,0,1
diltiazem,C22H26N2O4S,414.5,CC(=O)OC1C(SC2=CC=CC=C2N(C1=O)CCN(C)C)C3=CC=C(C=C3)OC,3.1,84.4,565,0,6,7,29,0,414.16132849,414.5270000000002,3.368500000000002,59.08,0,6,6,3,2,1,0,0,0,0,1,0,1,0,1,1,1,1,1,0,1,0,0,0,0,0,1,0,0,0,1,0,0,0,0,0,1,0,1,0,1,0,0,0,1,0,0,0,0,0,0,0,1,0,0,0,0,0,1,0,1,0,0,1,0,0,0,0,1,1,0,1,0,0,0,0,1,0,1,0,0,1,0,1,0,1,1,0,0,0,0,1,0,0,0,0,0,0,0,0,0,0,0,0,0,1,0,1,0,1,0,0,0,1,0,0,1,0,1,0,0,0,0,0,0,1,1,1,1,0,1,0,1
dimercaprol,C3H8OS2,124.23,C(C(CS)S)O,0.2,22.2,32,3,3,2,6,0,124.00165722,124.22999999999996,0.20689999999999997,20.23,3,3,2,0,0,0,1,0,0,0,0,0,0,0,0,0,0,0,0,0,0,0,0,0,0,0,0,0,0,0,0,0,0,0,0,0,0,0,0,0,0,0,0,0,1,0,0,0,0,0,0,0,0,0,0,0,1,0,0,0,0,0,0,0,0,0,0,0,0,0,1,0,0,0,0,0,0,0,0,0,0,0,0,0,0,1,0,0,0,1,0,0,0,0,0,0,0,0,0,1,0,0,0,1,0,0,1,0,0,0,0,0,0,1,0,1,0,0,0,0,0,0,0,0,0,0,0,0,0,1,0,0,0
diphenhydramine,C17H21NO,255.35,CN(C)CCOC(C1=CC=CC=C1)C2=CC=CC=C2,3.3,12.5,211,0,2,6,19,0,255.162314293,255.36100000000002,3.3542000000000023,12.47,0,2,6,2,2,0,1,0,0,0,1,0,0,0,0,0,1,1,1,0,0,0,0,1,0,0,0,0,0,0,0,0,0,0,0,0,1,0,1,0,0,0,0,0,0,0,0,0,0,0,1,1,1,0,0,0,1,0,1,0,1,0,0,0,0,1,0,0,1,1,0,0,0,0,0,0,0,0,0,1,0,0,0,0,0,1,1,0,0,0,1,1,0,0,0,0,0,0,0,0,0,0,0,0,0,1,0,0,0,0,0,0,0,0,0,0,0,0,1,0,0,0,0,0,0,0,0,0,0,0,0,0,0
dipivefrin,C19H29NO5,351.4,CC(C)(C)C(=O)OC1=C(C=C(C=C1)C(CNC)O)OC(=O)C(C)(C)C,2.9,84.9,463,2,6,9,25,0,351.20457303,351.44300000000015,2.8424000000000014,84.86000000000001,2,6,5,1,1,1,1,0,0,0,0,1,0,1,0,1,0,0,0,1,0,0,0,0,0,0,0,1,0,0,0,1,0,0,0,0,0,0,1,0,0,0,0,1,1,0,0,0,0,1,0,0,0,0,0,1,0,0,0,0,1,0,0,0,0,0,1,0,0,0,1,0,0,0,0,1,0,0,0,0,1,1,0,0,0,1,1,1,0,0,1,1,1,0,0,0,0,0,0,1,0,0,0,0,1,1,0,0,0,0,0,0,1,0,1,0,1,0,0,1,0,0,0,0,0,1,0,0,0,0,1,0,0
dipyridamole,C24H40N8O4,504.6,C1CCN(CC1)C2=NC(=NC3=C2N=C(N=C3N4CCCCC4)N(CCO)CCO)N(CCO)CCO,0.7,145.0,561,4,12,12,36,0,504.31725179,504.6360000000005,-0.017599999999998117,145.44,4,12,12,4,2,0,0,1,0,1,0,1,0,0,0,0,0,0,0,0,0,0,0,0,0,0,0,0,1,0,0,0,0,1,1,1,1,0,0,0,0,0,0,0,1,1,0,0,0,0,0,0,0,0,0,0,0,0,0,0,0,0,0,0,0,1,1,1,1,1,0,0,0,0,0,0,0,1,0,0,0,0,0,1,0,1,0,0,0,0,0,0,1,0,1,0,0,0,0,1,0,0,0,0,1,1,0,0,0,0,0,0,0,0,0,0,0,0,1,0,0,0,0,0,0,1,0,1,0,0,0,0,0
disopyramide,C21H29N3O,339.5,CC(C)N(CCC(C1=CC=CC=C1)(C2=CC=CC=N2)C(=O)N)C(C)C,3.2,59.2,409,1,3,8,25,0,339.231062557,339.4830000000002,3.361900000000001,59.22,1,3,8,2,2,0,1,0,1,0,1,0,0,0,1,1,0,1,0,0,0,0,0,1,1,0,0,0,0,0,0,0,1,1,0,0,1,0,1,1,0,0,0,0,1,0,0,0,0,1,0,0,1,1,0,0,0,0,0,0,0,0,0,0,0,0,0,1,1,1,0,0,1,1,0,0,0,0,0,1,0,0,1,0,0,1,1,1,0,0,0,1,0,0,0,0,0,0,0,0,1,0,1,0,0,1,0,0,0,0,1,0,0,0,0,0,0,0,1,1,0,0,0,1,0,0,1,1,0,0,1,0,0
disulfiram,C10H20N2S4,296.5,CCN(CC)C(=S)SSC(=S)N(CC)CC,3.9,121.0,201,0,4,7,16,0,296.05093334,296.5520000000001,3.6212000000000026,6.48,0,4,4,0,0,0,0,0,0,0,0,0,0,0,0,0,0,0,0,0,0,0,0,0,0,0,0,0,1,1,0,0,0,0,0,0,0,0,1,0,0,1,0,1,1,0,0,0,0,0,0,0,0,0,1,0,0,0,0,0,0,0,0,0,0,0,0,0,0,0,0,0,0,0,0,0,0,0,0,0,0,0,0,0,0,1,0,1,0,0,0,0,0,0,0,0,0,0,0,0,0,0,1,0,0,0,0,0,0,0,1,0,0,0,0,1,0,1,1,0,0,1,0,0,0,0,0,0,0,0,0,0,0
valproate,C8H15O2-,143.2,CCCC(CCC)C(=O)[O-],3.4,40.1,87,0,2,4,10,-1,143.107204717,143.206,0.9526999999999999,40.129999999999995,0,2,5,0,0,0,1,0,0,0,0,0,0,0,0,1,0,0,0,0,0,0,0,0,0,0,0,0,0,0,0,1,0,0,0,0,0,1,1,0,0,0,0,1,1,0,0,0,0,0,0,0,0,0,0,0,0,0,0,0,0,0,0,0,0,0,0,0,0,0,0,0,0,0,0,0,0,0,1,1,1,0,0,0,0,1,0,0,0,0,1,0,0,0,0,0,0,0,0,0,0,0,0,0,1,0,0,0,0,0,0,1,0,0,0,0,0,0,0,0,0,0,0,0,0,0,0,0,0,0,1,0,0
alpha-methyl-p-tyrosine,C10H13NO3,195.21,CC(CC1=CC=C(C=C1)O)(C(=O)O)N,-1.6,83.6,211,3,4,3,14,0,195.08954328,195.21799999999996,0.7366999999999997,83.55,3,3,3,1,1,0,0,0,0,0,1,0,1,1,0,1,0,0,0,0,0,0,0,0,1,0,0,1,0,0,0,1,0,0,0,0,0,0,1,0,1,0,0,0,1,0,0,0,0,0,0,0,0,0,0,0,0,0,0,1,0,0,1,0,0,0,0,0,0,0,0,1,0,0,0,0,0,0,0,0,0,0,0,0,0,1,1,0,0,0,0,1,0,0,0,1,0,0,0,0,0,0,0,1,0,1,0,0,0,0,1,0,0,0,0,0,0,0,0,1,0,0,0,0,0,1,0,0,0,0,1,0,0
docetaxel,C43H53NO14,807.9,CC1=C2C(C(=O)C3(C(CC4C(C3C(C(C2(C)C)(CC1OC(=O)C(C(C5=CC=CC=C5)NC(=O)OC(C)(C)C)O)O)OC(=O)C6=CC=CC=C6)(CO4)OC(=O)C)O)C)O,1.6,224.0,1660,5,14,13,58,0,807.34660536,807.8900000000004,3.259600000000003,224.44999999999996,5,14,8,6,2,1,1,1,1,0,1,0,0,1,1,1,1,1,0,0,0,1,1,0,1,1,0,0,0,0,0,1,0,1,1,1,0,1,1,1,0,1,0,1,1,1,1,1,0,0,1,0,1,1,0,1,1,0,0,1,1,1,1,1,0,1,0,0,1,1,1,1,1,1,0,0,1,1,0,1,0,0,0,0,0,0,1,0,0,0,1,1,0,1,0,0,1,0,1,1,0,1,0,0,1,1,0,1,1,0,1,0,1,0,0,0,0,1,0,1,0,1,1,0,1,1,1,1,1,0,1,0,0
dolasetron,C19H20N2O3,324.4,C1C2CC3CC(CC1N3CC2=O)OC(=O)C4=CNC5=CC=CC=C54,3.4,62.4,535,1,4,3,24,0,324.1473925,324.38000000000005,2.519000000000001,62.4,1,4,2,6,2,0,0,1,0,0,1,0,0,0,0,1,0,1,0,0,1,0,1,0,0,0,0,1,0,0,0,1,1,0,0,1,0,0,0,0,0,0,1,1,1,0,0,1,0,0,0,0,1,0,0,0,0,0,0,0,1,0,0,1,0,0,0,0,0,1,0,0,0,0,0,0,1,1,0,0,0,0,1,0,0,1,1,0,0,0,0,1,1,0,1,1,0,0,0,0,0,0,0,0,0,1,0,1,0,0,0,1,0,0,0,0,0,0,0,1,0,0,0,1,1,0,0,0,1,1,1,0,0
domperidone,C22H24ClN5O2,425.9,C1CN(CCC1N2C3=C(C=C(C=C3)Cl)NC2=O)CCCN4C5=CC=CC=C5NC4=O,3.9,67.9,655,2,3,5,30,0,425.1618527,425.92000000000024,3.353200000000001,78.82,2,3,5,5,4,0,0,0,0,0,1,0,0,0,0,1,0,0,1,0,0,0,1,0,1,0,0,0,0,0,0,0,0,0,0,1,0,0,0,1,0,1,1,0,1,0,0,1,0,0,1,0,1,1,1,0,1,0,0,0,0,0,0,1,0,0,0,0,0,1,0,0,0,0,0,0,0,1,0,1,0,0,0,0,1,1,1,0,0,1,0,1,0,1,0,1,1,0,0,1,1,0,0,0,0,1,1,0,0,0,0,0,1,0,1,0,0,0,0,0,0,1,0,1,1,0,1,0,1,0,0,1,1
donepezil,C24H29NO3,379.5,COC1=C(C=C2C(=C1)CC(C2=O)CC3CCN(CC3)CC4=CC=CC=C4)OC,4.3,38.8,510,0,4,6,28,0,379.21474379,379.50000000000006,4.361100000000004,38.769999999999996,0,4,6,4,2,1,0,0,1,0,1,0,0,0,1,1,0,0,0,0,0,1,0,0,1,1,1,0,0,1,0,0,1,0,1,1,0,1,1,0,0,0,0,0,1,0,0,1,0,0,1,0,1,0,0,1,0,0,0,0,1,0,0,1,0,0,0,0,0,1,0,0,0,1,0,0,0,1,1,0,1,0,1,0,0,1,1,0,0,1,0,1,0,1,0,1,0,0,1,0,0,1,0,1,0,1,1,0,1,0,0,0,1,0,1,0,0,0,0,0,0,0,0,0,0,0,1,0,1,0,0,0,1
dorzolamide,C10H16N2O4S3,324.4,CCNC1CC(S(=O)(=O)C2=C1C=C(S2)S(=O)(=O)N)C,0.4,151.0,534,2,7,3,19,0,324.02722052,324.44900000000007,0.612,106.33,2,6,3,2,1,1,0,0,1,0,0,0,0,1,0,1,0,1,0,0,0,0,0,0,1,0,0,0,0,0,0,0,0,0,1,1,0,0,1,1,1,0,1,1,0,1,0,0,0,0,0,1,0,0,0,0,0,0,0,0,0,0,0,0,1,0,0,1,0,0,1,0,0,1,0,0,1,0,0,0,0,0,0,0,1,1,1,1,0,1,1,1,0,0,0,0,0,0,0,1,0,0,0,1,0,1,0,0,0,0,0,1,1,0,0,0,0,1,1,0,0,0,0,0,0,0,0,0,1,0,0,0,0
dothiepin,C19H21NS,295.4,CN(C)CCC=C1C2=CC=CC=C2CSC3=CC=CC=C31,4.5,28.5,363,0,2,3,21,0,295.13947085,295.451,4.675700000000004,3.24,0,2,3,3,2,0,0,1,0,0,0,0,0,0,0,0,1,1,1,0,0,0,1,0,0,0,0,0,1,1,0,0,0,0,1,1,1,0,1,0,1,0,0,0,0,0,0,0,0,1,1,0,1,0,0,0,0,0,1,1,0,0,0,0,0,0,0,0,0,1,0,0,0,0,0,1,0,0,0,0,0,0,0,0,0,1,1,0,0,1,0,1,0,1,0,0,1,1,0,1,1,1,0,0,1,1,0,0,0,0,0,0,0,0,1,0,0,0,1,0,0,0,0,1,0,0,0,0,0,0,0,0,0
doxapram,C24H30N2O2,378.5,CCN1CC(C(C1=O)(C2=CC=CC=C2)C3=CC=CC=C3)CCN4CCOCC4,3.3,32.8,487,0,3,6,28,0,378.230728204,378.5160000000003,3.173300000000002,32.78,0,3,6,4,2,0,1,0,1,1,1,0,0,0,0,1,1,0,0,0,0,1,0,0,0,1,0,0,0,0,0,0,1,0,0,1,0,0,1,1,0,1,0,1,1,0,0,1,0,1,0,0,1,1,0,0,0,1,0,1,0,0,1,1,0,0,0,0,0,1,1,0,0,0,0,0,0,1,0,1,0,0,0,0,0,1,1,0,0,0,0,1,0,0,0,0,0,0,0,0,0,0,0,0,1,1,0,1,0,0,0,0,0,0,0,0,0,0,0,0,0,0,0,0,1,0,1,0,1,0,1,0,1
doxazosin,C23H25N5O5,451.5,COC1=C(C=C2C(=C1)C(=NC(=N2)N3CCN(CC3)C(=O)C4COC5=CC=CC=C5O4)N)OC,2.5,112.0,678,1,9,4,33,0,451.18556891,451.4830000000002,1.7177999999999995,112.27000000000001,1,9,4,5,3,1,0,0,1,1,0,0,0,0,0,1,0,1,0,0,0,1,0,0,1,0,0,0,1,0,0,0,0,0,0,1,0,0,1,0,0,0,0,0,1,0,0,0,0,0,0,0,1,0,1,1,1,0,1,0,1,0,1,0,0,0,0,0,1,1,0,1,0,0,0,0,0,1,1,0,0,1,1,0,1,0,1,1,0,1,1,1,0,0,1,0,0,1,1,0,1,0,0,0,0,1,0,0,0,1,1,0,1,0,1,1,1,1,1,0,0,0,0,1,0,0,1,1,1,0,1,0,1
doxepin,C19H21NO,279.4,CN(C)CCC=C1C2=CC=CC=C2COC3=CC=CC=C31,4.3,12.5,363,0,2,3,21,0,279.162314293,279.383,3.9624000000000033,12.47,0,2,3,3,2,0,0,1,0,0,0,0,0,0,0,0,1,1,0,0,0,1,1,0,0,0,0,0,0,1,0,0,0,0,0,1,1,0,1,0,0,0,0,0,0,0,0,0,0,1,0,0,1,0,0,0,0,0,1,1,0,0,1,0,0,0,0,0,0,1,0,0,0,0,0,0,0,0,1,0,1,0,0,0,0,1,1,0,0,1,0,1,0,1,0,0,0,0,0,1,1,1,1,0,0,1,0,0,0,0,0,0,0,0,1,0,0,0,1,0,0,1,0,1,0,1,0,0,0,0,0,0,0
droperidol,C22H22FN3O2,379.4,C1CN(CC=C1N2C3=CC=CC=C3NC2=O)CCCC(=O)C4=CC=C(C=C4)F,3.5,52.7,615,1,4,6,28,0,379.16960512,379.43500000000006,3.6784000000000026,58.1,1,3,6,4,3,0,0,1,0,0,1,1,0,1,0,1,0,0,1,0,0,0,0,0,0,0,0,0,0,0,0,0,0,1,1,1,0,0,1,1,0,0,0,0,1,0,0,0,1,0,1,0,1,0,0,0,1,0,1,0,0,1,0,1,1,0,0,0,0,1,0,0,0,0,1,0,0,1,1,1,0,0,1,0,1,1,1,1,0,0,0,1,0,0,0,1,1,0,1,0,0,0,0,0,0,1,0,0,0,0,1,0,0,0,0,0,0,0,0,0,0,0,1,1,1,0,1,0,0,0,1,1,1
L-threo-DOPS,C9H11NO5,213.19,C1=CC(=C(C=C1C(C(C(=O)O)N)O)O)O,-3.2,124.0,235,5,6,3,15,0,213.06372245,213.189,-0.4569000000000003,124.01,5,5,3,1,1,0,1,0,0,0,1,0,0,0,0,1,0,0,0,0,0,0,0,1,1,0,0,0,0,0,0,0,0,0,0,0,0,0,0,0,0,0,0,0,1,0,0,0,0,0,0,0,0,0,0,0,0,1,0,0,0,0,0,0,1,0,1,0,0,0,0,1,1,0,0,0,1,0,0,0,0,0,1,0,0,0,1,0,0,0,1,1,1,1,0,0,0,1,0,0,0,0,0,0,1,1,0,0,1,0,0,0,1,0,1,0,0,0,0,0,1,0,0,0,0,1,0,0,0,0,1,0,0
dyphylline,C10H14N4O4,254.24,CN1C2=C(C(=O)N(C1=O)C)N(C=N2)CC(CO)O,-1.8,98.9,364,2,5,3,18,0,254.10150494,254.24599999999998,-2.2130999999999985,102.28,2,5,3,2,2,1,1,1,1,0,0,0,0,0,0,1,0,0,0,0,0,1,0,1,0,0,1,0,0,0,0,0,1,0,0,0,0,1,1,0,0,1,0,0,1,0,0,0,0,1,0,0,1,0,0,0,1,1,0,0,0,0,1,1,0,0,0,0,0,0,0,0,0,0,0,0,0,0,0,0,0,0,0,0,0,1,1,0,0,0,0,0,0,0,1,0,0,0,0,1,1,0,0,1,1,1,0,0,0,0,0,1,0,0,0,0,0,0,0,0,0,0,0,1,0,1,1,1,0,0,0,0,0
econazole,C18H15Cl3N2O,381.7,C1=CC(=CC=C1COC(CN2C=CN=C2)C3=C(C=C(C=C3)Cl)Cl)Cl,5.3,27.1,379,0,2,6,24,0,380.024996,381.68999999999994,5.801400000000003,27.05,0,2,6,3,3,0,1,1,0,0,0,0,1,0,0,1,0,0,0,0,0,1,0,0,1,0,0,0,0,0,0,0,1,0,1,1,0,0,0,0,0,1,1,0,1,0,0,0,0,0,0,1,0,1,1,0,0,0,0,1,1,0,1,0,0,1,0,0,0,1,0,0,1,0,0,0,0,0,0,1,1,0,1,0,0,1,1,0,0,0,0,1,0,1,0,1,0,0,1,0,0,0,1,0,0,1,0,0,0,0,1,0,1,0,1,1,0,0,0,0,0,0,0,1,0,0,0,1,0,0,0,0,0
trabectedin,C39H43N3O11S,761.8,CC1=CC2=C(C3C4C5C6=C(C(=C7C(=C6C(N4C(C(C2)N3C)O)COC(=O)C8(CS5)C9=CC(=C(C=C9CCN8)O)OC)OCO7)C)OC(=O)C)C(=C1OC)O,3.4,194.0,1450,4,15,4,54,0,761.26183037,761.8500000000004,3.4132400000000023,168.72,4,15,3,10,3,1,1,0,1,0,0,0,1,0,0,1,1,0,0,1,0,1,1,0,0,0,1,1,0,0,1,1,0,0,1,1,0,1,1,0,1,1,0,0,1,1,1,0,0,0,0,0,0,0,1,1,0,0,1,0,1,0,1,1,1,1,0,0,1,0,1,1,1,1,1,1,1,0,1,1,0,1,1,0,0,0,1,0,1,1,1,0,0,0,0,1,0,0,0,0,1,0,1,0,0,1,1,1,1,1,1,0,1,1,0,0,1,1,0,1,0,0,0,0,0,0,1,0,1,1,1,1,0
edrophonium,C10H16NO+,166.24,CC[N+](C)(C)C1=CC(=CC=C1)O,1.8,20.2,145,1,1,2,12,1,166.123189134,166.244,1.9790000000000005,20.23,1,1,2,1,1,0,0,0,0,0,0,0,0,0,0,0,0,0,0,0,1,0,0,0,0,0,0,0,0,0,0,0,1,0,0,1,0,0,1,0,0,0,0,1,1,0,0,0,1,0,0,0,0,0,0,0,0,0,0,0,0,0,0,0,0,0,0,0,0,1,1,1,0,0,0,0,0,0,0,0,0,0,0,0,0,1,1,0,0,0,0,1,0,0,0,0,1,1,0,0,0,0,0,0,0,1,0,0,0,0,1,0,1,0,0,0,0,0,0,0,0,1,0,0,0,0,0,0,0,1,1,0,0
efavirenz,C14H9ClF3NO2,315.67,C1CC1C#CC2(C3=C(C=CC(=C3)Cl)NC(=O)O2)C(F)(F)F,4.0,38.3,519,1,5,1,21,0,315.0273907,315.67799999999994,4.073100000000001,38.33,1,2,0,3,1,0,0,1,1,1,0,0,0,1,0,1,1,0,0,0,1,1,0,1,1,0,0,1,0,0,1,0,0,0,0,1,0,0,0,1,1,1,1,0,0,0,0,0,0,0,1,0,0,1,1,0,0,0,0,0,0,0,0,1,1,1,0,1,0,0,0,0,0,0,0,0,0,0,0,1,0,0,0,0,0,0,1,0,0,0,1,1,0,1,0,1,0,0,1,0,0,0,0,0,0,1,0,0,0,0,1,0,1,0,0,0,0,1,0,1,1,0,0,0,0,0,0,0,1,0,0,0,0
eicosapentaenoic,C20H30O2,302.5,CCC=CCC=CCC=CCC=CCC=CCCCC(=O)O,5.6,37.3,398,1,2,13,22,0,302.224580195,302.458,5.9927000000000055,37.3,1,1,13,0,0,0,0,0,0,0,1,1,1,0,0,1,0,0,0,0,0,0,1,0,0,0,0,0,0,0,0,0,0,1,0,0,0,0,1,0,0,0,0,1,1,0,0,0,1,0,0,1,0,0,0,0,0,0,0,1,0,0,0,0,0,0,0,0,0,0,0,0,0,0,0,0,0,0,1,0,0,1,0,0,0,1,1,0,0,0,0,1,0,0,0,0,1,0,0,0,0,0,0,0,0,0,0,0,0,0,0,0,0,0,1,1,0,0,0,0,0,0,0,0,1,0,0,0,0,0,1,0,0
emedastine,C17H26N4O,302.4,CCOCCN1C2=CC=CC=C2N=C1N3CCCN(CC3)C,2.2,33.5,341,0,4,5,22,0,302.21066147,302.4220000000001,2.2147000000000006,33.53,0,4,5,3,2,0,0,0,0,1,1,0,1,0,0,0,0,0,1,1,0,0,0,0,0,0,1,0,1,1,0,0,0,0,0,1,0,0,1,1,1,0,0,1,1,1,0,0,0,0,1,0,1,0,0,0,0,0,0,0,1,0,0,0,1,0,0,1,1,1,0,1,0,0,1,0,0,1,1,0,0,0,0,0,1,1,1,0,0,1,1,1,0,0,0,0,0,0,0,0,0,0,0,0,0,1,1,0,0,0,0,0,0,0,0,0,0,0,0,0,0,0,0,0,0,1,1,1,0,1,0,0,0
enflurane,C3H2ClF5O,184.49,C(C(OC(F)F)(F)F)(F)Cl,2.1,9.2,107,0,6,3,10,0,183.9714332,184.49099999999999,2.3528000000000002,9.23,0,1,3,0,0,0,1,0,0,0,0,1,0,1,0,0,0,0,0,0,1,0,0,1,1,1,0,1,0,0,0,1,0,0,0,0,0,0,0,0,0,0,0,0,0,0,0,0,0,0,1,0,0,0,0,0,0,0,0,0,1,0,0,0,0,0,1,0,0,0,0,0,0,0,0,0,0,0,0,0,0,0,0,0,0,0,0,0,1,0,1,0,0,0,0,0,0,0,0,0,1,0,0,0,0,0,0,0,0,0,0,0,0,0,0,0,0,0,0,1,0,0,0,0,0,0,0,0,0,0,0,0,0
epinastine,C16H15N3,249.31,C1C2C3=CC=CC=C3CC4=CC=CC=C4N2C(=N1)N,3.5,41.6,378,1,1,0,19,0,249.126597491,249.317,2.4667999999999997,41.62,1,3,0,4,2,0,0,1,1,0,0,0,0,0,0,0,0,0,0,0,1,0,0,0,1,0,0,0,0,0,0,0,0,1,0,1,0,1,0,0,0,0,0,0,1,1,0,0,0,1,0,0,1,0,1,0,0,0,0,0,0,0,0,0,0,0,0,0,0,1,0,0,0,0,1,0,0,0,0,1,0,1,0,1,0,0,1,0,0,1,0,1,0,1,0,0,0,0,0,0,0,0,0,0,0,1,0,0,0,0,1,0,0,0,0,0,1,1,1,0,1,0,0,0,0,0,0,1,1,0,0,1,1
vitamin,C14H15NO7,309.27,C1=CC=C(C=C1)C(C#N)OC2C(C(C(C(O2)C(=O)O)O)O)O,-0.3,140.0,442,4,8,4,22,0,309.08485182,309.274,-0.83992,140.24,4,7,4,2,1,0,1,0,0,1,1,0,0,1,0,1,0,0,1,1,0,1,0,0,0,0,1,1,1,0,0,0,1,0,1,1,0,0,0,1,0,0,0,0,1,0,0,0,1,0,1,0,1,0,0,0,0,0,0,1,1,0,0,0,0,0,0,0,0,1,1,0,0,0,0,0,0,0,0,0,0,0,0,0,1,0,1,0,0,0,1,1,0,0,1,0,1,0,0,0,0,0,1,0,0,1,0,0,0,1,1,0,0,0,0,0,0,0,0,0,0,0,0,0,0,0,0,0,1,0,1,0,0
ergonovine,C19H23N3O2,325.4,CC(CO)NC(=O)C1CN(C2CC3=CNC4=CC=CC(=C34)C2=C1)C,1.8,68.4,535,3,3,3,24,0,325.17902698,325.4120000000001,1.5346000000000006,68.36,3,3,3,4,2,1,1,0,0,0,0,0,0,0,0,1,1,1,1,0,1,0,1,0,0,0,0,1,0,0,0,0,1,0,0,1,0,1,1,0,0,0,0,1,1,1,1,0,0,0,1,0,0,0,1,0,0,0,0,0,0,0,0,0,0,0,0,0,0,1,0,0,1,0,1,0,0,0,1,0,1,1,0,0,0,1,1,0,0,1,0,1,1,1,0,1,0,0,1,1,0,1,1,1,1,1,0,1,1,0,0,0,0,0,0,0,0,0,0,0,0,0,1,0,1,0,1,0,1,0,1,0,0
ergotamine,C33H35N5O5,581.7,CC1(C(=O)N2C(C(=O)N3CCCC3C2(O1)O)CC4=CC=CC=C4)NC(=O)C5CN(C6CC7=CNC8=CC=CC(=C78)C6=C5)C,2.0,118.0,1220,3,6,4,43,0,581.26381923,581.673,1.9908000000000006,118.21000000000001,3,6,4,8,3,1,1,1,0,1,1,0,0,0,0,1,1,1,1,0,1,1,1,0,0,0,1,1,0,0,0,0,0,0,0,1,0,1,1,0,0,1,0,1,1,1,0,1,0,1,1,0,1,1,1,1,0,1,0,0,0,0,0,1,0,0,0,1,0,1,0,1,1,0,0,0,1,1,1,1,1,1,0,0,0,1,1,0,0,1,0,1,1,1,0,1,0,0,1,1,0,1,1,1,1,1,0,1,1,0,0,0,0,1,0,1,0,0,0,0,0,0,0,0,1,0,1,1,1,1,1,0,1
erythromycin,C37H67NO13,733.9,CCC1C(C(C(C(=O)C(CC(C(C(C(C(C(=O)O1)C)OC2CC(C(C(O2)C)O)(C)OC)C)OC3C(C(CC(O3)C)N(C)C)O)(C)O)C)C)O)(C)O,2.7,194.0,1180,5,14,7,51,0,733.46124119,733.9370000000002,1.785600000000004,193.91,5,14,7,3,0,0,1,1,0,1,0,0,0,0,1,1,1,1,1,0,1,1,0,0,1,0,1,1,1,1,0,0,0,0,1,1,0,0,1,0,0,1,0,1,1,0,0,1,1,0,1,1,1,1,0,0,0,0,0,1,1,0,0,1,0,0,1,0,0,1,1,0,0,0,0,0,1,0,1,0,0,0,0,1,1,1,0,1,1,0,0,1,0,0,0,0,0,0,1,0,0,0,0,0,1,1,1,0,1,0,1,0,0,0,0,1,0,0,1,1,1,0,0,1,1,1,0,1,1,1,0,0,0
estazolam,C16H11ClN4,294.74,C1C2=NN=CN2C3=C(C=C(C=C3)Cl)C(=N1)C4=CC=CC=C4,1.7,43.1,407,0,3,1,21,0,294.0672241,294.745,3.271700000000002,43.07,0,3,1,4,3,0,0,0,0,0,1,0,1,1,0,0,0,1,0,0,1,0,0,0,1,0,0,0,0,0,1,0,0,0,0,1,0,0,0,0,1,1,1,0,1,0,0,0,0,0,0,0,1,1,1,0,0,1,0,0,0,0,1,0,0,0,1,0,0,1,0,0,0,0,0,1,1,0,0,0,1,0,0,0,0,0,1,0,0,1,0,1,0,1,0,0,1,0,0,0,1,1,0,0,0,1,0,0,1,0,1,0,1,0,0,0,0,1,1,0,0,0,0,0,0,0,0,1,1,0,0,0,0
estramustine,C23H31Cl2NO3,440.4,CC12CCC3C(C1CCC2O)CCC4=C3C=CC(=C4)OC(=O)N(CCCl)CCCl,4.0,49.8,584,1,3,6,29,0,439.1680992,440.4110000000002,5.182000000000006,49.77,1,3,5,4,1,0,0,0,1,1,0,0,1,0,0,1,0,0,1,0,1,0,0,0,1,0,1,0,0,1,0,0,0,0,0,1,1,0,1,0,0,1,0,0,1,0,0,0,1,0,1,0,0,1,1,1,0,0,0,0,1,0,1,0,0,0,0,0,0,0,1,1,0,1,1,0,1,0,1,1,0,0,0,1,0,1,1,1,0,1,1,1,0,1,0,0,0,0,0,0,0,0,0,0,0,1,0,0,0,0,1,0,1,0,0,1,1,0,1,0,0,1,0,1,1,1,0,1,1,1,1,0,0
estriol,C18H24O3,288.4,CC12CCC3C(C1CC(C2O)O)CCC4=C3C=CC(=C4)O,2.5,60.7,411,3,3,0,21,0,288.17254462,288.387,2.5800000000000023,60.69,3,3,0,4,1,0,0,0,1,0,0,0,1,0,0,1,0,1,0,0,1,0,0,1,0,0,0,0,0,1,0,0,0,0,0,1,1,0,1,0,0,1,0,0,1,0,0,0,0,0,1,0,0,0,1,0,0,0,0,0,1,0,0,0,0,0,0,0,0,0,0,1,0,0,1,0,1,0,1,1,0,0,0,0,0,0,1,0,0,1,0,1,0,0,0,0,0,0,0,0,0,0,0,0,0,1,0,0,1,0,1,0,1,0,0,1,0,0,0,1,0,0,0,1,0,0,0,1,1,1,1,0,0
ethambutol,C10H24N2O2,204.31,CCC(CO)NCCNC(CC)CO,-0.1,64.5,109,4,4,9,14,0,204.183778013,204.314,-0.292599999999999,64.52,4,4,9,0,0,1,1,0,0,0,0,0,0,1,0,0,0,0,0,1,1,0,0,0,0,0,0,1,0,0,0,0,1,0,0,0,0,0,1,0,0,0,0,1,1,0,0,0,0,0,0,0,0,1,0,0,0,0,0,0,0,0,0,0,0,0,0,0,0,0,0,0,0,0,0,1,0,0,0,0,0,0,0,0,0,1,0,0,0,0,0,0,0,0,0,0,0,0,0,1,0,0,1,1,0,0,0,0,0,0,0,0,1,0,0,0,0,0,0,0,0,0,0,0,0,0,0,0,0,0,0,0,0
ethosuximide,C7H11NO2,141.17,CCC1(CC(=O)NC1=O)C,0.4,46.2,188,1,2,1,10,0,141.078978594,141.17,0.4492,46.17,1,2,1,1,0,0,0,0,0,0,0,0,0,0,0,1,0,0,0,0,0,0,0,0,0,0,0,0,0,0,0,0,0,0,0,1,0,0,1,0,0,1,0,1,1,0,1,0,0,1,0,0,1,0,0,0,0,0,0,0,0,0,0,1,0,0,0,0,0,0,0,0,0,1,0,0,1,0,1,0,0,0,0,0,0,1,0,0,0,0,0,0,0,0,0,1,0,0,0,0,0,0,1,0,0,1,0,0,0,0,0,0,0,0,0,0,0,0,0,0,0,0,0,0,0,0,1,1,0,0,0,0,0
ethotoin,C11H12N2O2,204.22,CCN1C(=O)C(NC1=O)C2=CC=CC=C2,1.0,49.4,272,1,2,2,15,0,204.08987763,204.229,1.2994,49.410000000000004,1,2,2,2,1,0,0,0,0,0,1,0,0,0,0,1,0,0,0,0,0,0,0,0,0,0,0,0,0,1,1,0,1,0,0,1,0,0,1,1,0,0,0,1,1,0,0,0,0,0,1,0,1,0,0,0,0,0,0,0,0,0,0,1,0,0,0,0,0,1,0,0,0,0,0,0,0,0,1,0,0,1,0,0,0,1,1,0,0,0,0,1,0,0,0,1,0,0,0,0,0,1,0,0,0,1,0,0,0,0,0,0,0,0,0,0,0,0,0,0,0,0,0,0,0,0,0,0,1,0,0,0,1
etidronate,C2H8O7P2,206.03,CC(O)(P(=O)(O)O)P(=O)(O)O,-3.7,135.0,211,5,7,2,11,0,205.97452659,206.027,-0.9922000000000002,135.29000000000002,5,3,2,0,0,0,0,0,0,0,0,0,0,1,0,1,0,0,0,0,0,0,0,0,0,0,1,0,0,0,0,0,0,1,0,0,0,0,1,0,0,0,0,0,1,0,0,0,0,0,0,1,0,0,0,0,0,0,0,0,0,0,0,0,0,0,0,0,0,1,1,0,0,0,0,0,0,0,0,0,0,0,0,0,0,0,0,0,0,0,0,0,0,0,0,0,0,0,0,0,0,0,0,0,0,0,0,1,0,0,0,1,0,0,0,0,0,0,0,1,0,1,0,0,0,0,0,0,0,0,0,0,0
etodolac,C17H21NO3,287.35,CCC1=C2C(=CC=C1)C3=C(N2)C(OCC3)(CC)CC(=O)O,2.8,62.3,399,2,3,4,21,0,287.15214353,287.3589999999999,3.383000000000001,62.32000000000001,2,2,4,3,2,0,0,1,0,0,1,0,1,0,1,1,0,0,0,0,1,1,0,0,1,0,1,0,0,1,0,0,0,0,0,1,0,0,1,0,0,1,1,1,1,0,0,0,0,0,0,0,0,0,0,0,1,0,0,1,0,0,0,0,1,0,1,0,0,1,0,1,0,1,1,1,1,0,1,1,0,0,1,0,0,1,1,0,0,0,0,1,0,0,0,1,0,0,0,0,0,0,0,0,0,1,0,0,0,0,1,0,0,0,0,0,0,0,0,0,0,0,0,0,0,0,1,1,1,0,1,0,0
etoposide,C29H32O13,588.6,CC1OCC2C(O1)C(C(C(O2)OC3C4COC(=O)C4C(C5=CC6=C(C=C35)OCO6)C7=CC(=C(C(=C7)OC)O)OC)O)O,0.6,161.0,969,3,13,5,42,0,588.18429107,588.5620000000005,1.3385999999999993,160.83,3,13,5,7,2,1,1,0,1,0,0,1,1,1,0,1,0,0,0,0,0,1,0,0,0,1,0,0,0,0,0,0,1,0,1,1,0,1,1,1,0,0,0,0,1,0,0,0,1,0,1,0,0,0,1,1,1,1,0,0,1,1,1,1,0,0,0,1,1,0,0,1,0,0,1,0,1,0,1,1,0,0,0,0,1,0,1,1,1,0,0,0,1,0,0,0,1,0,1,1,0,0,1,1,1,1,1,0,0,0,1,1,1,0,0,1,0,0,1,0,0,1,0,1,0,0,1,0,1,0,0,0,1
famciclovir,C14H19N5O4,321.33,CC(=O)OCC(CCN1C=NC2=CN=C(N=C21)N)COC(=O)C,0.0,122.0,404,1,8,9,23,0,321.1437041,321.33700000000016,0.5409999999999998,122.22,1,8,7,2,2,0,1,0,1,1,0,0,0,1,0,1,1,1,0,0,0,1,0,0,1,0,0,0,0,0,1,0,0,0,0,0,0,1,1,1,0,1,0,1,1,0,0,0,0,1,0,0,1,0,1,0,0,0,0,0,1,0,0,0,0,0,0,1,1,0,0,0,0,0,0,0,0,0,1,0,0,0,0,1,0,1,1,0,0,1,0,0,0,0,0,0,0,0,0,0,1,0,0,0,1,1,0,0,0,1,0,1,0,0,0,0,0,1,1,0,0,0,0,1,0,0,1,1,0,0,1,0,1
famotidine,C8H15N7O2S3,337.5,C1=C(N=C(S1)N=C(N)N)CSCCC(=NS(=O)(=O)N)N,-0.6,238.0,469,4,8,7,20,0,337.04493627,337.4560000000001,-0.7679999999999998,175.83,4,6,7,1,1,0,0,0,0,0,0,0,0,0,0,1,1,1,0,0,0,1,0,1,1,1,0,0,0,0,0,0,0,1,0,1,1,0,0,0,1,0,0,0,1,1,0,1,0,1,0,0,0,0,0,0,0,0,1,0,0,0,1,0,0,0,0,0,1,0,0,0,0,1,0,1,1,0,0,0,0,0,1,0,0,1,1,0,0,1,1,1,1,0,0,0,0,0,0,1,1,0,0,0,0,1,0,0,0,0,0,0,0,0,0,0,0,0,0,0,0,1,0,0,1,0,0,1,0,0,0,0,0
felbamate,C11H14N2O4,238.24,C1=CC=C(C=C1)C(COC(=O)N)COC(=O)N,0.6,105.0,246,2,4,7,17,0,238.09535693,238.24299999999994,0.9608000000000003,104.64,2,4,5,1,1,0,1,0,0,0,1,0,0,0,0,1,0,1,0,0,0,0,0,0,1,0,0,0,0,0,0,0,0,0,0,0,0,0,0,0,0,0,0,0,1,0,0,1,0,0,1,0,1,1,0,0,1,0,0,0,1,0,0,0,0,0,0,0,0,1,0,0,0,0,0,1,0,0,0,0,0,0,0,0,0,1,1,0,0,0,1,1,0,0,0,0,0,0,0,0,0,0,0,0,0,1,0,0,1,1,0,1,0,0,0,0,0,0,0,0,0,0,0,1,0,0,0,0,0,0,1,0,0
felodipine,C18H19Cl2NO4,384.2,CCOC(=O)C1=C(NC(=C(C1C2=C(C(=CC=C2)Cl)Cl)C(=O)OC)C)C,3.9,64.6,614,1,5,6,25,0,383.0691135,384.2590000000001,3.9643000000000024,64.63,1,5,4,2,1,1,0,0,1,0,0,0,0,0,0,1,0,0,0,0,1,0,1,0,1,0,0,0,1,0,0,0,0,0,0,0,0,0,1,0,0,1,0,1,1,0,1,0,0,0,0,0,0,0,1,0,0,0,0,0,1,1,0,1,0,0,0,0,0,1,0,0,0,0,0,0,0,0,1,0,0,0,0,1,0,1,1,1,0,0,0,1,0,0,0,1,0,0,0,0,0,0,0,0,0,1,1,0,0,0,0,0,0,0,1,1,0,0,0,0,1,0,1,0,1,0,0,0,1,0,1,0,0
fenofibrate,C20H21ClO4,360.8,CC(C)OC(=O)C(C)(C)OC1=CC=C(C=C1)C(=O)C2=CC=C(C=C2)Cl,5.2,52.6,458,0,4,7,25,0,360.1128368,360.837,4.680000000000004,52.6,0,4,6,2,2,0,1,1,0,0,0,0,0,1,1,1,0,0,0,0,0,0,0,0,1,0,0,0,0,0,0,0,1,0,0,0,0,0,1,0,0,1,0,1,1,0,0,0,0,0,0,1,0,1,1,0,0,0,0,0,1,0,0,1,0,0,1,0,0,0,0,1,0,0,1,1,0,0,1,0,0,0,0,1,0,0,1,0,0,0,0,1,0,1,0,0,1,0,0,0,0,0,0,0,0,1,0,0,0,0,1,0,0,0,0,0,1,0,0,1,0,0,0,0,0,0,0,0,0,0,1,0,0
fenoldopam,C16H16ClNO3,305.75,C1CNCC(C2=CC(=C(C(=C21)Cl)O)O)C3=CC=C(C=C3)O,2.4,72.7,348,4,4,1,21,0,305.0818711,305.761,2.7344000000000013,72.72,4,4,1,3,2,0,0,0,1,0,0,1,0,0,1,0,1,0,0,1,0,0,0,0,1,0,0,1,0,0,0,0,0,1,0,1,0,0,1,0,0,0,0,0,1,0,0,1,0,1,0,0,0,1,1,0,0,0,1,0,0,0,0,0,0,0,0,0,0,0,0,1,0,0,0,0,1,0,0,1,0,0,0,0,0,1,1,0,0,0,0,1,0,0,0,1,0,0,0,0,0,0,0,0,0,1,0,0,0,0,1,0,1,0,0,0,0,0,0,1,1,0,0,0,0,0,0,0,1,0,0,0,1
fenoprofen,C15H14O3,242.27,CC(C1=CC(=CC=C1)OC2=CC=CC=C2)C(=O)O,3.3,46.5,271,1,3,4,18,0,242.094294304,242.274,3.6670000000000025,46.53,1,2,4,2,2,0,1,0,0,1,1,0,0,0,0,1,0,0,0,0,1,0,0,0,0,0,0,0,0,0,1,0,1,0,0,0,0,0,1,0,0,0,0,0,1,0,0,0,0,0,1,0,1,0,0,1,0,1,0,0,1,0,0,0,0,0,0,0,0,1,1,1,0,0,0,0,0,0,0,0,0,0,0,0,0,0,1,0,0,0,1,1,0,0,0,1,0,0,0,0,0,0,0,0,0,1,1,0,0,0,1,0,1,0,0,0,0,0,0,0,0,0,0,0,0,0,0,0,0,0,1,0,0
fentanyl,C22H28N2O,336.5,CCC(=O)N(C1CCN(CC1)CCC2=CC=CC=C2)C3=CC=CC=C3,4.0,23.6,391,0,2,6,25,0,336.220163521,336.479,4.136700000000003,23.550000000000004,0,2,6,3,2,0,0,1,0,0,1,1,0,1,0,1,0,0,0,0,0,0,0,0,0,0,1,0,0,0,0,0,1,0,0,1,0,1,1,0,0,1,0,1,1,0,1,1,0,0,1,0,1,0,0,0,0,0,0,0,0,0,0,0,0,0,0,0,0,1,0,0,0,0,0,0,0,1,0,1,0,0,0,1,0,1,1,0,0,0,0,1,0,0,0,1,1,0,1,0,0,0,0,0,0,1,0,0,0,0,0,0,0,0,1,0,0,0,1,0,0,0,0,0,0,0,1,0,1,0,1,0,1
fexofenadine,C32H39NO4,501.7,CC(C)(C1=CC=C(C=C1)C(CCCN2CCC(CC2)C(C3=CC=CC=C3)(C4=CC=CC=C4)O)O)C(=O)O,3.0,81.0,678,3,5,10,37,0,501.28790873,501.6670000000001,5.5105000000000075,81.0,3,4,10,4,3,0,1,0,0,0,1,0,1,1,1,1,0,0,1,0,0,1,0,0,0,0,0,0,0,0,0,0,0,0,1,1,0,0,1,0,0,1,0,0,1,1,0,0,0,0,1,0,1,0,0,0,0,0,0,0,0,0,1,0,0,0,1,0,0,1,0,0,1,0,0,0,0,1,0,1,0,0,1,0,0,1,1,1,0,0,1,1,0,0,0,0,0,0,0,0,0,0,1,0,1,1,0,0,0,1,0,0,0,0,1,0,0,0,0,1,0,1,1,0,1,0,1,0,1,0,1,0,1
finasteride,C23H36N2O2,372.5,CC12CCC3C(C1CCC2C(=O)NC(C)(C)C)CCC4C3(C=CC(=O)N4)C,3.0,58.2,678,2,2,2,27,0,372.277678395,372.5530000000001,3.8145000000000024,58.2,2,2,1,4,0,1,0,0,0,0,0,0,1,1,0,1,0,0,1,0,0,0,1,1,1,0,0,0,1,0,0,0,0,0,0,1,1,0,1,0,1,1,0,0,1,0,0,0,0,0,1,0,0,1,1,1,0,0,0,0,0,0,0,1,0,0,0,0,1,0,0,1,0,0,1,0,1,0,0,0,0,0,0,1,1,0,1,0,0,0,0,0,0,0,0,1,1,1,0,0,0,0,0,1,0,1,0,0,0,0,1,0,0,0,1,1,0,0,0,1,1,0,0,0,0,1,0,1,1,0,1,0,0
flavoxate,C24H25NO4,391.5,CC1=C(OC2=C(C1=O)C=CC=C2C(=O)OCCN3CCCCC3)C4=CC=CC=C4,4.3,55.8,631,0,5,6,29,0,391.17835828,391.4670000000002,4.411120000000004,59.75000000000001,0,5,5,4,3,1,0,1,0,1,1,0,0,1,1,1,0,0,1,1,1,1,1,0,1,0,1,0,0,0,0,0,0,0,0,1,1,0,1,0,0,1,1,0,1,0,0,0,0,0,0,0,1,0,1,0,0,0,0,0,1,1,0,1,0,0,0,0,0,1,0,0,0,1,0,0,1,1,0,1,0,0,1,1,1,1,1,0,0,0,0,1,0,0,0,0,0,0,0,0,0,1,0,0,0,1,0,0,0,0,0,0,0,1,0,0,0,0,0,0,0,0,0,0,0,1,1,0,0,1,1,0,1
flecainide,C17H20F6N2O3,414.34,C1CCNC(C1)CNC(=O)C2=C(C=CC(=C2)OCC(F)(F)F)OCC(F)(F)F,3.8,59.6,500,2,10,7,28,0,414.13781148,414.346,3.4407000000000014,59.59,2,4,7,2,1,1,0,0,0,1,0,0,0,1,0,1,0,0,0,0,0,0,0,0,0,0,0,0,0,0,0,0,0,0,0,1,0,0,0,0,0,0,1,0,1,0,1,0,0,1,1,0,0,0,1,1,0,0,0,0,1,0,0,0,0,0,0,0,0,0,0,1,0,1,1,0,1,0,1,0,0,0,0,1,0,1,1,0,0,1,1,1,0,0,0,1,0,0,1,1,0,0,1,1,1,1,0,1,1,0,0,0,1,0,0,0,0,0,0,1,0,1,0,0,0,1,0,1,1,0,1,0,0
FdUrd,C9H11FN2O5,246.19,C1C(C(OC1N2C=C(C(=O)NC2=O)F)CO)O,-1.2,99.1,386,3,6,2,17,0,246.06519962,246.194,-1.6835999999999998,104.55000000000001,3,5,2,2,1,1,1,0,0,1,0,0,0,1,0,1,0,1,0,0,0,1,0,0,0,0,0,0,0,0,0,0,1,0,0,1,0,0,0,0,0,0,0,0,1,0,0,0,0,0,0,0,0,1,0,0,0,0,0,0,1,0,0,1,1,0,1,0,0,0,1,0,0,0,0,0,0,0,0,0,0,0,0,0,0,1,1,0,0,0,0,0,0,0,1,1,0,0,1,1,0,0,0,1,0,1,0,0,0,0,1,0,0,1,0,1,0,1,0,0,0,0,0,1,0,0,1,0,1,0,0,0,0
flucloxacillin,C19H17ClFN3O5S,453.9,CC1=C(C(=NO1)C2=C(C=CC=C2Cl)F)C(=O)NC3C4N(C3=O)C(C(S4)(C)C)C(=O)O,2.6,138.0,758,2,8,4,30,0,453.0561477,453.8790000000002,2.6878199999999994,112.74,2,6,4,4,2,1,0,1,1,0,1,1,0,1,0,1,0,0,1,0,1,1,1,1,1,0,0,0,1,0,0,0,0,0,0,0,0,0,1,0,1,1,0,0,1,1,0,0,0,0,0,0,0,1,1,0,0,0,1,0,0,0,1,1,1,0,0,0,0,1,0,0,1,0,0,0,0,0,0,1,0,0,1,1,0,0,1,0,1,0,1,1,0,0,0,0,0,0,0,0,0,0,0,0,1,1,0,1,0,0,1,1,0,0,0,1,0,0,1,0,0,0,0,1,0,1,0,1,1,0,1,1,1
fluconazole,C13H12F2N6O,306.27,C1=CC(=C(C=C1F)F)C(CN2C=NC=N2)(CN3C=NC=N3)O,0.4,81.7,358,1,7,5,22,0,306.10406535,306.276,0.7357999999999993,81.65,1,5,5,3,3,1,0,1,1,0,0,1,0,1,0,0,1,0,0,0,0,0,0,0,1,0,0,0,0,0,0,1,0,0,0,0,0,0,0,0,1,1,1,0,1,1,0,0,1,0,0,0,0,1,0,0,0,1,1,0,0,0,0,0,1,0,0,0,0,0,0,0,1,0,0,0,0,0,0,0,0,0,0,0,1,1,1,0,0,0,0,1,0,0,0,0,0,0,0,0,0,0,0,0,0,1,0,0,0,0,1,0,1,0,0,0,1,0,0,1,0,1,0,0,0,0,0,1,0,0,0,0,0
5-fluorocytosine,C4H4FN3O,129.09,C1=NC(=O)NC(=C1F)N,-0.9,67.5,208,2,3,0,9,0,129.03383992,129.094,-0.5088000000000001,71.77,2,3,0,1,1,0,0,0,0,0,0,0,0,1,0,1,0,1,0,0,0,0,0,0,1,0,0,0,1,0,0,0,0,0,0,0,0,1,0,0,0,0,0,0,0,0,0,0,1,1,0,0,0,1,1,0,0,0,0,0,0,0,0,1,1,0,0,0,0,1,0,0,0,0,0,0,0,0,0,0,0,0,0,0,0,0,1,0,0,0,0,0,0,0,0,1,1,0,0,0,0,0,0,0,0,1,0,0,0,0,0,0,0,0,0,0,0,0,0,0,0,0,0,0,0,0,1,1,0,0,0,0,1
fludarabine,C10H12FN5O4,285.23,C1=NC2=C(N=C(N=C2N1C3C(C(C(O3)CO)O)O)F)N,-0.6,140.0,367,4,9,2,20,0,285.08733204,285.23500000000007,-1.8409,139.54000000000002,4,8,2,3,2,1,1,0,0,0,0,0,1,1,1,0,0,0,0,0,0,1,0,0,1,0,0,0,0,1,0,0,0,0,0,0,0,1,0,0,1,1,1,0,1,0,0,0,0,1,0,0,0,0,1,0,1,1,0,0,0,0,0,0,1,1,0,0,1,1,1,1,0,0,0,1,1,0,0,0,1,0,0,0,1,1,1,1,0,0,0,0,0,0,0,0,0,0,0,1,0,0,0,1,0,1,0,0,0,0,1,0,0,1,0,0,0,0,0,0,0,0,0,0,1,0,0,1,1,0,0,0,0
FAMP,C10H13FN5O7P,365.21,C1=NC2=C(N=C(N=C2N1C3C(C(C(O3)COP(=O)(O)O)O)O)F)N,-3.1,186.0,514,5,12,4,24,0,365.05366293,365.21400000000006,-1.7239,186.07,5,9,4,3,2,1,1,0,0,0,0,0,1,1,1,1,0,0,0,0,0,1,0,0,1,0,0,0,0,1,0,0,1,0,0,0,0,1,0,0,1,1,1,0,1,0,0,0,0,1,0,1,0,0,1,0,1,1,0,0,1,0,0,0,1,1,0,0,1,1,1,1,0,0,0,1,1,0,0,0,1,0,0,0,1,1,1,0,0,0,0,1,0,0,0,0,0,0,0,0,1,0,0,1,0,1,0,1,0,0,1,0,0,0,0,0,0,1,0,0,0,0,0,0,1,0,0,1,1,0,1,0,0
fludrocortisone,C21H29FO5,380.4,CC12CCC(=O)C=C1CCC3C2(C(CC4(C3CCC4(C(=O)CO)O)C)O)F,1.7,94.8,734,3,6,2,27,0,380.19990218,380.4560000000001,1.8737,94.83000000000001,3,5,2,4,0,1,0,1,0,1,0,1,1,1,0,1,0,0,0,0,0,0,1,1,0,0,0,0,0,0,1,0,1,1,0,1,0,0,1,1,0,1,0,0,1,0,0,0,0,0,1,0,1,0,0,0,0,0,0,1,1,0,0,1,1,0,1,0,0,0,0,0,0,1,0,0,0,0,1,1,1,1,1,0,0,1,1,0,0,1,0,0,0,0,0,0,0,0,0,1,1,0,0,1,0,1,0,0,0,0,1,0,0,1,0,0,0,0,0,1,0,0,0,1,0,1,0,1,1,0,1,0,0
fluphenazine,C22H26F3N3OS,437.5,C1CN(CCN1CCCN2C3=CC=CC=C3SC4=C2C=C(C=C4)C(F)(F)F)CCO,4.4,55.3,544,1,8,6,30,0,437.17486812,437.5310000000002,4.308100000000004,29.950000000000003,1,5,6,4,2,0,1,0,0,1,0,0,0,1,1,0,0,0,1,0,1,0,0,0,0,0,1,0,0,0,0,0,0,0,0,1,0,0,0,0,1,1,0,0,1,0,1,0,0,0,1,0,1,0,1,0,0,0,1,0,0,0,0,0,0,0,0,1,0,1,1,0,0,0,0,0,0,1,0,1,0,1,1,0,0,1,1,0,0,0,0,1,0,0,1,0,0,0,0,1,0,0,0,1,0,1,0,0,0,1,0,0,1,1,0,0,1,0,0,1,0,0,0,0,1,0,1,0,0,1,0,0,1
flumazenil,C15H14FN3O3,303.29,CCOC(=O)C1=C2CN(C(=O)C3=C(N2C=N1)C=CC(=C3)F)C,1.0,64.4,461,0,5,3,22,0,303.10191948,303.29300000000006,1.7737,64.43,0,4,2,3,2,0,0,1,0,0,0,1,0,1,0,1,0,0,0,1,1,0,1,0,1,0,0,1,0,1,0,1,0,0,1,1,0,0,1,1,0,1,0,1,1,0,0,0,0,1,0,0,1,0,0,0,0,1,0,0,1,0,0,1,1,0,0,0,0,1,0,0,0,0,0,0,0,0,0,0,0,0,0,0,1,1,1,0,0,0,0,1,0,0,0,0,1,0,0,1,0,1,0,0,0,1,0,0,0,0,1,1,1,0,0,1,1,0,0,0,0,0,1,0,1,0,1,1,1,0,1,0,0
flumethasone,C22H28F2O5,410.5,CC1CC2C3CC(C4=CC(=O)C=CC4(C3(C(CC2(C1(C(=O)CO)O)C)O)F)C)F,1.9,94.8,839,3,7,2,29,0,410.19048031,410.4570000000001,1.8437,94.83000000000001,3,5,2,4,0,1,0,1,0,0,0,0,1,1,0,1,0,1,1,0,1,0,0,0,1,1,0,1,0,0,0,0,0,1,1,1,0,1,1,0,1,1,0,0,1,1,0,1,0,0,0,0,0,0,0,0,0,0,0,0,1,0,0,1,0,0,0,0,0,0,0,0,1,1,0,0,1,0,1,0,0,1,1,0,0,1,1,0,0,1,0,0,0,0,0,0,0,0,0,1,0,0,0,0,0,1,1,0,0,0,1,1,0,1,0,1,0,0,1,0,0,0,1,0,0,1,0,1,1,1,1,0,1
flunisolide,C24H31FO6,434.5,CC1(OC2CC3C4CC(C5=CC(=O)C=CC5(C4C(CC3(C2(O1)C(=O)CO)C)O)C)F)C,2.5,93.1,910,2,7,2,31,0,434.21046687,434.5040000000002,2.2747,93.06,2,6,2,5,0,1,0,1,0,0,1,0,1,1,1,1,0,1,1,1,1,1,1,1,1,0,0,0,0,1,0,0,0,1,0,1,0,1,1,1,1,1,0,0,1,0,1,0,0,0,0,1,0,0,0,0,0,0,0,0,0,0,0,1,0,0,0,0,1,1,0,1,0,0,0,0,1,0,0,0,0,1,1,0,0,1,1,0,0,1,0,0,0,0,0,0,0,1,0,1,1,1,0,0,0,1,1,0,0,0,1,0,0,0,0,1,0,1,1,0,0,0,0,0,0,0,0,1,1,0,1,0,0
flunitrazepam,C16H12FN3O3,313.28,CN1C(=O)CN=C(C2=C1C=CC(=C2)[N+](=O)[O-])C3=CC=CC=C3F,2.1,78.5,519,0,5,1,23,0,313.08626942,313.288,2.5477000000000007,75.81,0,4,2,3,2,0,0,0,0,0,0,0,1,1,0,1,0,0,0,0,1,0,1,0,0,1,0,1,0,0,0,0,0,0,0,1,0,0,1,0,0,0,0,0,1,0,0,0,1,0,0,0,1,1,0,1,0,0,0,0,0,0,0,1,1,0,0,0,1,1,0,1,1,0,0,1,0,0,0,0,1,0,0,0,0,0,1,0,0,1,0,1,0,1,0,0,1,1,0,0,0,1,0,0,0,1,0,0,0,0,0,0,1,0,0,0,0,1,1,0,0,0,0,0,0,0,1,1,1,1,1,0,0
fluocinolone,C21H26F2O6,412.4,CC12CC(C3(C(C1CC(C2(C(=O)CO)O)O)CC(C4=CC(=O)C=CC43C)F)F)O,1.1,115.0,841,4,8,2,29,0,412.16974487,412.4290000000001,0.5685,115.06000000000002,4,6,2,4,0,1,0,1,0,0,0,0,1,1,0,1,0,1,1,0,1,0,0,0,1,0,0,1,0,0,1,0,0,1,0,1,0,1,1,0,1,1,0,0,1,1,0,1,0,0,0,0,0,0,0,0,0,0,0,0,1,0,0,1,0,0,1,0,0,0,0,0,1,1,0,0,1,0,0,0,0,1,1,0,0,1,1,0,0,1,0,0,0,0,0,0,0,0,0,1,0,0,0,0,0,1,1,0,0,1,1,0,0,1,0,1,0,0,1,0,0,0,0,0,0,1,0,1,1,1,1,0,1
fluocinonide,C26H32F2O7,494.5,CC(=O)OCC(=O)C12C(CC3C1(CC(C4(C3CC(C5=CC(=O)C=CC54C)F)F)O)C)OC(O2)(C)C,3.2,99.1,1070,1,9,4,35,0,494.21160968,494.53100000000023,2.9376000000000007,99.13000000000001,1,7,3,5,0,0,0,0,0,0,0,0,1,1,1,1,1,1,1,1,1,1,1,1,1,0,0,1,0,0,0,0,0,1,0,1,0,1,1,1,1,1,0,0,1,1,0,1,0,0,0,1,0,0,0,0,0,0,0,0,1,0,0,1,0,0,0,0,1,1,0,1,1,1,0,0,1,0,0,0,0,0,1,1,0,1,1,0,0,1,0,0,0,0,0,0,0,0,0,0,0,1,0,0,0,1,1,0,0,0,1,0,0,1,1,1,0,0,1,0,0,1,0,0,0,1,1,1,1,0,1,0,1
fluorometholone,C22H29FO4,376.5,CC1CC2C3CCC(C3(CC(C2(C4(C1=CC(=O)C=C4)C)F)O)C)(C(=O)C)O,2.0,74.6,787,2,5,1,27,0,376.20498756,376.4680000000001,2.9233000000000016,74.6,2,4,1,4,0,0,0,1,0,0,0,0,1,1,0,1,0,1,1,0,1,0,1,0,1,0,0,1,0,0,0,0,0,1,1,1,0,0,1,0,1,1,0,0,1,0,0,1,0,0,1,0,1,0,0,0,0,0,0,0,1,0,0,1,1,0,0,0,0,0,0,0,1,1,0,0,1,0,0,0,0,1,0,0,0,0,1,0,0,1,0,0,0,0,0,0,0,0,0,0,1,0,0,1,0,1,1,0,0,1,1,0,0,1,0,1,0,0,0,0,0,0,0,0,0,1,1,1,1,0,1,0,1
5-FU,C4H3FN2O2,130.08,C1=C(C(=O)NC(=O)N1)F,-0.9,58.2,199,2,3,0,9,0,130.0178555,130.07799999999997,-0.7977000000000001,65.72,2,2,0,1,1,0,0,0,0,0,0,0,0,1,0,1,0,0,0,0,0,0,0,0,0,0,0,0,1,0,0,0,0,0,0,0,0,0,0,0,0,0,0,1,0,0,0,0,0,0,0,0,0,1,0,0,0,0,0,0,0,0,1,1,1,0,0,0,0,0,0,0,0,0,0,0,0,0,0,0,0,0,0,0,0,0,1,0,0,1,0,0,1,0,0,1,0,0,1,0,0,0,0,0,0,1,0,0,0,0,0,0,0,0,0,1,0,1,0,0,1,0,0,0,0,0,0,0,0,0,0,0,0
fluoxetine,C17H18F3NO,309.33,CNCCC(C1=CC=CC=C1)OC2=CC=C(C=C2)C(F)(F)F,4.0,21.3,308,1,5,6,22,0,309.13404868,309.33099999999996,4.435000000000003,21.259999999999998,1,2,6,2,2,1,1,0,0,0,1,0,0,1,1,0,0,0,0,0,0,0,0,0,0,0,0,1,0,1,0,1,1,0,0,0,1,0,1,0,0,0,0,0,0,0,1,0,0,1,1,0,1,0,0,0,0,0,0,0,1,0,0,0,0,0,0,0,0,1,0,1,0,0,0,0,0,1,0,0,1,0,0,1,0,1,1,0,0,0,1,1,0,0,0,0,0,0,0,0,0,0,1,0,1,1,0,0,0,0,0,0,0,1,0,0,0,0,0,1,0,0,0,1,1,0,0,0,0,0,0,0,1
fluoxymesterone,C20H29FO3,336.4,CC12CCC(=O)C=C1CCC3C2(C(CC4(C3CCC4(C)O)C)O)F,2.4,57.5,630,2,4,0,24,0,336.21007294,336.447,3.3322000000000025,57.53,2,3,0,4,0,0,0,1,0,1,0,1,1,1,0,1,0,0,0,0,0,0,1,1,0,0,0,0,0,0,1,0,0,1,0,1,1,0,1,1,0,1,0,0,1,0,0,0,0,0,1,0,1,1,0,0,0,0,0,1,1,0,0,1,1,0,1,0,0,0,0,0,0,0,0,0,0,0,1,1,0,0,0,0,0,0,1,1,0,1,0,0,0,0,0,0,0,0,0,0,1,0,0,0,0,1,0,0,0,0,1,0,0,1,0,0,0,0,0,1,0,0,0,1,0,1,0,1,1,0,0,0,0
flurandrenolone,C24H33FO6,436.5,CC1(OC2CC3C4CC(C5=CC(=O)CCC5(C4C(CC3(C2(O1)C(=O)CO)C)O)C)F)C,1.4,93.1,868,2,7,2,31,0,436.22611693,436.5200000000002,2.4987000000000004,93.06,2,6,2,5,0,1,1,1,0,0,1,0,1,1,1,1,0,1,1,1,0,1,1,1,1,0,0,0,0,0,0,1,0,1,0,1,0,1,1,1,0,1,0,0,1,0,1,0,0,0,0,1,0,0,0,0,1,0,0,0,0,0,0,1,0,0,0,0,1,1,0,1,0,0,0,0,0,0,1,1,0,1,1,0,0,1,1,0,0,1,0,0,0,1,0,0,0,1,0,1,1,1,0,0,0,1,0,0,0,0,1,0,0,0,0,1,0,0,1,1,0,0,0,0,0,0,0,1,1,0,1,0,0
flurazepam,C21H23ClFN3O,387.9,CCN(CC)CCN1C(=O)CN=C(C2=C1C=CC(=C2)Cl)C3=CC=CC=C3F,3.0,35.9,540,0,4,6,27,0,387.1513682,387.886,4.004900000000004,35.91,0,3,6,3,2,0,0,0,0,0,0,0,1,1,0,1,0,0,0,0,1,0,0,0,1,0,0,0,0,0,0,0,0,0,1,1,1,0,1,0,0,1,1,1,1,0,0,0,0,0,0,0,1,1,1,0,0,0,0,0,0,0,0,1,1,0,1,0,0,1,0,1,1,0,0,1,1,0,1,0,1,1,0,0,0,1,1,0,0,1,0,1,0,1,0,0,0,1,0,0,0,1,0,0,0,1,0,0,0,0,0,0,1,1,0,0,0,1,1,0,0,0,0,0,0,1,1,1,1,1,0,0,0
flurbiprofen,C15H13FO2,244.26,CC(C1=CC(=C(C=C1)C2=CC=CC=C2)F)C(=O)O,4.2,37.3,286,1,3,3,18,0,244.08995782,244.265,3.6808000000000023,37.3,1,1,3,2,2,0,1,0,0,1,1,0,0,1,0,1,0,0,0,0,0,0,0,0,0,0,0,0,0,0,1,0,1,0,0,0,0,0,1,0,0,0,0,0,1,1,0,0,0,0,0,0,1,1,0,0,0,1,0,0,0,0,0,0,1,1,1,0,0,1,1,0,0,0,0,0,0,0,0,0,0,0,0,0,0,0,1,0,1,0,1,1,0,0,0,0,0,0,0,1,0,1,0,0,0,1,1,0,0,0,1,0,1,0,0,0,0,0,0,0,0,0,0,0,0,0,0,0,0,0,1,0,0
flutamide,C11H11F3N2O3,276.21,CC(C)C(=O)NC1=CC(=C(C=C1)[N+](=O)[O-])C(F)(F)F,3.3,74.9,352,1,6,2,19,0,276.0721767,276.21399999999994,3.2081000000000017,72.24,1,3,3,1,1,1,1,0,0,0,0,1,0,1,0,1,0,0,0,0,0,0,0,0,0,0,0,0,0,1,0,0,1,0,0,0,0,0,1,0,1,0,1,0,1,0,1,0,1,0,1,0,0,0,0,0,0,0,0,0,0,1,0,1,0,0,1,0,1,0,0,0,0,1,1,1,0,0,0,0,1,1,0,0,0,0,1,0,0,0,0,1,0,0,0,0,0,0,0,0,1,0,0,1,0,1,0,0,0,0,0,0,1,0,0,0,0,0,1,1,0,0,0,0,0,0,0,0,1,0,1,0,0
fluticasone,C22H27F3O4S,444.5,CC1CC2C3CC(C4=CC(=O)C=CC4(C3(C(CC2(C1(C(=O)SCF)O)C)O)F)C)F,3.2,99.9,861,2,8,3,30,0,444.158215,444.5150000000001,3.4691000000000027,74.60000000000001,2,5,2,4,0,0,0,1,0,0,0,0,1,1,0,1,0,1,1,0,1,1,0,0,1,1,0,1,0,0,0,0,0,1,1,1,0,1,1,0,1,1,0,0,1,1,0,1,0,1,0,0,0,0,0,0,0,0,0,0,1,0,1,1,0,0,0,0,0,0,0,0,1,1,0,0,1,0,1,0,0,0,0,0,0,1,1,0,0,1,0,0,1,0,0,0,0,0,0,0,0,0,0,0,0,1,1,0,0,0,1,1,0,1,0,1,0,0,1,0,0,1,0,0,0,1,0,1,1,1,1,0,1
fluvastatin,C24H26FNO4,411.5,CC(C)N1C2=CC=CC=C2C(=C1C=CC(CC(CC(=O)O)O)O)C3=CC=C(C=C3)F,3.5,82.7,590,3,5,8,30,0,411.18458647,411.473,4.628100000000005,82.69000000000001,3,3,8,3,3,1,1,1,0,0,1,1,0,1,0,1,0,0,0,0,0,0,0,0,0,0,0,0,0,0,1,0,1,1,1,0,0,0,1,0,0,0,1,0,1,1,1,0,0,0,1,0,1,0,0,0,0,0,0,1,0,0,0,0,1,0,0,0,0,1,0,0,1,0,1,0,0,0,1,0,0,0,1,0,0,1,1,0,1,0,0,1,0,1,0,1,0,0,0,1,0,0,0,0,1,1,0,1,0,0,0,0,0,0,0,0,1,1,0,0,0,0,1,1,0,0,0,0,0,0,1,0,0
fluvoxamine,C15H21F3N2O2,318.33,COCCCCC(=NOCCN)C1=CC=C(C=C1)C(F)(F)F,2.6,56.8,327,1,7,9,22,0,318.1555124,318.339,3.201500000000001,56.84,1,4,9,1,1,0,1,0,0,1,0,0,0,1,1,0,0,0,1,0,0,0,0,0,1,1,0,0,0,0,0,0,0,1,0,0,0,0,1,0,0,0,0,0,1,0,1,0,1,0,1,0,1,1,0,0,0,0,0,0,1,0,0,0,0,0,0,0,0,0,0,0,0,0,0,0,0,0,1,1,0,0,0,0,0,1,1,0,0,0,1,1,0,0,1,0,0,0,0,1,0,1,1,0,0,1,1,1,0,0,1,0,0,1,1,0,1,0,0,1,1,0,0,0,1,0,0,0,0,0,0,0,1
folate,C19H19N7O6,441.4,C1=CC(=CC=C1C(=O)NC(CCC(=O)O)C(=O)O)NCC2=CN=C3C(=N2)C(=O)NC(=N3)N,-1.1,209.0,767,6,10,9,32,0,441.13968135,441.40400000000017,-0.044799999999998674,213.28,6,9,9,3,3,1,1,0,0,0,1,0,1,1,0,1,0,0,0,0,0,0,1,0,1,0,0,0,0,0,0,0,1,1,0,0,0,0,1,0,0,0,0,0,1,0,0,0,0,1,0,0,0,0,1,0,0,1,0,0,0,0,1,1,1,1,0,1,1,0,1,0,0,0,0,0,0,0,1,0,1,0,0,1,0,1,1,1,0,1,0,1,1,1,0,1,0,0,0,0,0,1,1,0,1,1,1,1,0,0,1,0,0,0,0,1,0,0,0,0,1,1,1,0,0,0,1,1,0,1,1,0,1
4-methylpyrazole,C4H6N2,82.1,CC1=CNN=C1,1.4,28.7,44,1,1,0,6,0,82.0530982,82.106,0.7181199999999999,28.68,1,1,0,1,1,0,0,0,0,0,0,0,1,0,0,0,0,0,0,0,0,0,0,0,0,0,0,0,0,0,0,0,0,0,0,0,1,0,1,0,0,0,0,0,0,0,0,0,0,0,0,0,0,0,0,0,0,0,0,0,1,0,0,1,0,0,1,0,0,0,0,0,0,0,0,0,0,0,0,0,0,0,0,0,0,0,1,0,0,0,0,0,1,0,0,1,0,0,0,0,0,0,1,0,0,1,0,0,0,0,0,0,0,0,0,0,0,0,0,0,0,0,0,0,0,1,0,1,0,0,0,0,1
formoterol,C19H24N2O4,344.4,CC(CC1=CC=C(C=C1)OC)NCC(C2=CC(=C(C=C2)O)NC=O)O,1.8,90.8,388,4,5,8,25,0,344.17360725,344.411,2.2232999999999996,90.82000000000001,4,5,9,2,2,1,1,0,0,1,0,0,0,0,0,1,0,0,1,1,0,0,0,0,0,0,0,0,0,0,0,1,1,0,0,0,0,0,1,0,0,0,0,0,1,0,0,0,0,1,0,0,0,0,0,0,1,0,1,1,1,0,0,0,0,0,1,1,1,1,0,1,1,0,0,0,1,1,1,0,0,0,0,1,1,1,1,1,0,0,1,1,0,0,1,1,0,0,0,1,0,0,0,1,1,1,0,0,0,1,0,1,1,1,0,0,0,0,0,0,0,0,0,0,0,1,0,0,0,1,0,0,0
foscarnet,CH3O5P,126.01,C(=O)(O)P(=O)(O)O,-2.0,94.8,120,3,5,1,7,0,125.97181019,126.00399999999998,-0.1579000000000001,94.83,3,2,1,0,0,0,0,0,0,0,1,0,0,0,0,1,0,0,0,0,0,0,0,0,0,0,0,0,0,0,0,0,0,0,0,0,0,0,0,0,0,0,0,0,1,1,0,0,0,0,0,1,0,0,0,0,0,0,0,0,0,0,0,0,0,0,1,0,0,1,0,0,0,0,0,0,1,0,0,0,0,0,0,0,0,0,0,0,0,0,0,0,0,0,0,0,0,0,0,0,0,0,0,0,0,0,0,1,0,0,0,0,0,0,0,0,0,0,0,0,0,0,0,0,0,0,0,0,0,0,1,0,0
fosfomycin,C3H7O4P,138.06,CC1C(O1)P(=O)(O)O,-1.4,70.1,138,2,4,1,8,0,138.0081957,138.059,-0.09110000000000007,70.06,2,2,1,1,0,0,1,1,0,0,0,0,0,0,0,1,0,0,0,0,0,1,0,0,0,0,0,0,1,0,0,0,0,0,1,0,0,1,1,0,0,0,0,0,1,0,0,0,0,0,0,1,0,0,0,0,0,0,0,0,0,0,0,0,0,0,0,0,0,1,0,0,0,1,0,0,0,0,0,0,0,0,0,0,0,0,0,1,0,0,0,0,0,0,0,0,0,0,0,0,0,0,1,0,0,0,0,1,0,0,0,0,0,0,0,0,0,0,0,0,0,0,0,0,0,0,0,0,1,0,0,0,0
fosinopril,C30H46NO7P,563.7,CCC(=O)OC(C(C)C)OP(=O)(CCCCC1=CC=CC=C1)CC(=O)N2CC(CC2C(=O)O)C3CCCCC3,6.2,110.0,850,1,7,15,39,0,563.3011898,563.672,6.121300000000006,110.21,1,6,14,3,1,0,1,1,0,1,1,0,0,0,0,1,0,1,0,1,0,1,0,0,1,1,1,0,1,0,1,1,1,0,1,1,0,1,1,0,0,0,0,1,1,1,0,1,1,0,1,0,1,0,0,0,0,0,1,0,1,0,0,0,0,0,0,1,1,1,0,0,0,0,1,1,0,0,1,0,1,1,0,1,0,1,1,1,0,1,0,1,0,0,1,1,1,1,0,0,0,0,0,0,1,1,0,1,0,0,0,1,0,0,1,0,1,0,1,1,0,1,0,0,1,0,1,1,1,0,1,0,0
Romidepsin,C24H36N4O6S2,540.7,CC=C1C(=O)NC(C(=O)OC2CC(=O)NC(C(=O)NC(CSSCCC=C2)C(=O)N1)C(C)C)C(C)C,2.2,193.0,905,4,8,2,36,0,540.20762723,540.7080000000002,1.4296000000000006,142.7,4,8,2,2,0,0,1,0,1,0,0,0,1,0,1,1,1,0,0,0,0,1,0,0,0,0,1,1,0,0,1,0,1,0,1,1,0,0,1,0,1,1,0,0,1,0,0,0,0,0,1,0,0,0,1,0,0,0,1,1,0,0,0,1,1,0,0,0,0,0,1,1,0,0,0,1,0,1,1,0,1,1,0,0,0,0,1,1,0,0,0,0,0,1,0,1,0,0,1,1,1,0,0,1,0,1,0,0,1,1,0,1,0,0,0,1,0,0,0,0,0,0,0,0,0,0,1,0,1,1,1,0,0
furosemide,C12H11ClN2O5S,330.74,C1=COC(=C1)CNC2=CC(=C(C=C2C(=O)O)S(=O)(=O)N)Cl,2.0,131.0,481,3,7,5,21,0,330.0077203,330.749,1.8907,122.62999999999998,3,5,5,2,2,1,0,1,0,0,1,1,0,1,0,1,0,0,0,1,1,1,0,0,1,0,0,0,1,0,0,0,1,0,0,0,0,1,0,0,0,0,0,0,1,0,0,0,0,0,0,0,0,1,1,0,1,0,0,0,0,1,0,1,0,0,0,0,0,1,1,0,0,1,0,0,1,1,0,0,0,0,0,0,0,1,1,0,0,0,0,1,0,0,0,1,0,0,0,1,0,0,0,0,0,1,0,0,0,0,0,0,1,0,0,1,0,0,0,0,0,0,0,0,0,0,0,0,0,0,1,0,1
gabapentin,C9H17NO2,171.24,C1CCC(CC1)(CC(=O)O)CN,-1.1,63.3,162,2,3,3,12,0,171.125928785,171.23999999999998,1.3703,63.31999999999999,2,2,3,1,0,0,0,1,0,1,1,0,0,0,0,1,0,0,0,0,0,0,0,0,1,1,0,0,0,0,0,0,0,0,0,1,0,0,0,0,0,1,0,0,1,0,0,0,0,0,0,0,0,0,0,0,0,0,0,0,0,0,0,0,1,0,0,0,0,0,0,0,1,0,0,1,0,0,1,0,0,0,1,0,0,1,0,0,0,0,1,0,0,0,1,1,0,0,0,0,0,0,0,0,0,0,0,1,0,0,0,0,0,0,0,0,0,0,0,0,0,0,0,0,0,0,0,0,0,0,1,0,0
galantamine,C17H21NO3,287.35,CN1CCC23C=CC(CC2OC4=C(C=CC(=C34)C1)OC)O,1.8,41.9,440,1,4,1,21,0,287.15214353,287.359,1.8503000000000003,41.93000000000001,1,4,1,4,1,1,0,1,0,0,0,0,0,0,0,1,1,1,0,1,1,1,0,0,1,0,0,0,0,0,0,1,0,0,0,1,0,0,1,0,0,1,0,0,1,0,0,0,0,0,0,0,0,0,0,1,0,0,0,1,1,0,0,0,1,1,1,0,0,0,0,1,1,1,0,0,0,1,1,0,1,0,0,0,1,0,1,0,0,1,0,1,1,0,0,0,0,0,0,1,0,0,0,0,0,1,0,1,1,0,1,1,0,0,0,1,0,0,0,1,1,1,0,0,0,0,1,0,1,0,0,0,0
ganciclovir,C9H13N5O4,255.23,C1=NC2=C(N1COC(CO)CO)N=C(NC2=O)N,-2.5,135.0,346,4,6,5,18,0,255.09675391,255.23399999999998,-1.970899999999999,139.28,4,7,5,2,2,0,1,0,0,0,0,1,0,0,0,1,0,0,0,0,0,0,0,0,1,0,0,1,0,0,0,0,0,0,0,0,0,1,0,0,0,1,0,0,1,0,0,0,0,1,0,1,1,1,1,0,0,0,0,0,1,1,1,1,0,1,0,0,1,0,0,0,0,0,0,0,1,0,0,0,0,1,0,1,0,1,1,0,0,1,0,0,0,0,1,1,0,0,0,1,1,0,0,1,0,1,0,0,0,0,0,0,0,0,0,1,0,0,0,0,0,0,0,0,0,0,1,1,0,1,1,0,0
gemcitabine,C9H11F2N3O4,263.2,C1=CN(C(=O)N=C1N)C2C(C(C(O2)CO)O)(F)F,-1.5,108.0,426,3,6,2,18,0,263.07176216,263.2,-1.2886000000000004,110.60000000000001,3,6,2,2,1,1,1,0,0,0,0,0,0,1,0,1,0,0,0,0,1,1,0,0,1,0,0,0,0,0,0,0,0,0,0,1,0,0,0,0,0,1,0,0,1,1,1,0,0,0,0,0,0,1,1,0,0,0,0,1,0,0,0,1,1,0,0,1,1,0,1,0,0,0,0,0,0,0,0,0,0,0,1,0,0,1,1,0,0,0,0,1,0,0,0,0,0,0,0,1,1,0,0,1,0,1,1,0,0,0,1,0,0,1,0,0,0,0,0,1,0,0,0,0,0,0,0,1,1,0,0,0,0
gemeprost,C23H38O5,394.5,CCCCC(C)(C)C(C=CC1C(CC(=O)C1CCCCC=CC(=O)OC)O)O,4.2,83.8,549,2,5,13,28,0,394.27192431,394.55200000000013,3.975600000000004,83.83000000000001,2,5,12,1,0,1,1,0,0,0,0,0,1,1,0,1,0,0,0,1,0,0,1,0,0,0,0,0,0,0,0,1,0,1,0,1,1,1,1,0,0,0,1,1,1,0,0,0,0,1,0,0,0,0,1,1,1,0,0,1,1,0,0,1,0,0,0,0,1,1,0,0,0,0,0,0,1,1,1,0,0,1,1,1,1,1,1,0,0,0,0,0,0,1,1,0,0,0,1,0,0,0,1,0,1,1,0,0,1,0,1,0,0,0,0,0,0,1,0,1,1,1,0,0,1,0,0,0,1,0,1,0,1
gemfibrozil,C15H22O3,250.33,CC1=CC(=C(C=C1)C)OCCCC(C)(C)C(=O)O,3.8,46.5,273,1,3,6,18,0,250.15689456,250.33799999999994,3.573240000000002,46.53,1,2,6,1,1,0,0,0,0,0,1,0,0,1,0,1,0,0,1,0,0,0,0,0,0,0,0,1,0,0,0,0,1,1,0,0,1,0,1,0,0,0,0,0,1,0,0,0,0,1,0,0,0,0,0,1,0,1,0,0,1,0,1,1,0,0,0,0,0,0,0,0,0,1,0,0,0,0,1,0,0,1,0,0,0,1,1,0,0,0,0,1,1,0,0,0,0,0,0,0,0,0,0,0,0,1,0,0,0,0,0,0,1,0,0,1,1,0,0,1,0,0,1,0,1,0,1,0,0,0,1,0,0
gentamicin,C21H43N5O7,477.6,CC(C1CCC(C(O1)OC2C(CC(C(C2O)OC3C(C(C(CO3)(C)O)NC)O)N)N)N)NC,-4.1,200.0,636,8,12,7,33,0,477.31624873,477.60300000000024,-3.3274999999999926,199.73000000000005,8,12,7,3,0,1,1,1,0,0,0,0,0,0,1,1,0,1,0,0,0,1,0,0,1,0,0,1,1,0,0,0,1,0,1,1,0,1,1,1,0,1,0,0,1,1,1,0,1,1,1,0,0,0,0,1,0,0,1,0,1,0,0,0,0,0,0,0,1,0,1,0,0,0,0,1,0,1,0,0,0,0,0,0,1,1,0,0,0,1,0,0,0,1,0,0,0,0,0,0,0,0,0,1,0,0,1,0,1,0,1,0,0,0,0,0,0,1,0,0,1,0,0,0,1,0,0,1,1,0,0,0,0
gliclazide,C15H21N3O3S,323.4,CC1=CC=C(C=C1)S(=O)(=O)NC(=O)NN2CC3CCCC3C2,1.5,86.9,497,2,4,3,22,0,323.13036271,323.4180000000002,1.6298200000000003,78.50999999999999,2,4,3,3,1,1,0,0,0,1,0,0,0,0,0,1,0,0,0,0,0,0,0,0,0,1,0,0,0,0,0,0,0,0,0,1,1,0,1,0,0,0,0,1,1,0,0,0,0,0,1,0,0,0,0,0,1,0,0,1,0,0,0,1,0,0,0,0,1,0,0,0,0,1,1,1,0,0,1,0,1,0,0,0,0,0,1,0,0,0,0,1,0,0,1,0,0,0,0,1,0,0,0,0,1,1,0,0,0,0,0,0,1,0,0,0,0,0,0,0,1,0,0,1,0,0,0,0,1,0,1,0,0
glimepiride,C24H34N4O5S,490.6,CCC1=C(CN(C1=O)C(=O)NCCC2=CC=C(C=C2)S(=O)(=O)NC(=O)NC3CCC(CC3)C)C,3.9,133.0,895,3,5,7,34,0,490.22499137,490.62600000000026,3.0740000000000007,124.68,3,5,7,3,1,1,0,0,1,1,0,0,1,0,1,1,0,0,1,0,0,0,0,0,0,0,1,0,0,0,0,1,1,0,1,1,0,0,1,0,0,0,1,1,1,1,0,0,0,0,1,0,0,0,0,0,1,1,0,1,0,0,0,1,0,1,1,0,1,0,0,0,0,1,1,1,0,0,0,0,1,0,1,0,0,1,1,0,0,0,0,1,0,0,0,1,1,0,0,1,0,0,0,1,1,1,0,0,0,0,0,1,1,0,0,0,1,0,0,0,1,0,0,1,1,0,1,1,1,1,1,0,0
glipizide,C21H27N5O4S,445.5,CC1=CN=C(C=N1)C(=O)NCCC2=CC=C(C=C2)S(=O)(=O)NC(=O)NC3CCCCC3,1.9,139.0,697,3,6,7,31,0,445.17837553,445.54500000000024,2.0781199999999993,130.15,3,6,7,3,2,1,0,1,1,1,0,0,0,1,0,1,0,0,0,0,0,0,0,0,0,0,1,0,0,0,0,0,1,0,0,1,0,0,1,0,1,0,0,0,1,0,0,0,0,1,1,0,0,0,1,0,1,0,0,1,0,0,0,1,0,1,0,1,1,0,0,0,1,1,1,1,0,0,0,0,1,0,0,0,0,1,1,0,0,0,0,1,1,0,1,1,1,0,0,1,0,0,0,1,1,1,0,1,1,0,0,0,0,0,0,0,0,0,0,0,1,0,0,1,1,0,0,1,1,0,1,0,1
glibenclamide,C23H28ClN3O5S,494.0,COC1=C(C=C(C=C1)Cl)C(=O)NCCC2=CC=C(C=C2)S(=O)(=O)NC(=O)NC3CCCCC3,4.8,122.0,746,3,5,8,33,0,493.1438199,494.01300000000026,3.641700000000002,113.6,3,5,8,3,2,1,0,1,1,1,0,0,0,1,0,1,0,0,0,0,0,0,0,0,1,0,1,0,0,0,0,0,1,0,0,1,0,0,1,0,0,0,1,0,1,0,0,0,0,1,1,0,0,1,1,1,1,0,0,1,1,0,0,0,0,1,0,0,1,0,0,0,0,1,1,1,1,0,1,0,1,0,0,0,0,1,1,0,0,0,0,1,0,1,0,1,1,0,0,1,0,1,0,1,1,1,0,1,0,0,0,0,1,0,0,0,0,0,0,0,1,0,0,1,1,0,1,1,1,0,1,0,0
glycopyrrolate,C19H28BrNO3,398.3,C[N+]1(CCC(C1)OC(=O)C(C2CCCC2)(C3=CC=CC=C3)O)C.[Br-],,46.5,424,1,4,5,24,0,397.12526,398.34099999999995,-0.5396999999999983,46.53,1,3,4,3,1,0,0,0,0,1,1,0,0,0,1,1,1,1,1,0,0,0,0,0,0,1,0,0,1,0,0,0,0,0,0,1,1,0,1,0,0,0,0,0,1,0,0,1,0,0,1,0,1,0,0,0,0,0,0,1,1,0,0,0,0,0,0,0,1,1,0,0,0,1,0,1,0,1,0,0,0,0,0,0,0,0,1,0,0,0,1,1,0,0,0,1,0,1,0,0,0,0,1,0,0,1,0,1,0,0,0,0,0,0,0,0,0,1,0,1,0,1,1,0,1,0,0,1,1,0,1,0,0
granisetron,C18H24N4O,312.4,CN1C2CCCC1CC(C2)NC(=O)C3=NN(C4=CC=CC=C43)C,2.8,50.2,442,1,3,2,23,0,312.1950114,312.41700000000003,2.3184000000000005,50.160000000000004,1,3,2,4,2,1,1,0,1,1,1,0,0,0,0,1,0,1,0,1,0,0,0,0,0,0,0,0,0,0,0,1,1,0,0,1,0,0,1,0,0,1,1,0,1,0,0,1,0,0,1,0,1,0,0,0,0,0,0,0,0,0,0,0,0,0,0,0,0,1,0,0,0,0,1,1,0,1,1,0,0,0,1,0,0,1,1,0,0,0,0,1,0,0,0,0,0,0,0,0,0,0,0,1,0,1,0,1,0,0,0,1,0,0,0,0,0,0,0,0,0,0,0,1,0,0,1,1,1,0,1,0,0
griseofulvin,C17H17ClO6,352.8,CC1CC(=O)C=C(C12C(=O)C3=C(O2)C(=C(C=C3OC)OC)Cl)OC,2.2,71.1,575,0,6,3,24,0,352.071366,352.77000000000004,2.8103000000000007,71.06000000000002,0,6,3,3,1,1,0,1,0,0,1,0,0,0,0,1,0,0,0,1,0,1,0,0,1,0,0,0,0,0,0,1,0,0,1,1,0,0,1,0,0,1,1,0,0,0,0,0,0,0,0,0,0,0,1,1,0,1,0,0,1,0,0,1,1,0,0,0,0,0,0,0,0,0,0,0,0,1,1,0,0,0,1,0,0,0,1,0,1,1,0,1,0,0,0,0,0,0,1,0,0,0,0,0,0,1,0,0,1,0,0,1,1,0,0,0,1,0,0,1,1,0,0,0,0,0,1,1,1,0,0,0,0
guaifenesin,C10H14O4,198.22,COC1=CC=CC=C1OCC(CO)O,1.4,58.9,151,2,4,5,14,0,198.08920892,198.21799999999996,0.4272000000000001,58.92,2,4,5,1,1,1,1,1,0,0,0,0,0,0,0,0,0,1,0,1,0,0,0,1,0,0,0,0,0,0,0,0,1,0,0,0,0,0,1,0,0,0,0,0,1,0,0,0,0,1,0,0,1,0,0,1,0,0,0,0,1,0,1,0,0,0,0,0,0,1,0,0,0,0,0,0,0,0,1,0,0,0,0,0,0,1,1,0,0,0,0,1,0,0,0,0,0,0,0,1,0,0,0,1,1,1,0,0,0,0,0,0,0,0,0,0,0,0,0,0,0,0,0,1,0,0,1,0,0,0,0,0,0
guanfacine,C9H9Cl2N3O,246.09,C1=CC(=C(C(=C1)Cl)CC(=O)N=C(N)N)Cl,2.0,81.5,256,2,1,2,15,0,245.0122673,246.09699999999998,1.3358999999999996,81.47,2,1,2,1,1,0,0,0,0,0,0,0,0,0,0,1,0,1,0,0,1,0,0,0,1,0,0,0,0,0,0,0,0,0,0,0,0,0,0,0,0,0,0,0,1,0,0,0,0,1,0,0,0,0,1,0,0,0,0,0,0,0,1,1,0,0,0,0,0,1,0,0,0,0,1,0,0,0,0,1,0,0,0,1,0,1,1,0,0,0,1,1,0,0,0,0,1,0,0,0,1,0,0,0,0,1,0,0,0,0,0,0,0,0,0,1,0,0,1,1,0,0,0,1,0,0,0,0,0,0,1,0,0
guanidinium,CH6N3+,60.08,C(=[NH2+])(N)N,-1.3,77.6,18,3,0,0,4,1,60.056172204,60.07999999999999,-2.9811000000000005,77.63,3,0,0,0,0,0,0,0,0,0,0,0,0,0,0,0,0,1,0,0,0,0,0,0,1,0,0,0,0,0,0,0,0,0,0,0,0,0,0,0,0,0,0,0,1,0,0,0,0,0,0,0,0,0,0,0,0,0,0,0,0,0,0,0,0,0,0,0,0,0,0,0,0,0,0,0,0,0,1,0,0,1,0,0,0,0,0,0,0,0,0,0,0,0,0,0,1,0,0,0,0,0,0,0,0,0,0,0,0,0,0,0,0,0,0,0,0,0,0,0,0,0,0,0,0,0,0,0,0,0,0,0,0
halcinonide,C24H32ClFO5,455.0,CC1(OC2CC3C4CCC5=CC(=O)CCC5(C4(C(CC3(C2(O1)C(=O)CCl)C)O)F)C)C,3.6,72.8,887,1,6,2,31,0,454.19223,454.9660000000002,3.889300000000003,72.83,1,5,2,5,0,0,0,0,0,1,0,1,1,1,1,1,0,1,0,1,0,1,1,1,1,0,0,0,0,0,1,0,1,1,0,1,0,0,1,1,0,1,0,0,1,1,0,0,0,0,1,1,0,0,0,1,0,0,0,1,1,0,0,1,1,0,1,0,1,1,0,1,0,0,0,0,0,0,1,1,0,0,1,0,0,1,1,0,0,1,1,0,0,0,0,0,0,0,0,1,1,1,0,0,0,1,0,0,0,0,1,0,0,1,0,0,0,0,0,1,0,0,0,1,0,1,0,1,1,0,1,0,0
haloperidol,C21H23ClFNO2,375.9,C1CN(CCC1(C2=CC=C(C=C2)Cl)O)CCCC(=O)C3=CC=C(C=C3)F,3.2,40.5,451,1,4,6,26,0,375.1401348,375.87100000000004,4.425600000000004,40.54,1,3,6,3,2,1,0,1,0,1,0,1,0,1,0,1,0,0,1,0,0,0,0,0,1,0,0,0,0,1,0,0,0,1,1,1,0,0,1,1,0,1,0,0,1,0,0,0,1,1,0,1,0,1,1,0,0,0,1,0,0,0,1,0,1,0,0,0,0,0,0,0,0,0,0,0,0,1,0,1,0,0,0,0,0,1,1,1,0,0,0,1,0,1,0,1,0,0,0,0,0,0,0,0,0,1,0,0,0,0,1,0,0,0,0,0,0,0,0,0,0,0,0,0,1,0,1,0,0,0,1,0,1
hexachlorophene,C13H6Cl6O2,406.9,C1=C(C(=C(C(=C1Cl)Cl)CC2=C(C(=CC(=C2Cl)Cl)Cl)O)O)Cl,7.5,40.5,328,2,2,2,21,0,405.846945,406.9069999999999,6.609000000000001,40.46,2,2,2,2,2,0,0,0,0,0,0,0,0,0,0,0,0,0,0,0,0,0,0,0,1,0,0,1,1,0,0,0,0,0,0,0,0,0,0,0,0,0,0,0,1,0,0,0,0,0,0,0,0,0,1,0,0,0,0,0,0,0,1,0,0,0,0,0,0,0,0,1,0,0,0,0,1,0,0,1,0,0,0,0,0,1,1,1,0,0,0,0,0,0,0,1,0,0,0,0,0,0,0,0,0,1,0,1,0,0,0,0,1,0,0,1,0,0,0,1,1,0,0,0,0,0,0,0,0,0,0,1,0
homatropine,C16H21NO3,275.34,CN1C2CCC1CC(C2)OC(=O)C(C3=CC=CC=C3)O,1.9,49.8,340,1,4,4,20,0,275.15214353,275.348,1.8884000000000003,49.769999999999996,1,4,3,3,1,0,1,0,0,0,1,0,0,0,0,1,0,1,0,0,0,0,0,0,1,0,0,1,0,0,0,1,0,0,0,1,0,0,1,0,0,0,0,0,1,0,1,0,0,0,1,0,1,0,0,0,0,0,0,0,1,0,1,0,0,0,0,0,0,1,1,0,1,0,0,1,0,0,0,0,0,0,0,0,0,0,1,1,0,0,1,1,0,0,0,0,0,0,0,0,0,0,0,0,1,1,0,1,0,0,0,0,0,0,0,0,1,0,0,0,0,0,0,1,1,0,1,0,1,1,1,0,0
Buscopan,C21H30BrNO4,440.4,CCCC[N+]1(C2CC(CC1C3C2O3)OC(=O)C(CO)C4=CC=CC=C4)C.[Br-],,59.1,500,1,5,8,27,0,439.13582,440.37800000000004,-0.762999999999997,59.06,1,4,7,4,1,0,1,0,0,0,1,0,0,0,0,1,0,1,0,0,0,1,1,1,1,0,0,1,0,0,0,1,0,0,0,1,0,0,1,0,1,0,0,1,1,0,1,0,0,0,1,0,1,0,0,0,0,0,0,0,1,0,0,0,0,0,0,0,1,1,1,0,0,0,0,0,0,0,0,0,0,0,0,0,1,1,1,0,0,0,1,1,0,0,1,0,0,0,1,1,0,0,0,1,0,1,0,1,0,0,1,0,0,0,0,0,0,1,0,0,0,0,0,0,1,1,0,0,1,1,1,0,0
hydralazine,C8H8N4,160.18,C1=CC=C2C(=C1)C=NN=C2NN,0.7,63.8,150,2,4,1,12,0,160.074896272,160.18,0.9153999999999995,63.83,2,4,1,2,2,1,0,0,0,0,0,0,1,1,0,0,0,1,0,0,0,0,0,0,1,0,0,0,0,0,1,0,0,0,0,0,0,0,0,0,0,0,1,0,0,0,0,0,0,0,0,0,1,0,0,1,0,0,0,0,0,0,0,0,0,0,0,0,1,1,0,0,0,1,0,0,1,0,1,0,0,0,1,0,0,0,1,0,0,0,0,1,0,0,0,0,0,0,0,1,0,0,0,0,0,1,0,0,1,0,0,0,0,0,0,0,0,0,0,0,0,0,0,0,0,0,0,1,0,0,0,0,1
hydrochlorothiazide,C7H8ClN3O4S2,297.7,C1NC2=CC(=C(C=C2S(=O)(=O)N1)S(=O)(=O)N)Cl,-0.1,135.0,494,3,7,1,17,0,296.9644758,297.745,-0.3512999999999999,118.36,3,5,1,2,1,0,1,0,1,0,0,0,0,1,0,1,0,0,0,0,0,0,0,0,1,0,0,0,0,0,0,0,0,1,0,1,0,0,0,1,0,0,0,0,0,0,0,0,0,0,0,0,0,1,1,0,1,1,0,0,0,1,0,0,0,0,0,1,0,0,1,0,0,1,0,0,1,1,0,1,0,0,0,0,1,0,1,0,0,0,1,0,0,0,0,1,0,0,0,1,0,0,0,0,0,1,0,0,0,0,0,0,1,0,0,1,0,0,0,0,0,0,1,0,0,0,0,0,0,1,0,0,0
cortisol,C21H30O5,362.5,CC12CCC(=O)C=C1CCC3C2C(CC4(C3CCC4(C(=O)CO)O)C)O,1.6,94.8,684,3,5,2,26,0,362.20932405,362.46600000000007,1.7815999999999996,94.83000000000001,3,5,2,4,0,1,1,1,0,0,1,1,1,0,0,1,0,0,0,0,0,0,1,1,0,0,0,0,0,1,0,0,1,1,0,1,0,0,1,0,0,1,0,0,1,0,0,0,0,0,1,0,0,0,0,0,1,0,0,1,0,0,0,1,1,0,0,0,0,0,0,0,1,1,0,0,0,0,1,1,1,1,1,0,0,1,1,0,0,1,0,0,0,1,0,0,0,1,0,1,1,0,0,1,0,1,0,0,0,0,1,0,0,0,0,1,0,0,1,1,0,0,0,0,0,1,0,1,1,0,1,0,0
hydrocortisone,C21H30O5,362.5,CC12CCC(=O)C=C1CCC3C2C(CC4(C3CCC4(C(=O)CO)O)C)O,1.6,94.8,684,3,5,2,26,0,362.20932405,362.46600000000007,1.7815999999999996,94.83000000000001,3,5,2,4,0,1,1,1,0,0,1,1,1,0,0,1,0,0,0,0,0,0,1,1,0,0,0,0,0,1,0,0,1,1,0,1,0,0,1,0,0,1,0,0,1,0,0,0,0,0,1,0,0,0,0,0,1,0,0,1,0,0,0,1,1,0,0,0,0,0,0,0,1,1,0,0,0,0,1,1,1,1,1,0,0,1,1,0,0,1,0,0,0,1,0,0,0,1,0,1,1,0,0,1,0,1,0,0,0,0,1,0,0,0,0,1,0,0,1,1,0,0,0,0,0,1,0,1,1,0,1,0,0
hydroflumethiazide,C8H8F3N3O4S2,331.3,C1NC2=C(C=C(C(=C2)C(F)(F)F)S(=O)(=O)N)S(=O)(=O)N1,0.4,135.0,578,3,10,1,20,0,330.99083258,331.29699999999997,0.014099999999999946,118.35999999999999,3,5,1,2,1,0,1,0,1,0,0,1,0,1,0,1,0,0,0,0,0,0,0,0,1,0,0,0,0,0,0,0,0,1,0,1,0,0,0,0,1,0,0,0,0,0,1,0,0,0,1,0,0,1,1,0,1,1,0,0,0,0,0,0,0,0,0,1,0,0,1,0,0,1,0,0,1,1,0,1,0,0,1,0,1,0,1,0,0,0,1,0,0,0,0,1,0,0,0,1,0,0,0,0,0,1,0,0,0,0,0,0,1,0,0,1,0,0,0,1,0,0,1,0,0,0,0,0,0,1,0,0,0
hydromorphone,C17H19NO3,285.34,CN1CCC23C4C1CC5=C2C(=C(C=C5)O)OC3C(=O)CC4,1.8,49.8,494,1,4,0,21,0,285.13649347,285.3430000000001,1.6302999999999999,49.77,1,4,0,5,1,0,0,0,0,0,0,0,1,0,0,1,0,0,0,1,1,1,0,0,1,1,0,1,0,0,1,0,0,0,1,1,0,0,1,1,0,1,0,0,1,0,0,0,0,1,1,0,0,0,0,1,0,0,1,0,1,0,0,1,0,1,1,0,0,0,0,1,1,1,0,0,1,1,0,1,0,0,0,0,0,1,1,0,0,1,0,1,0,0,0,0,0,0,1,0,0,0,0,0,0,1,0,1,1,0,1,0,0,0,0,1,0,0,0,1,0,0,0,0,0,1,1,0,1,0,0,1,0
hydroxychloroquine,C18H26ClN3O,335.9,CCN(CCCC(C)NC1=C2C=CC(=CC2=NC=C1)Cl)CCO,3.6,48.4,331,2,4,9,23,0,335.1764402,335.8790000000001,3.7830000000000026,48.39,2,4,9,2,2,1,1,1,0,0,0,0,0,0,0,0,1,0,0,0,0,0,1,0,1,0,0,0,0,0,0,0,1,1,0,0,1,0,1,0,0,1,1,1,1,0,0,0,0,1,1,0,1,1,1,1,0,0,0,0,0,0,0,0,0,0,1,0,0,0,0,0,0,0,1,0,0,1,1,1,0,0,1,0,1,1,1,0,0,0,0,1,0,1,1,0,0,0,0,1,0,0,0,1,1,1,1,0,1,0,0,0,1,0,0,0,0,1,1,0,0,0,0,0,1,0,0,1,1,0,0,0,0
hydroxyurea,CH4N2O2,76.055,C(=O)(N)NO,-1.8,75.4,42,3,2,0,5,0,76.027277375,76.05499999999999,-0.9561000000000002,75.35000000000001,3,2,0,0,0,1,0,0,0,0,0,0,0,0,0,1,0,1,0,0,0,0,0,0,1,0,0,0,0,0,0,1,0,0,0,0,0,0,0,0,0,0,0,0,1,0,0,0,0,0,0,0,0,0,0,0,0,0,0,0,0,0,0,0,0,0,0,0,0,0,0,0,0,0,0,0,0,0,0,0,0,0,0,0,0,0,0,0,0,0,0,0,0,0,0,0,0,0,0,0,1,0,0,0,0,0,0,0,0,0,0,0,0,0,0,1,0,0,0,0,0,0,0,1,0,0,0,0,0,0,1,0,0
hydroxyzine,C21H27ClN2O2,374.9,C1CN(CCN1CCOCCO)C(C2=CC=CC=C2)C3=CC=C(C=C3)Cl,3.7,35.9,376,1,4,8,26,0,374.1761058,374.91200000000003,3.055900000000001,35.94,1,4,8,3,2,0,1,0,0,0,1,0,0,0,0,0,0,0,1,0,1,0,0,0,1,0,1,0,0,0,0,0,0,0,0,1,0,0,0,0,0,0,0,0,1,0,1,0,0,0,1,1,1,1,1,0,1,0,0,0,1,0,0,0,0,0,1,0,0,1,0,0,0,0,0,0,0,1,0,1,0,0,1,0,0,1,1,0,0,1,1,1,0,1,1,0,1,0,0,1,0,0,0,0,0,1,0,0,0,0,0,0,0,0,0,0,0,0,1,0,0,0,0,0,0,0,1,0,0,0,0,0,1
atropine,C17H23NO3,289.4,CN1C2CCC1CC(C2)OC(=O)C(CO)C3=CC=CC=C3,1.8,49.8,353,1,4,5,21,0,289.1677936,289.375,1.9309,49.769999999999996,1,4,4,3,1,0,1,0,0,0,1,0,0,0,0,1,0,1,0,0,0,0,0,1,1,0,0,1,0,0,0,1,0,0,0,1,0,0,1,0,1,0,0,0,1,0,1,0,0,0,1,0,1,0,0,0,0,0,0,0,1,0,0,0,0,0,0,0,0,1,0,0,0,0,0,1,0,0,0,0,0,0,0,0,0,1,1,1,0,0,1,1,0,0,1,0,0,0,0,1,0,0,0,1,0,1,0,1,0,0,0,0,0,0,0,0,0,0,0,0,0,0,0,1,1,0,1,0,1,1,1,0,0
ibuprofen,C13H18O2,206.28,CC(C)CC1=CC=C(C=C1)C(C)C(=O)O,3.5,37.3,203,1,2,4,15,0,206.130679813,206.28499999999997,3.073200000000001,37.3,1,1,4,1,1,0,1,0,0,1,1,0,0,0,0,1,0,0,0,0,0,0,0,0,0,0,0,0,0,0,1,0,1,0,0,0,0,0,1,0,0,0,0,0,1,0,0,0,0,0,0,0,0,0,0,0,0,1,0,1,1,0,0,0,1,0,1,0,0,0,0,0,0,0,0,0,0,0,0,0,0,0,0,0,1,1,1,0,0,0,1,1,0,0,1,1,0,0,0,0,0,0,0,0,0,1,0,0,0,0,1,0,0,0,0,0,0,0,0,0,0,0,0,0,0,0,0,1,0,0,1,0,0
phenelzine,C8H12N2,136.19,C1=CC=C(C=C1)CCNN,1.2,38.1,77,2,2,3,10,0,136.100048391,136.19799999999998,0.6924000000000001,38.05,2,2,3,1,1,1,0,0,0,0,1,0,0,0,0,0,0,0,0,0,0,0,0,0,1,0,1,0,0,0,0,0,1,0,0,0,0,0,0,0,0,0,1,0,0,0,0,1,1,0,0,0,1,0,0,0,0,0,0,0,0,0,1,0,0,0,0,0,0,1,0,0,0,0,0,0,0,0,0,0,0,0,0,0,0,1,1,1,0,0,0,1,0,0,0,1,1,0,0,0,0,0,0,0,1,1,0,0,0,0,0,0,0,0,0,0,0,0,0,0,0,0,0,0,0,0,0,0,0,0,0,0,0
lidocaine,C14H22N2O,234.34,CCN(CC)CC(=O)NC1=C(C=CC=C1C)C,2.3,32.3,228,1,2,5,17,0,234.17321333,234.343,2.5837400000000006,32.34,1,2,5,1,1,1,0,0,0,0,0,0,0,0,0,1,0,1,0,0,1,0,0,0,0,0,0,0,1,1,0,0,0,0,0,0,0,0,1,0,0,1,0,1,1,0,1,0,0,0,0,0,0,0,0,0,0,1,0,0,0,0,0,1,0,0,1,0,0,1,0,0,1,0,0,0,0,0,0,0,0,0,1,0,1,1,1,0,0,0,0,1,0,0,0,1,0,0,0,0,0,0,0,0,0,1,0,0,0,0,0,0,0,0,0,0,1,0,1,0,0,0,0,0,0,0,0,0,1,0,1,0,0
idarubicin,C26H27NO9,497.5,CC1C(C(CC(O1)OC2CC(CC3=C2C(=C4C(=C3O)C(=O)C5=CC=CC=C5C4=O)O)(C(=O)C)O)N)O,1.9,177.0,912,5,10,3,36,0,497.16858144,497.5000000000002,1.0203,176.60999999999999,5,10,3,5,2,0,1,1,0,0,0,0,0,0,0,1,0,1,0,0,0,1,0,0,1,0,0,0,1,0,0,0,0,0,1,1,0,0,1,1,0,1,0,1,1,1,0,0,0,1,0,1,1,1,0,0,0,1,0,1,1,0,1,1,0,0,1,0,0,1,0,1,0,1,1,1,0,0,0,1,0,1,1,0,1,0,1,1,1,0,0,1,0,1,0,0,0,1,0,0,0,1,0,1,0,1,1,0,0,0,1,0,0,0,0,0,0,1,0,0,0,1,0,0,0,0,1,0,1,0,1,0,0
IdUrd,C9H11IN2O5,354.1,C1C(C(OC1N2C=C(C(=O)NC2=O)I)CO)O,-1.0,99.1,386,3,5,2,17,0,353.97127,354.1,-1.2180999999999997,104.55000000000001,3,5,2,2,1,1,1,0,0,1,0,0,0,0,1,1,0,1,0,0,0,1,0,0,0,0,1,0,0,0,0,0,1,0,0,1,0,0,0,0,0,0,0,1,1,0,0,0,0,0,0,0,0,0,0,0,1,0,0,0,1,0,0,1,0,0,1,0,0,0,1,0,0,0,0,1,0,0,0,0,0,0,0,0,0,1,1,0,0,0,0,0,0,0,1,1,0,0,1,1,0,0,0,1,0,1,0,0,0,0,1,0,0,1,0,1,0,1,0,0,0,0,0,1,0,0,1,0,1,0,0,0,0
ifosfamide,C7H15Cl2N2O2P,261.08,C1CN(P(=O)(OC1)NCCCl)CCCl,0.9,41.6,218,1,4,5,14,0,260.0248201,261.08899999999994,1.884,41.57,1,2,5,1,0,1,0,0,0,1,1,0,0,0,0,1,0,0,1,0,0,1,0,1,1,0,0,0,0,0,0,0,1,0,0,1,0,0,0,1,0,0,1,0,1,0,0,1,0,1,0,0,0,1,0,0,0,0,0,1,0,0,0,0,0,0,0,0,1,0,0,0,0,0,0,0,0,1,0,0,0,0,0,0,0,1,0,1,0,0,1,0,0,0,0,0,0,0,0,0,1,0,0,1,0,0,0,0,0,0,0,0,0,0,0,0,0,1,0,0,1,0,0,0,0,1,1,0,0,0,0,0,0
imipramine,C19H24N2,280.4,CN(C)CCCN1C2=CC=CC=C2CCC3=CC=CC=C31,4.8,6.5,291,0,2,4,21,0,280.193948774,280.415,3.8750000000000027,6.48,0,2,4,3,2,0,1,0,0,0,0,0,0,0,0,0,1,1,0,0,1,0,0,0,0,0,0,0,0,0,0,0,0,0,0,1,1,0,1,0,0,0,0,0,1,0,0,0,0,1,0,0,1,0,1,1,0,0,1,0,0,0,0,0,1,0,0,1,0,1,0,0,0,0,0,0,0,0,0,1,0,1,1,0,0,1,1,0,0,1,0,1,0,0,0,0,0,0,0,0,0,0,0,0,0,1,0,0,0,0,0,0,0,0,0,0,1,0,1,0,0,0,0,0,1,0,1,0,0,0,0,0,0
indapamide,C16H16ClN3O3S,365.8,CC1CC2=CC=CC=C2N1NC(=O)C3=CC(=C(C=C3)Cl)S(=O)(=O)N,2.9,101.0,580,2,5,3,24,0,365.0600902,365.84200000000004,2.0834,92.5,2,4,3,3,2,1,0,0,0,0,0,0,0,1,0,1,0,0,0,1,1,0,0,0,1,1,0,1,0,0,0,1,0,0,1,1,0,0,1,0,0,0,0,0,1,0,0,0,0,1,0,0,1,1,1,0,1,0,0,1,1,0,0,0,0,0,0,0,1,1,1,0,1,1,0,0,1,0,0,0,0,0,0,1,0,0,1,0,0,1,0,1,0,0,0,0,0,0,0,1,0,1,0,0,0,1,0,1,1,0,1,0,1,0,0,1,1,0,0,0,0,0,0,1,0,0,0,0,1,0,1,0,0
indinavir,C36H47N5O4,613.8,CC(C)(C)NC(=O)C1CN(CCN1CC(CC(CC2=CC=CC=C2)C(=O)NC3C(CC4=CC=CC=C34)O)O)CC5=CN=CC=C5,2.8,118.0,952,4,7,12,45,0,613.362805,613.803,2.866900000000004,118.03000000000002,4,7,11,5,3,1,1,1,1,0,1,0,0,1,0,1,0,1,0,0,0,0,0,1,1,0,0,0,0,0,0,0,0,1,0,1,1,0,1,0,0,0,1,0,1,1,0,1,0,1,0,0,1,0,1,1,0,0,1,0,1,1,1,0,0,0,1,0,0,1,0,0,1,0,0,0,0,1,1,1,0,0,0,0,1,1,1,0,0,1,1,1,0,0,1,1,1,0,0,0,0,1,0,1,1,1,1,1,1,0,1,0,1,1,0,0,0,0,0,1,1,1,0,1,0,0,0,1,1,1,1,0,1
indomethacin,C19H16ClNO4,357.8,CC1=C(C2=C(N1C(=O)C3=CC=C(C=C3)Cl)C=CC(=C2)OC)CC(=O)O,4.3,68.5,506,1,4,4,25,0,357.0767857,357.7930000000002,3.9273200000000026,68.53,1,3,4,3,3,1,0,1,0,0,1,0,0,0,0,1,0,0,1,0,0,0,1,1,1,0,0,0,0,0,0,0,0,0,0,0,0,0,1,0,0,0,0,0,1,0,0,0,0,0,1,1,0,1,1,0,0,1,0,0,1,0,0,1,0,1,0,0,0,0,0,1,0,0,1,0,0,0,1,0,0,1,1,1,0,1,1,0,0,0,0,1,0,1,0,1,0,0,0,0,0,1,1,0,0,1,1,1,1,0,1,0,1,0,0,0,1,0,0,1,0,1,0,0,0,0,0,0,0,0,1,0,0
iodixanol,C35H44I6N6O15,1550.2,CC(=O)N(CC(CN(C1=C(C(=C(C(=C1I)C(=O)NCC(CO)O)I)C(=O)NCC(CO)O)I)C(=O)C)O)C2=C(C(=C(C(=C2I)C(=O)NCC(CO)O)I)C(=O)NCC(CO)O)I,-3.4,339.0,1330,13,15,22,62,0,1549.7133,1550.1880000000006,-1.5868999999999964,339.09,13,15,22,2,2,1,1,0,0,0,0,0,0,0,0,1,0,0,0,0,1,0,0,0,0,0,1,0,1,0,0,0,0,0,0,0,0,0,1,1,0,0,0,0,1,0,0,0,0,0,0,0,0,0,0,0,1,1,0,0,0,0,1,1,1,0,0,0,0,0,0,0,0,1,1,0,1,0,0,1,0,0,1,1,0,1,0,1,0,0,1,0,0,0,0,1,1,0,0,1,0,0,0,1,1,1,0,1,0,0,0,0,0,0,0,0,0,0,1,0,0,0,0,1,0,0,1,0,0,0,1,0,0
iohexol,C19H26I3N3O9,821.1,CC(=O)N(CC(CO)O)C1=C(C(=C(C(=C1I)C(=O)NCC(CO)O)I)C(=O)NCC(CO)O)I,-3.0,200.0,653,8,9,12,34,0,820.8803,821.1410000000001,-1.6274999999999986,199.89,8,9,12,1,1,1,1,0,0,0,0,0,0,0,0,1,0,0,0,0,1,0,0,0,0,0,1,1,1,0,0,0,0,0,0,0,0,0,1,1,0,0,0,0,1,0,0,0,0,0,0,0,0,0,0,0,1,1,0,0,0,0,1,1,0,0,0,0,0,0,0,0,0,1,1,0,1,0,0,1,0,0,1,1,0,1,0,1,0,0,1,0,0,0,0,1,1,0,0,1,0,0,0,1,1,1,0,1,0,0,0,0,0,0,0,0,0,0,1,0,0,0,0,1,0,0,1,0,0,0,1,0,0
iopamidol,C17H22I3N3O8,777.1,CC(C(=O)NC1=C(C(=C(C(=C1I)C(=O)NC(CO)CO)I)C(=O)NC(CO)CO)I)O,-2.4,188.0,583,8,8,10,31,0,776.8541,777.0880000000001,-1.0143000000000004,188.45,8,8,10,1,1,1,1,0,0,0,0,1,0,0,0,1,0,1,0,0,1,0,0,0,0,0,1,0,0,1,0,0,1,0,0,0,0,0,1,0,0,0,0,0,1,0,0,1,0,0,0,0,0,0,0,0,1,0,0,0,0,0,0,1,0,1,1,0,0,0,0,0,0,0,1,1,0,0,0,1,0,0,1,0,0,1,0,0,1,0,1,0,0,0,0,0,0,0,0,1,0,0,0,1,1,1,0,1,0,0,0,0,0,0,0,0,0,0,0,1,0,0,1,0,0,0,0,0,1,0,1,0,0
iopromide,C18H24I3N3O8,791.1,CN(CC(CO)O)C(=O)C1=C(C(=C(C(=C1I)C(=O)NCC(CO)O)I)NC(=O)COC)I,-2.1,169.0,647,6,8,11,32,0,790.8698,791.1149999999999,-0.40650000000000075,168.66,6,8,11,1,1,1,1,0,0,0,0,0,0,0,0,1,1,0,0,0,0,0,0,0,0,0,1,1,0,1,0,0,0,0,0,1,1,0,1,1,0,0,0,0,1,1,1,0,1,0,0,0,0,0,0,0,1,0,0,0,1,0,1,1,0,1,0,0,1,0,0,0,1,1,1,0,0,0,1,1,0,0,1,1,0,1,0,1,0,1,1,0,0,0,0,0,0,0,0,1,0,0,0,1,1,1,0,1,0,0,0,0,0,0,1,0,0,0,1,0,0,0,0,1,0,0,0,0,0,0,1,0,0
iotrolan,C37H48I6N6O18,1626.2,CN(C1=C(C(=C(C(=C1I)C(=O)NC(CO)C(CO)O)I)C(=O)NC(CO)C(CO)O)I)C(=O)CC(=O)N(C)C2=C(C(=C(C(=C2I)C(=O)NC(CO)C(CO)O)I)C(=O)NC(CO)C(CO)O)I,-4.2,400.0,1450,16,18,24,67,0,1625.7293,1626.2390000000005,-3.8942999999999905,399.78000000000003,16,18,24,2,2,1,1,1,0,0,0,0,0,0,0,1,1,0,0,0,0,0,0,0,0,0,1,0,1,0,0,0,0,0,0,0,0,0,1,0,1,0,0,0,1,0,0,0,0,1,0,0,0,0,0,0,1,0,0,1,0,0,0,1,0,0,0,1,1,0,0,0,0,0,1,0,1,0,0,1,0,0,1,0,0,1,0,0,0,0,1,1,0,0,0,0,0,1,0,1,0,0,0,1,1,1,0,1,0,0,0,0,0,0,0,0,1,0,1,0,0,0,1,0,1,1,0,0,0,0,1,0,1
iodipamide,C20H14I6N2O6,1139.8,C1=C(C(=C(C(=C1I)NC(=O)CCCCC(=O)NC2=C(C=C(C(=C2I)C(=O)O)I)I)I)C(=O)O)I,5.5,133.0,714,4,6,9,34,0,1139.512,1139.7640000000004,6.848200000000002,132.8,4,4,9,2,2,1,0,0,0,0,1,0,0,0,0,1,0,0,0,0,0,0,0,0,0,0,1,0,0,1,0,0,0,1,0,0,0,0,0,0,0,0,0,0,1,0,1,0,0,0,0,0,0,1,0,0,1,1,0,1,0,0,0,0,1,1,0,0,0,0,0,0,1,0,0,1,0,1,0,1,0,0,0,0,0,1,1,0,0,0,1,0,0,1,0,0,0,0,0,0,0,0,0,0,0,1,0,1,0,0,1,0,1,0,0,0,0,0,0,0,1,0,0,0,1,0,0,0,0,0,1,0,0
ioversol,C18H24I3N3O9,807.1,C(CO)N(C1=C(C(=C(C(=C1I)C(=O)NCC(CO)O)I)C(=O)NCC(CO)O)I)C(=O)CO,-3.0,200.0,623,8,9,12,33,0,806.8647,807.1140000000001,-2.0159999999999987,199.88999999999996,8,9,12,1,1,1,1,0,0,0,0,0,0,0,0,1,0,0,0,0,1,0,0,0,0,0,1,0,1,0,0,0,0,1,0,0,1,0,0,1,0,0,0,0,1,0,0,0,0,0,0,0,0,0,0,0,1,0,0,0,0,0,1,1,0,0,0,0,0,0,0,0,0,1,1,0,1,0,0,1,0,0,1,1,0,1,0,1,0,0,1,1,0,0,1,0,0,0,0,1,0,0,0,1,1,1,0,1,0,0,0,0,0,0,1,1,0,0,1,0,0,0,1,1,0,0,0,0,0,0,1,0,0
ioxaglate,C24H21I6N5O8,1268.9,CC(=O)N(C)C1=C(C(=C(C(=C1I)C(=O)NCC(=O)NC2=C(C(=C(C(=C2I)C(=O)O)I)C(=O)NCCO)I)I)C(=O)NC)I,2.8,194.0,1090,6,8,10,43,0,1268.5658,1268.8830000000003,3.4453000000000014,194.24,6,7,10,2,2,1,0,0,0,1,1,0,0,1,0,1,1,1,0,0,0,0,0,0,0,0,1,1,1,1,0,0,1,0,0,1,0,1,1,1,0,0,0,0,1,0,1,1,0,0,0,0,0,0,0,0,1,1,0,1,0,0,0,1,1,1,0,0,0,0,0,0,1,0,1,0,1,1,0,1,0,0,1,0,0,1,0,1,1,0,1,0,0,0,1,0,0,0,0,1,0,0,0,0,0,1,0,1,0,0,0,0,0,0,0,0,0,0,1,0,1,0,0,0,0,0,1,0,0,0,1,0,1
ioxilan,C18H24I3N3O8,791.1,CC(=O)N(CC(CO)O)C1=C(C(=C(C(=C1I)C(=O)NCC(CO)O)I)C(=O)NCCO)I,-2.4,180.0,647,7,8,11,32,0,790.8698,791.115,-0.9884,179.66,7,8,11,1,1,1,1,0,0,0,0,0,0,1,0,1,0,0,0,0,1,0,0,0,0,0,1,1,1,0,0,0,1,0,0,0,0,0,1,1,0,0,0,0,1,0,0,1,0,0,0,0,0,0,0,0,1,1,0,0,0,0,1,1,0,0,0,0,0,0,0,0,0,1,1,0,1,0,0,1,0,0,1,1,0,1,0,1,1,0,1,0,0,0,1,1,1,0,0,1,0,0,0,1,1,1,0,1,0,0,0,0,0,0,0,0,0,0,1,0,0,0,0,1,0,0,1,0,0,0,1,0,0
ipratropium,C20H30NO3+,332.5,CC(C)[N+]1(C2CCC1CC(C2)OC(=O)C(CO)C3=CC=CC=C3)C,2.6,46.5,430,1,3,6,24,1,332.22256882,332.464,2.8541000000000016,46.53,1,3,5,3,1,1,1,0,1,0,1,0,0,0,0,1,0,1,0,0,0,0,0,1,1,0,0,1,0,0,0,0,1,0,0,1,0,0,1,0,1,0,0,0,1,0,1,0,0,0,1,0,1,0,0,0,0,0,0,0,1,0,0,0,0,0,0,0,1,1,0,0,0,0,0,0,0,0,0,0,0,0,0,0,0,1,1,0,0,0,1,1,0,0,1,0,0,0,1,1,0,0,0,1,0,1,0,1,0,0,0,0,0,0,0,0,0,0,0,1,0,0,0,0,1,0,0,1,1,0,1,0,0
irbesartan,C25H28N6O,428.5,CCCCC1=NC2(CCCC2)C(=O)N1CC3=CC=C(C=C3)C4=CC=CC=C4C5=NNN=N5,4.1,87.1,682,1,5,7,32,0,428.23245954,428.5400000000001,4.777400000000004,87.13000000000001,1,5,7,5,3,1,1,0,0,1,0,0,0,1,0,1,0,1,0,0,0,0,0,0,1,0,0,0,0,1,0,1,0,0,0,1,0,0,1,1,0,1,0,1,1,0,0,0,0,0,0,0,1,1,1,0,0,0,1,1,0,0,0,1,0,0,0,0,0,1,1,1,0,0,0,0,0,0,1,0,0,1,0,0,1,1,1,0,0,1,0,1,0,1,0,1,1,0,0,1,0,1,0,0,0,1,1,1,0,0,1,0,0,0,0,0,0,0,0,1,0,0,0,0,1,0,0,1,0,0,0,0,1
irinotecan,C33H38N4O6,586.7,CCC1=C2CN3C(=CC4=C(C3=O)COC(=O)C4(CC)O)C2=NC5=C1C=C(C=C5)OC(=O)N6CCC(CC6)N7CCCCC7,3.0,113.0,1200,1,8,5,43,0,586.27913494,586.689,4.0911000000000035,114.19999999999999,1,8,4,7,3,0,0,1,1,1,1,0,1,1,0,1,0,1,0,0,0,1,1,0,0,0,0,0,0,0,0,1,0,1,1,1,0,0,1,0,0,1,0,1,1,0,1,0,1,0,1,1,1,0,0,0,0,0,0,0,1,1,1,1,0,1,1,1,1,1,1,1,1,0,0,0,1,1,1,0,0,0,1,1,1,1,1,0,0,0,0,1,0,1,1,0,0,0,0,0,0,0,1,0,0,1,0,0,0,0,1,0,1,0,0,0,1,0,1,1,1,1,0,1,1,1,0,1,1,0,1,0,1
isocarboxazid,C12H13N3O2,231.25,CC1=CC(=NO1)C(=O)NNCC2=CC=CC=C2,1.5,67.2,254,2,4,4,17,0,231.100776666,231.25500000000002,1.41762,67.16,2,4,4,2,2,1,1,0,0,0,1,1,0,0,0,1,0,0,0,0,0,1,0,0,0,0,0,0,0,0,0,0,0,0,0,0,0,1,1,0,0,0,0,0,1,0,0,1,0,0,1,1,1,0,0,0,0,0,0,0,0,0,0,1,0,0,0,0,0,1,0,0,1,0,0,0,0,0,0,0,0,0,0,1,0,1,1,0,1,1,0,1,1,0,0,1,0,0,0,0,0,0,0,0,0,1,0,1,0,0,1,0,1,0,0,0,0,0,0,0,0,0,0,1,0,1,0,1,0,0,1,1,1
isoflurane,C3H2ClF5O,184.49,C(C(F)(F)F)(OC(F)F)Cl,2.1,9.2,102,0,6,2,10,0,183.9714332,184.49099999999999,2.3528000000000002,9.23,0,1,2,0,0,0,1,0,0,0,0,0,0,1,0,0,0,0,0,0,0,0,0,1,1,0,0,1,0,0,0,1,0,0,0,0,0,0,0,0,0,0,0,0,0,0,0,1,0,0,1,0,0,0,0,0,0,0,0,0,1,0,0,0,0,0,1,0,0,0,0,0,0,0,0,0,0,0,0,0,0,0,0,0,0,0,0,0,1,0,0,0,0,0,0,0,0,0,0,0,0,0,0,1,0,0,0,0,1,0,0,0,0,0,0,0,0,0,0,1,0,0,0,0,0,0,0,0,0,0,0,0,0
isoniazid,C6H7N3O,137.14,C1=CN=CC=C1C(=O)NN,-0.7,68.0,120,2,3,1,10,0,137.058911855,137.14199999999997,-0.3149000000000001,68.01,2,3,1,1,1,1,1,1,0,0,0,0,0,0,0,1,0,0,0,0,0,0,0,0,1,0,0,0,0,0,0,0,0,0,0,0,0,0,0,0,0,0,1,0,1,0,0,0,0,0,0,0,0,0,0,0,0,0,0,0,0,1,0,0,0,0,0,0,0,0,0,0,1,0,0,0,0,0,0,1,0,0,0,0,0,1,1,0,0,0,0,1,0,0,0,0,0,0,0,0,0,0,0,0,0,1,0,1,0,0,1,0,0,0,0,0,0,0,1,0,0,0,0,0,0,0,0,1,0,0,1,0,1
isopropyl,C3H8O,60.1,CC(C)O,0.3,20.2,10,1,1,0,4,0,60.057514874,60.096000000000004,0.38710000000000006,20.23,1,1,0,0,0,0,1,0,0,0,0,0,0,0,0,0,0,0,0,0,0,0,0,0,0,0,0,0,0,0,0,0,1,0,0,0,0,0,1,0,0,0,0,0,1,0,0,0,0,0,0,0,0,0,0,0,0,0,0,0,0,0,0,0,0,0,0,0,0,0,0,0,0,0,1,0,0,0,0,0,0,0,0,0,0,0,0,0,0,0,0,0,0,0,0,0,0,0,0,0,0,0,0,0,1,0,0,0,0,0,0,0,0,0,0,0,0,0,0,0,0,0,0,0,0,0,0,0,0,0,0,0,0
isoproterenol,C11H17NO3,211.26,CC(C)NCC(C1=CC(=C(C=C1)O)O)O,-0.6,72.7,187,4,4,4,15,0,211.1208434,211.261,1.1291999999999998,72.72,4,4,4,1,1,1,1,0,0,1,0,0,0,0,0,0,0,0,0,1,0,0,0,0,0,0,0,0,0,0,0,1,1,0,0,0,0,0,1,0,0,0,0,1,1,0,0,0,0,0,0,0,0,0,0,0,0,0,1,0,0,0,0,0,1,0,1,0,0,0,0,1,1,0,0,0,1,0,0,0,0,0,1,0,0,1,1,1,0,0,1,1,0,0,0,0,0,0,0,1,0,0,0,0,1,1,0,0,0,0,0,0,1,0,0,1,0,0,0,0,0,0,0,0,0,1,0,0,0,0,0,0,0
isosorbide,C6H10O4,146.14,C1C(C2C(O1)C(CO2)O)O,-1.4,58.9,122,2,4,0,10,0,146.0579088,146.142,-1.4942000000000002,58.92,2,4,0,2,0,0,0,0,1,0,0,0,0,0,0,0,0,0,0,0,0,1,0,0,0,0,0,0,0,0,0,0,0,0,0,1,0,0,0,1,0,0,0,0,1,0,1,0,0,0,0,0,0,0,0,0,0,0,0,0,0,0,0,1,0,0,0,0,0,0,0,1,0,0,0,0,0,0,0,0,0,0,0,0,0,0,1,0,0,0,0,0,0,0,0,0,0,0,1,0,0,0,0,0,0,0,0,0,0,0,1,0,0,0,0,1,0,0,0,0,0,0,0,0,0,0,0,0,1,0,0,0,0
isoxsuprine,C18H23NO3,301.4,CC(COC1=CC=CC=C1)NC(C)C(C2=CC=C(C=C2)O)O,2.8,61.7,299,3,4,7,22,0,301.1677936,301.386,2.8712000000000018,61.72,3,4,7,2,2,1,1,0,0,0,1,0,0,0,0,0,1,0,0,1,0,0,0,0,0,0,0,0,0,0,0,0,1,0,0,0,0,0,1,0,1,0,1,0,1,0,0,0,0,1,0,0,1,0,0,1,0,0,0,0,1,0,0,0,0,0,1,0,0,1,0,1,0,0,0,0,0,0,0,0,0,0,0,0,0,1,1,0,1,0,1,1,0,0,0,0,0,1,0,0,0,0,0,1,1,1,0,1,0,0,1,0,0,0,0,0,0,0,0,1,1,0,0,1,0,0,0,0,0,0,0,0,0
isradipine,C19H21N3O5,371.4,CC1=C(C(C(=C(N1)C)C(=O)OC(C)C)C2=CC=CC3=NON=C32)C(=O)OC,4.3,104.0,685,1,8,6,27,0,371.14812078,371.39300000000014,2.582200000000001,103.55,1,8,4,3,2,1,1,0,1,0,0,1,0,0,0,1,0,0,0,0,1,1,1,0,1,0,0,0,0,0,0,0,1,0,0,0,0,0,1,0,0,1,0,0,1,0,1,0,0,0,0,0,0,0,0,0,0,0,0,0,1,1,0,1,0,1,0,0,0,1,0,0,0,0,1,0,0,0,1,0,0,0,0,0,0,0,1,1,0,0,0,1,0,0,1,1,0,0,0,0,0,0,0,0,0,1,0,1,0,0,0,0,0,1,1,1,1,0,0,0,1,0,0,0,0,0,0,1,1,1,1,0,0
itraconazole,C35H38Cl2N8O4,705.6,CCC(C)N1C(=O)N(C=N1)C2=CC=C(C=C2)N3CCN(CC3)C4=CC=C(C=C4)OCC5COC(O5)(CN6C=NC=N6)C7=C(C=C(C=C7)Cl)Cl,5.7,101.0,1120,0,9,11,49,0,704.2393071,705.6470000000003,5.5773000000000055,104.70000000000002,0,9,11,7,5,1,1,0,1,0,0,1,0,1,0,1,1,0,0,0,1,1,0,0,1,0,0,1,1,0,0,0,1,0,0,1,0,0,1,0,0,1,1,1,1,0,0,0,1,1,0,1,1,1,1,0,0,1,0,0,1,0,1,1,0,1,0,0,0,0,0,1,1,0,0,1,0,1,0,0,0,1,0,1,0,1,1,0,0,1,0,1,0,1,0,0,0,0,0,0,0,0,0,0,1,1,0,1,1,0,1,0,1,1,1,1,1,1,0,0,0,0,1,0,0,0,1,1,1,0,1,1,0
ketamine,C13H16ClNO,237.72,CNC1(CCCCC1=O)C2=CC=CC=C2Cl,2.2,29.1,269,1,2,2,16,0,237.0920418,237.73000000000002,2.897800000000001,29.1,1,2,2,2,1,1,0,0,0,1,1,0,0,0,0,1,0,1,0,1,0,0,0,0,1,0,1,1,0,0,0,1,0,0,0,1,0,1,1,1,0,1,0,0,0,0,0,0,0,0,0,0,1,0,1,0,0,1,0,1,0,0,0,1,0,1,0,0,1,1,0,0,0,0,0,0,0,0,0,1,0,0,0,1,0,0,1,0,0,0,0,1,0,0,0,0,0,0,0,1,0,0,0,0,0,1,0,1,0,0,0,0,0,0,0,1,0,0,0,0,0,0,0,0,0,0,0,0,0,0,0,0,0
ketoconazole,C26H28Cl2N4O4,531.4,CC(=O)N1CCN(CC1)C2=CC=C(C=C2)OCC3COC(O3)(CN4C=CN=C4)C5=C(C=C(C=C5)Cl)Cl,4.3,69.1,735,0,6,7,36,0,530.1487608,531.4400000000003,4.2058000000000035,69.06,0,6,7,5,3,0,0,0,1,0,0,0,0,0,0,1,0,0,0,0,1,1,0,0,1,1,0,0,1,0,0,0,0,0,0,1,0,0,1,0,0,1,1,0,1,0,0,0,0,1,0,1,1,1,1,0,0,0,1,0,1,0,1,0,0,1,1,0,0,0,0,1,1,0,0,0,0,1,0,1,1,1,1,1,0,1,1,0,0,1,0,1,0,1,1,0,0,0,1,0,0,0,0,0,0,1,0,1,0,0,1,0,1,0,1,1,1,1,0,0,0,0,0,1,0,0,1,1,1,0,1,1,0
ketoprofen,C16H14O3,254.28,CC(C1=CC(=CC=C1)C(=O)C2=CC=CC=C2)C(=O)O,3.1,54.4,331,1,3,4,19,0,254.094294304,254.285,3.1057000000000006,54.370000000000005,1,2,4,2,2,0,1,0,0,1,1,0,0,0,1,1,0,0,0,0,1,0,0,0,0,0,0,0,0,0,1,0,1,0,0,0,0,0,1,0,0,0,0,0,1,0,0,0,0,0,1,0,1,0,0,0,0,1,0,0,0,0,0,0,0,0,0,0,0,1,1,0,0,0,0,0,0,0,0,0,0,0,0,0,0,0,1,1,0,0,1,1,0,0,0,0,0,0,0,0,0,0,0,0,0,1,1,0,0,0,1,0,1,0,0,0,1,0,0,0,0,0,0,0,0,0,0,0,1,0,1,0,0
ketorolac,C15H13NO3,255.27,C1CN2C(=CC=C2C(=O)C3=CC=CC=C3)C1C(=O)O,1.9,59.3,376,1,3,3,19,0,255.08954328,255.273,2.291,59.3,1,2,3,3,2,0,0,0,0,0,1,0,0,0,1,1,0,0,0,1,0,0,0,1,1,0,1,0,1,0,0,0,0,0,0,1,0,1,0,0,0,0,0,0,1,0,0,0,0,0,1,0,1,0,0,0,0,0,0,0,0,1,0,0,0,0,0,0,0,1,1,0,0,0,0,0,0,1,0,0,0,0,0,0,0,0,1,0,0,0,0,1,0,1,0,0,0,0,0,0,0,0,0,0,0,1,0,0,0,1,1,0,0,1,0,0,1,0,1,0,0,0,0,0,0,0,0,0,1,1,1,1,0
ketotifen,C19H19NOS,309.4,CN1CCC(=C2C3=C(C(=O)CC4=CC=CC=C42)SC=C3)CC1,3.2,48.6,476,0,3,0,22,0,309.1187354,309.4340000000001,4.014400000000004,20.310000000000002,0,3,0,4,2,1,0,0,0,0,0,0,0,0,0,1,1,0,0,1,0,0,0,0,0,1,0,0,0,0,0,0,0,1,0,1,1,0,1,0,1,0,0,1,1,0,0,1,0,1,0,1,1,0,0,0,0,0,0,0,0,0,1,1,0,0,0,0,0,1,1,0,0,1,0,1,0,1,1,1,0,0,0,0,1,0,1,0,0,1,0,1,0,1,0,1,0,0,0,0,0,1,0,0,0,1,0,0,0,0,0,0,0,0,0,0,1,0,0,1,0,0,0,0,0,0,1,0,0,1,0,0,0
cytokinin,C10H9N5O,215.21,C1=COC(=C1)CNC2=NC=NC3=C2NC=N3,1.0,79.6,239,2,5,3,16,0,215.08070993,215.21600000000004,1.5579999999999996,79.63000000000001,2,5,3,3,3,1,0,1,0,0,0,1,0,1,0,0,0,0,0,1,1,1,0,1,1,0,0,0,0,0,0,0,0,0,0,0,0,1,0,0,0,1,1,1,0,0,0,0,0,1,0,0,0,0,0,0,1,0,0,0,0,0,0,1,0,0,0,0,0,1,0,1,0,1,0,0,0,0,1,0,0,0,0,0,0,1,1,0,0,0,0,1,1,1,0,1,0,1,0,0,0,0,0,0,0,1,0,0,0,0,1,0,0,0,0,1,0,0,0,0,0,0,0,0,0,0,0,1,1,0,0,0,1
labetalol,C19H24N2O3,328.4,CC(CCC1=CC=CC=C1)NCC(C2=CC(=C(C=C2)O)C(=O)N)O,3.1,95.6,385,4,4,8,24,0,328.17869263,328.41200000000003,2.1353999999999997,95.58,4,4,8,2,2,1,1,0,0,1,1,0,0,0,0,1,0,1,0,1,0,0,0,0,1,0,1,0,0,0,0,1,1,0,0,0,0,0,1,0,0,0,0,0,1,0,0,1,0,0,0,0,1,0,0,0,0,0,1,0,0,0,0,0,1,0,1,0,0,1,0,1,1,0,0,0,1,0,0,0,0,0,0,0,0,1,1,1,0,0,1,1,0,1,0,1,1,1,0,1,0,0,0,1,1,1,0,0,0,0,0,0,1,1,0,1,0,0,0,0,0,0,0,0,0,1,0,0,0,0,1,0,0
lactulose,C12H22O11,342.3,C(C1C(C(C(C(O1)OC2C(OC(C2O)(CO)O)CO)O)O)O)O,-4.3,190.0,395,8,11,5,23,0,342.11621151,342.297,-5.395599999999993,189.52999999999997,8,11,5,2,0,0,1,1,0,0,1,0,1,0,0,0,0,0,1,0,0,1,0,0,0,0,0,0,0,0,1,0,0,0,0,1,0,0,0,0,0,1,0,0,1,0,0,0,1,0,0,1,0,0,0,0,0,1,1,0,1,0,1,0,0,0,0,1,0,0,0,0,0,0,0,0,0,0,0,0,0,0,0,0,1,1,0,1,0,0,0,0,0,0,1,0,0,0,0,1,0,0,0,1,0,1,1,0,0,0,1,0,0,1,0,0,0,0,0,0,1,0,0,0,0,0,0,0,1,0,0,0,0
lamivudine,C8H11N3O3S,229.26,C1C(OC(S1)CO)N2C=CC(=NC2=O)N,-0.9,113.0,331,2,4,2,15,0,229.05211239,229.261,-0.5941000000000001,90.36999999999999,2,6,2,2,1,0,1,0,1,1,0,0,0,0,0,1,0,0,0,0,0,1,0,0,1,0,0,0,0,0,0,0,0,0,1,1,0,0,0,0,1,1,0,0,1,1,0,0,0,0,0,0,0,0,1,0,0,0,1,1,0,0,0,1,0,0,0,1,1,0,1,0,0,0,0,0,0,0,0,0,0,0,1,0,0,1,1,0,0,0,0,1,0,0,0,0,0,0,0,1,1,0,1,0,0,1,1,1,0,0,0,0,0,1,0,0,0,0,0,1,0,0,0,0,0,0,0,1,1,0,0,0,1
lamotrigine,C9H7Cl2N5,256.09,C1=CC(=C(C(=C1)Cl)Cl)C2=C(N=C(N=N2)N)N,1.4,90.7,242,2,5,1,16,0,255.0078506,256.096,2.0098,90.71,2,5,1,2,2,0,0,0,0,0,0,0,0,0,0,0,0,1,0,0,1,0,0,0,1,0,0,0,1,0,1,0,0,0,0,0,1,0,0,0,0,0,0,0,0,0,1,1,0,0,0,0,0,0,1,0,1,0,0,0,0,0,0,0,0,0,0,0,1,1,0,0,1,0,0,0,0,0,0,0,0,0,0,1,0,0,1,0,0,0,0,1,0,1,0,0,0,0,0,0,0,1,0,0,0,1,0,0,0,0,0,0,0,0,0,1,0,1,1,0,1,0,1,0,0,0,0,1,1,0,0,0,0
lansoprazole,C16H14F3N3O2S,369.4,CC1=C(C=CN=C1CS(=O)C2=NC3=CC=CC=C3N2)OCC(F)(F)F,2.8,87.1,480,1,8,5,25,0,369.07588236,369.36800000000005,3.515220000000002,67.87,1,4,5,3,3,0,0,0,0,0,0,0,1,1,0,1,0,0,0,0,0,0,0,0,1,0,0,0,1,0,0,0,0,0,0,0,0,0,1,0,0,0,1,0,0,0,1,0,1,1,1,0,1,0,0,1,0,1,0,0,1,0,0,1,0,0,0,0,1,1,0,0,0,0,0,0,0,0,1,1,1,0,0,1,0,1,1,0,0,1,1,1,1,1,0,1,0,0,1,0,0,0,1,0,0,1,0,0,1,1,1,0,0,0,1,1,0,0,1,1,0,0,0,0,1,0,0,1,0,1,0,0,0
latanoprost,C26H40O5,432.6,CC(C)OC(=O)CCCC=CCC1C(CC(C1CCC(CCC2=CC=CC=C2)O)O)O,4.3,87.0,526,3,5,14,31,0,432.28757437,432.60100000000017,4.186400000000006,86.99000000000001,3,5,13,2,1,1,1,0,0,0,1,0,1,0,0,1,0,1,0,0,0,0,1,0,1,0,1,0,0,0,0,1,1,1,0,1,0,0,1,0,0,1,0,0,1,0,0,1,0,0,0,0,1,0,0,0,0,0,0,1,1,1,0,1,0,0,1,0,0,1,0,0,0,0,1,0,0,0,1,0,0,1,0,0,0,1,1,0,0,0,0,1,0,0,0,1,1,0,0,0,0,1,0,0,1,1,0,0,0,0,1,1,0,0,0,0,0,0,0,0,0,0,0,1,1,1,0,0,1,0,1,1,1
leflunomide,C12H9F3N2O2,270.21,CC1=C(C=NO1)C(=O)NC2=CC=C(C=C2)C(F)(F)F,2.5,55.1,327,1,6,2,19,0,270.06161202,270.21,3.2541200000000012,55.13,1,3,2,2,2,1,1,0,0,0,0,0,0,1,1,1,0,0,0,0,0,1,0,0,1,0,0,0,0,1,0,0,0,0,0,0,0,0,1,0,0,0,0,0,1,0,1,0,0,0,1,0,0,0,0,0,0,0,1,0,0,0,0,1,0,0,0,0,1,1,0,0,1,0,0,0,1,0,0,0,1,0,0,0,1,0,1,0,0,0,0,1,0,0,0,0,0,0,0,0,0,0,0,0,0,1,1,1,0,0,0,0,0,1,0,0,0,0,0,1,1,0,0,0,0,1,0,1,0,0,1,0,1
letrozole,C17H11N5,285.3,C1=CC(=CC=C1C#N)C(C2=CC=C(C=C2)C#N)N3C=NC=N3,2.7,78.3,420,0,4,3,22,0,285.10144537,285.31,2.659160000000001,78.29,0,4,3,3,3,0,1,0,0,0,0,0,0,0,0,0,1,0,0,0,0,0,0,0,0,0,0,1,0,0,0,0,0,0,0,0,0,1,0,1,0,1,0,0,1,0,1,0,1,0,0,0,0,0,1,0,0,0,0,0,0,1,0,0,0,0,1,0,0,0,0,0,1,0,0,0,1,0,0,0,0,0,1,0,0,0,1,0,0,0,1,1,0,0,0,0,0,0,0,0,0,0,0,0,0,1,0,1,0,1,1,0,0,0,0,0,0,1,0,0,0,0,0,0,0,0,0,1,0,0,0,0,0
Leuprorelin,C59H84N16O12,1209.4,CCNC(=O)C1CCCN1C(=O)C(CCCN=C(N)N)NC(=O)C(CC(C)C)NC(=O)C(CC(C)C)NC(=O)C(CC2=CC=C(C=C2)O)NC(=O)C(CO)NC(=O)C(CC3=CNC4=CC=CC=C43)NC(=O)C(CC5=CN=CN5)NC(=O)C6CCC(=O)N6,0.7,432.0,2390,15,14,32,87,0,1208.64546218,1209.4210000000005,-1.438100000000009,431.53999999999985,15,14,32,6,4,1,1,0,0,1,0,1,0,1,0,1,0,1,0,0,0,1,1,0,1,0,1,1,1,1,1,0,1,0,0,1,1,0,1,0,0,0,1,1,1,1,0,0,0,0,1,0,1,0,1,1,0,0,0,1,1,0,0,1,0,1,1,1,0,1,1,1,1,0,1,0,1,1,1,1,0,0,1,0,1,1,1,1,0,1,1,1,1,1,1,1,0,0,0,1,1,1,0,1,1,1,0,0,1,1,1,1,0,1,0,0,0,1,1,1,0,0,1,0,1,0,0,1,1,1,1,0,1
levobunolol,C17H25NO3,291.4,CC(C)(C)NCC(COC1=CC=CC2=C1CCCC2=O)O,2.4,58.6,350,2,4,6,21,0,291.18344366,291.391,2.3334000000000006,58.56,2,4,5,2,1,1,1,1,0,1,0,0,0,1,0,1,0,0,0,0,1,0,0,1,0,0,0,0,0,0,0,0,0,0,0,1,0,0,1,0,0,0,0,0,1,0,0,1,0,1,0,1,0,0,0,1,0,0,0,0,1,0,0,1,0,0,0,0,0,1,1,0,0,0,0,0,0,0,1,1,1,0,0,0,0,1,1,0,0,0,0,1,0,1,1,0,1,0,0,1,0,1,0,0,1,1,0,0,0,0,1,0,1,0,0,0,1,0,0,1,0,0,1,1,0,0,0,0,0,1,0,0,0
levocabastine,C26H29FN2O2,420.5,CC1CN(CCC1(C2=CC=CC=C2)C(=O)O)C3CCC(CC3)(C#N)C4=CC=C(C=C4)F,2.5,64.3,681,1,5,4,31,0,420.22130633,420.52800000000025,4.894080000000004,64.33000000000001,1,3,4,4,2,0,0,1,0,1,1,1,0,1,0,1,0,0,0,1,1,0,0,1,0,0,0,1,0,0,1,0,0,0,1,1,0,1,1,1,0,1,0,0,1,0,0,1,0,1,1,0,1,0,0,0,0,0,0,0,0,1,0,0,1,0,0,1,0,1,0,0,0,0,0,0,0,1,0,1,0,0,0,0,0,0,1,0,0,0,0,1,1,0,0,1,0,0,0,0,0,0,0,0,1,1,0,0,0,1,0,1,0,0,0,0,0,1,0,0,1,0,0,1,0,1,0,1,1,0,1,1,0
levomepromazine,C19H24N2OS,328.5,CC(CN1C2=CC=CC=C2SC3=C1C=C(C=C3)OC)CN(C)C,4.7,41.0,378,0,4,5,23,0,328.16093457,328.48100000000005,4.495600000000005,15.71,0,4,5,3,2,1,1,1,0,1,0,0,0,0,0,0,1,1,1,0,1,0,0,0,0,0,1,0,0,0,0,0,1,0,0,0,0,0,1,0,1,0,0,0,1,0,0,0,1,0,0,0,1,0,1,0,0,1,1,0,1,0,0,0,0,0,0,0,0,1,0,1,0,1,0,0,0,0,1,0,1,1,0,1,0,1,1,0,0,0,0,1,1,0,0,0,0,0,0,0,0,0,1,1,0,1,0,0,0,1,0,0,1,0,0,1,1,0,1,1,0,0,0,0,0,0,0,0,0,1,0,0,0
dextrorphan,C17H23NO,257.37,CN1CCC23CCCCC2C1CC4=C3C=C(C=C4)O,3.1,23.5,357,1,2,0,19,0,257.177964357,257.377,3.0804000000000022,23.47,1,2,0,4,1,0,0,0,0,1,0,0,1,0,0,1,0,0,0,0,0,0,0,0,0,0,0,0,1,0,1,0,0,1,1,1,0,0,1,1,0,1,0,0,1,0,0,0,0,1,1,0,0,0,0,1,1,0,0,0,0,0,0,0,0,1,0,0,0,0,0,1,1,1,0,0,0,1,0,0,0,0,0,0,0,0,1,0,0,1,0,1,0,0,0,0,0,1,0,1,0,0,0,0,0,1,0,1,1,1,1,0,1,0,0,1,0,0,0,0,0,0,0,0,0,0,1,1,1,0,1,0,0
lincomycin,C18H34N2O6S,406.5,CCCC1CC(N(C1)C)C(=O)NC(C2C(C(C(C(O2)SC)O)O)O)C(C)O,0.2,148.0,498,5,8,7,27,0,406.21375798,406.54500000000013,-0.8569999999999969,122.49000000000002,5,8,7,2,0,1,1,0,0,1,0,0,0,0,0,1,0,1,1,0,1,1,0,0,1,0,0,0,0,0,0,1,1,1,1,1,0,0,1,0,1,0,0,1,1,0,0,1,0,0,0,0,1,0,1,0,0,0,0,0,0,0,0,1,0,0,1,0,0,1,1,0,0,0,0,0,0,0,0,0,0,0,0,0,1,1,0,0,0,0,0,0,0,0,0,1,0,0,0,0,1,0,0,0,1,0,0,1,0,0,1,0,0,0,0,0,0,1,0,0,1,1,1,0,0,0,1,0,1,1,1,0,1
linezolid,C16H20FN3O4,337.35,CC(=O)NCC1CN(C(=O)O1)C2=CC(=C(C=C2)N3CCOCC3)F,0.7,71.1,472,1,6,4,24,0,337.14378429,337.35100000000017,1.1235999999999995,71.11,1,5,4,3,1,1,0,0,0,0,0,0,0,1,0,1,1,1,0,0,1,1,0,0,0,0,0,0,1,0,0,0,0,0,0,1,0,0,1,0,0,1,0,0,1,0,0,0,0,0,0,0,0,1,1,0,0,0,0,1,0,1,0,1,1,0,0,1,0,0,0,0,0,1,1,0,0,1,0,0,0,1,0,0,0,1,1,0,0,0,0,1,0,0,0,0,1,0,0,1,0,1,0,0,1,1,0,0,1,1,1,0,1,0,0,1,1,0,0,0,0,0,1,1,1,0,1,0,1,0,1,0,0
Lisinopril,C21H31N3O5,405.5,C1CC(N(C1)C(=O)C(CCCCN)NC(CCC2=CC=CC=C2)C(=O)O)C(=O)O,-2.9,133.0,550,4,7,12,29,0,405.2263711,405.49500000000006,1.2352000000000014,132.96,4,5,12,2,1,1,1,0,1,1,1,0,0,0,0,1,0,0,0,0,0,0,0,0,1,0,1,0,1,0,1,0,0,0,0,1,0,0,0,0,0,0,0,0,1,0,0,1,1,0,1,0,1,1,0,0,0,1,0,0,0,0,0,1,0,0,1,1,0,1,1,0,0,0,0,0,0,1,0,0,0,0,0,0,0,1,1,0,1,0,1,1,0,1,0,1,1,0,0,0,1,1,0,1,1,1,0,0,0,1,0,0,0,1,1,0,0,0,1,1,0,0,0,0,1,0,0,0,1,0,1,0,0
lisuride,C20H26N4O,338.4,CCN(CC)C(=O)NC1CN(C2CC3=CNC4=CC=CC(=C34)C2=C1)C,2.7,51.4,544,2,2,3,25,0,338.21066147,338.4550000000001,2.8414,51.370000000000005,2,2,3,4,2,1,0,0,1,0,0,0,1,0,0,1,0,0,1,0,1,0,1,0,0,0,0,1,0,0,0,0,0,0,0,1,0,1,1,0,0,1,0,1,1,0,0,0,0,0,0,0,0,0,0,0,0,0,0,0,0,1,0,0,0,0,0,0,0,1,1,0,1,0,0,0,0,0,1,0,1,1,0,0,0,1,1,1,0,1,0,1,1,1,0,1,0,0,1,0,0,1,1,1,1,1,0,1,1,0,0,0,0,0,0,0,0,1,1,0,0,0,0,0,1,0,1,0,1,0,1,0,0
LiOH,HLiO,24.0,[Li+].[OH-],,1.0,2,1,1,0,2,0,24.01874309,23.948,-3.1728,30.0,0,1,0,0,0,0,0,0,0,0,0,0,0,0,0,0,0,0,0,0,0,0,0,0,0,0,0,0,0,0,0,0,0,0,0,0,0,0,0,0,0,0,0,0,0,0,0,0,0,0,0,0,0,0,0,0,0,0,0,0,0,0,0,0,0,0,0,0,0,0,0,0,0,1,0,0,0,0,0,0,0,0,0,0,0,0,0,0,0,0,0,0,0,0,0,0,0,0,0,1,0,0,0,0,0,0,0,0,0,0,0,0,0,0,0,0,0,0,0,0,0,0,0,0,0,0,0,0,0,0,0,0,0
lomefloxacin,C17H19F2N3O3,351.35,CCN1C=C(C(=O)C2=CC(=C(C(=C21)F)N3CCNC(C3)C)F)C(=O)O,-0.8,72.9,585,2,8,3,25,0,351.1394478,351.35300000000007,1.7959,74.57000000000001,2,4,3,3,2,0,1,0,0,0,1,0,0,1,0,1,0,0,1,0,0,0,0,1,0,0,0,0,1,0,0,0,0,0,1,1,0,1,1,1,0,1,1,1,1,1,0,0,0,0,1,0,1,1,1,0,0,1,0,0,0,0,1,1,1,1,1,0,0,0,1,1,0,0,1,0,1,1,0,0,0,1,1,0,0,1,1,1,1,0,0,0,0,0,0,1,0,0,0,0,0,0,0,0,1,1,0,0,0,0,0,0,1,0,0,1,0,0,0,0,0,0,0,0,0,0,0,0,1,0,1,0,0
lomustine,C9H16ClN3O2,233.69,C1CCC(CC1)NC(=O)N(CCCl)N=O,2.8,61.8,219,1,3,3,15,0,233.0931045,233.69899999999998,2.2509000000000006,61.77,1,3,4,1,0,1,0,1,1,1,0,0,0,0,0,1,0,0,0,0,0,0,1,0,1,0,0,1,0,0,0,0,0,0,0,1,1,0,0,0,0,0,1,0,1,0,0,0,0,1,1,0,1,1,0,0,0,0,0,0,0,0,0,0,1,0,0,0,0,0,1,0,0,0,0,0,0,0,0,0,0,0,0,0,0,1,0,0,1,0,1,0,0,0,1,0,0,0,0,0,0,0,0,1,0,0,0,0,0,0,0,0,0,0,0,0,0,0,1,0,0,0,0,0,1,0,0,1,1,0,1,1,0
loperamide,C29H33ClN2O2,477.0,CN(C)C(=O)C(CCN1CCC(CC1)(C2=CC=C(C=C2)Cl)O)(C3=CC=CC=C3)C4=CC=CC=C4,5.0,43.8,623,1,3,7,34,0,476.223056,477.04800000000006,5.088000000000005,43.78,1,3,7,4,3,1,0,1,0,1,1,0,0,0,1,1,1,0,0,1,0,0,0,1,1,0,0,0,0,1,0,0,0,1,0,1,0,0,1,0,0,1,0,0,1,0,1,0,0,1,0,1,1,1,1,0,0,0,1,0,0,0,1,0,0,0,0,0,0,1,0,0,0,0,0,0,0,1,0,1,0,0,0,0,0,1,1,0,0,0,0,1,0,1,0,1,0,0,0,0,0,0,1,0,0,1,0,0,0,0,0,1,0,0,0,0,0,0,1,1,0,0,1,0,0,0,1,0,0,0,1,1,1
loratadine,C22H23ClN2O2,382.9,CCOC(=O)N1CCC(=C2C3=C(CCC4=C2N=CC=C4)C=C(C=C3)Cl)CC1,5.2,42.4,569,0,3,2,27,0,382.1448057,382.8910000000001,4.887800000000005,42.43,0,3,1,4,2,1,1,0,0,0,0,0,0,0,0,1,1,0,0,0,0,0,0,0,1,0,0,0,0,1,0,0,1,0,0,1,0,0,1,1,0,0,1,1,1,1,1,0,0,1,0,0,1,1,1,0,0,0,0,0,1,0,0,1,1,0,0,0,0,1,0,0,1,0,0,0,0,1,1,1,0,0,0,0,0,1,1,0,0,1,0,1,0,1,1,0,0,0,0,0,0,1,0,0,1,1,0,0,0,0,0,0,1,0,0,0,0,0,0,1,0,0,0,0,0,0,0,1,0,0,1,0,0
lorazepam,C15H10Cl2N2O2,321.2,C1=CC=C(C(=C1)C2=NC(C(=O)NC3=C2C=C(C=C3)Cl)O)Cl,2.4,61.7,443,2,3,1,21,0,320.011933,321.163,3.1013000000000015,61.69,2,3,1,3,2,1,0,0,0,0,0,0,1,1,0,1,0,0,0,1,0,0,0,0,1,0,0,0,0,0,0,0,0,0,0,0,0,0,0,0,0,1,1,0,1,0,0,0,0,0,1,0,1,1,1,0,0,0,0,0,0,0,0,1,0,0,0,1,0,1,0,0,0,0,0,0,1,0,0,1,1,1,0,1,0,0,1,0,0,1,0,1,0,1,0,1,0,0,0,0,0,1,0,0,0,1,0,0,0,0,1,1,1,0,1,1,0,0,0,0,0,0,1,0,1,0,0,1,1,0,0,0,0
losartan,C22H23ClN6O,422.9,CCCCC1=NC(=C(N1CC2=CC=C(C=C2)C3=CC=CC=C3C4=NNN=N4)CO)Cl,4.3,92.5,520,2,5,8,30,0,422.1621871,422.9200000000001,4.2668000000000035,92.51,2,5,8,4,4,1,1,0,1,0,0,0,0,1,0,0,0,1,0,0,0,0,0,0,1,0,0,0,0,0,0,1,0,0,0,0,0,0,1,1,0,0,0,1,1,0,0,0,0,0,0,0,1,0,1,1,0,0,1,1,0,0,0,0,0,0,0,1,1,1,1,1,0,0,1,0,0,0,0,0,0,0,0,0,1,1,1,0,1,1,1,1,0,1,0,1,1,0,0,1,0,1,0,0,0,1,1,0,1,0,1,0,0,0,0,0,0,0,0,0,0,0,0,0,1,0,0,1,0,0,0,1,0
lovastatin,C24H36O5,404.5,CCC(C)C(=O)OC1CC(C=C2C1C(C(C=C2)C)CCC3CC(CC(=O)O3)O)C,4.3,72.8,666,1,5,7,29,0,404.25627424,404.54700000000025,4.195500000000004,72.83000000000001,1,5,6,3,0,1,1,0,1,0,0,0,0,1,0,1,0,1,1,0,0,1,0,0,1,0,1,1,0,0,0,0,1,1,1,1,0,1,1,0,1,0,0,1,1,1,0,0,0,1,0,0,1,0,1,0,0,0,0,0,1,0,1,1,1,0,0,0,0,1,0,0,0,0,0,0,0,0,0,1,0,0,0,1,1,1,1,1,0,0,1,0,1,0,0,0,1,0,0,0,0,1,0,1,0,1,0,1,1,0,1,0,0,1,0,1,1,0,0,1,0,0,0,0,1,0,0,0,1,1,1,0,0
loxapine,C18H18ClN3O,327.8,CN1CCN(CC1)C2=NC3=CC=CC=C3OC4=C2C=C(C=C4)Cl,3.1,28.1,450,0,3,1,23,0,327.1138399,327.81500000000005,3.7714000000000025,28.07,0,4,0,4,2,0,0,0,0,0,0,0,0,0,0,0,1,1,0,1,0,1,0,1,1,0,0,0,1,0,0,0,0,0,0,1,1,0,1,0,0,0,1,0,1,0,0,0,0,0,0,0,1,1,1,0,0,0,0,0,0,1,0,1,0,0,0,0,0,1,0,0,0,1,0,0,0,1,1,0,1,1,0,0,1,0,1,0,0,1,0,1,0,1,0,0,0,0,0,0,1,1,0,0,1,1,0,0,0,0,0,0,1,0,0,0,0,1,1,0,0,0,0,0,1,0,1,1,0,0,0,0,0
mafenide,C7H10N2O2S,186.23,C1=CC(=CC=C1CN)S(=O)(=O)N,-0.7,94.6,224,2,4,2,12,0,186.04629874,186.236,-0.20729999999999993,86.18,2,3,2,1,1,0,0,0,0,0,0,0,0,0,0,1,0,0,0,0,1,0,0,0,1,0,0,0,0,0,0,0,0,0,0,0,0,0,0,0,0,0,0,0,0,0,0,0,0,0,1,0,0,0,0,0,0,0,0,1,0,0,0,0,0,0,0,0,1,0,1,0,0,1,0,0,1,0,0,0,1,0,0,0,0,1,1,0,0,1,1,1,0,0,0,1,0,0,0,1,0,0,0,0,0,1,0,0,0,0,0,0,0,0,1,0,0,0,0,0,0,0,0,0,0,0,0,0,0,0,0,0,0
malathion,C10H19O6PS2,330.4,CCOC(=O)CC(C(=O)OCC)SP(=S)(OC)OC,2.4,128.0,341,0,8,11,19,0,330.03606767,330.36400000000003,2.1218000000000004,71.06000000000002,0,8,9,0,0,0,1,0,0,1,0,0,0,0,0,1,0,0,0,0,0,0,1,1,1,0,0,0,0,0,0,1,0,0,0,0,0,0,1,0,0,0,0,1,1,0,1,0,0,0,0,0,0,0,0,1,0,0,0,0,1,0,0,1,0,0,1,0,0,1,1,0,0,0,0,0,0,0,1,0,0,0,1,0,0,1,0,0,0,0,0,1,0,0,1,0,0,0,0,0,0,0,1,0,0,0,0,0,0,0,0,1,0,0,0,0,0,0,1,0,0,1,0,0,0,0,0,0,0,0,1,0,0
maprotiline,C20H23N,277.4,CNCCCC12CCC(C3=CC=CC=C31)C4=CC=CC=C24,4.6,12.0,339,1,1,4,21,0,277.183049738,277.41100000000006,4.211400000000004,12.03,1,1,4,5,2,1,0,0,1,0,0,0,1,0,0,1,0,0,0,1,0,0,0,0,0,0,0,1,0,0,0,0,1,0,0,1,1,0,1,0,0,1,0,0,0,0,0,0,0,0,1,0,1,0,0,0,0,1,0,0,0,0,0,0,0,1,0,0,0,1,0,0,0,0,1,0,0,0,0,0,1,0,0,1,0,1,1,0,0,0,0,1,0,0,0,0,1,0,0,0,0,0,0,0,0,1,0,0,0,1,0,0,0,0,0,0,0,0,0,0,1,0,0,0,1,0,0,0,1,1,0,0,1
mebendazole,C16H13N3O3,295.29,COC(=O)NC1=NC2=C(N1)C=C(C=C2)C(=O)C3=CC=CC=C3,2.8,84.1,423,2,4,4,22,0,295.09569129,295.298,2.972200000000001,84.07999999999998,2,4,3,3,3,1,0,0,0,0,1,0,0,0,1,1,0,0,0,0,0,1,0,0,0,0,0,1,0,1,0,0,0,0,0,0,0,0,1,0,0,0,0,0,1,0,0,1,0,0,0,0,1,0,0,0,0,0,0,0,1,0,0,0,0,0,0,0,1,1,1,0,0,0,0,0,0,0,1,0,0,0,0,1,0,0,1,1,0,0,0,1,1,0,0,1,0,0,0,1,0,0,0,0,0,1,0,0,0,0,1,0,1,0,0,0,1,0,0,0,1,1,1,0,1,0,0,1,0,0,1,0,1
mebeverine,C25H35NO5,429.5,CCN(CCCCOC(=O)C1=CC(=C(C=C1)OC)OC)C(C)CC2=CC=C(C=C2)OC,5.2,57.2,494,0,6,14,31,0,429.25152322,429.55700000000024,4.6025000000000045,57.230000000000004,0,6,13,2,2,1,1,0,0,0,1,0,0,1,0,1,0,1,1,0,0,0,1,0,1,0,0,0,0,0,0,0,1,0,0,0,1,0,1,1,0,1,0,1,1,0,0,0,0,1,0,0,0,0,0,1,0,0,0,1,1,1,0,0,0,0,0,0,1,0,0,1,0,0,0,1,0,0,1,1,0,0,1,1,1,1,1,0,0,0,1,1,1,0,1,1,0,0,1,1,0,0,1,0,0,1,0,0,0,0,1,0,1,0,0,0,0,0,1,1,0,0,0,0,1,0,1,0,0,1,1,0,0
mecamylamine,C11H21N,167.29,CC1(C2CCC(C2)C1(C)NC)C,2.6,12.0,197,1,1,1,12,0,167.167399674,167.296,2.4206000000000003,12.03,1,1,1,2,0,1,0,0,0,0,0,0,0,0,0,0,0,1,0,0,0,1,0,0,0,0,0,1,0,0,0,1,0,0,0,1,0,0,1,1,1,1,1,0,0,0,0,0,0,0,1,0,1,0,0,0,0,0,0,0,0,1,0,0,0,1,0,0,0,0,1,0,0,0,0,0,0,0,0,0,0,0,0,0,0,0,0,0,0,0,0,0,0,0,0,0,0,0,0,0,0,0,0,0,0,0,0,0,0,0,0,0,0,0,0,0,0,0,0,0,0,0,0,0,0,0,0,1,1,1,0,0,0
nitrogen,N2,28.014,N#N,0.1,47.6,8,0,2,0,2,0,28.006148008,28.014,0.03016,47.58,0,2,0,0,0,0,0,0,0,0,0,0,0,0,0,0,0,0,0,0,0,0,0,0,0,0,0,0,0,0,0,0,0,0,0,0,0,0,0,0,0,0,0,0,0,0,0,0,0,0,0,0,0,0,0,0,0,0,0,0,0,0,0,0,0,0,0,0,0,0,0,0,0,0,0,0,0,0,0,0,0,1,0,0,0,0,0,0,0,0,0,0,0,0,0,0,0,0,0,0,0,0,0,0,0,0,0,0,0,1,0,0,0,0,0,0,0,0,0,0,0,0,0,0,0,0,0,0,0,0,0,0,0
monamine,C25H27ClN2,390.9,CC1=CC(=CC=C1)CN2CCN(CC2)C(C3=CC=CC=C3)C4=CC=C(C=C4)Cl,5.8,6.5,447,0,2,5,28,0,390.1862766,390.9580000000001,5.5556200000000056,6.48,0,2,5,4,3,0,1,0,0,0,1,0,0,0,0,0,0,0,0,0,1,1,0,0,1,0,0,0,0,0,0,0,0,0,0,1,1,0,1,0,0,0,0,0,1,0,1,1,0,0,1,1,1,1,1,0,0,0,0,0,0,0,0,1,0,0,1,0,0,1,0,0,1,0,0,0,0,1,0,1,0,0,1,0,0,1,1,0,0,1,1,1,0,1,0,1,1,0,0,0,0,0,0,0,0,1,1,0,0,1,0,0,1,0,0,0,0,0,1,0,0,0,1,0,0,0,0,0,0,0,0,0,1
meclofenamate,C14H11Cl2NO2,296.1,CC1=C(C(=C(C=C1)Cl)NC2=CC=CC=C2C(=O)O)Cl,5.2,49.3,327,2,3,3,19,0,295.016684,296.153,4.743620000000002,49.33,2,2,3,2,2,1,0,0,0,0,1,0,0,0,0,1,0,0,0,0,0,0,0,0,1,0,0,0,1,0,0,1,1,0,0,0,0,1,1,0,0,1,0,0,1,0,0,0,0,0,0,0,1,0,1,0,0,0,0,0,0,0,0,1,0,0,1,0,0,1,0,0,0,0,0,0,1,1,0,0,0,0,0,0,0,0,1,0,0,0,0,1,0,0,1,0,0,0,0,1,0,0,0,0,0,1,0,0,0,0,0,0,1,0,0,1,1,0,0,1,1,0,0,0,0,0,0,0,0,0,1,0,1
medroxyprogesterone,C22H32O3,344.5,CC1CC2C(CCC3(C2CCC3(C(=O)C)O)C)C4(C1=CC(=O)CC4)C,3.5,54.4,664,1,3,1,25,0,344.23514488,344.4950000000001,4.084400000000003,54.37,1,3,1,4,0,0,1,1,0,0,1,0,1,0,0,1,0,1,1,0,0,0,1,0,0,0,0,1,0,0,0,0,0,1,1,1,0,0,1,0,0,1,0,0,1,0,0,1,1,0,1,0,0,0,0,0,1,1,0,0,0,0,0,1,0,0,0,0,0,0,0,1,1,1,0,0,0,0,1,1,0,1,0,0,0,0,1,0,0,1,0,0,0,1,0,0,0,1,0,0,1,0,0,1,0,1,0,0,0,1,0,0,0,0,0,1,0,0,0,1,0,0,0,0,0,0,1,1,1,0,1,0,0
medrysone,C22H32O3,344.5,CC1CC2C3CCC(C3(CC(C2C4(C1=CC(=O)CC4)C)O)C)C(=O)C,2.7,54.4,650,1,3,1,25,0,344.23514488,344.49500000000006,3.9403000000000032,54.37,1,3,1,4,0,0,1,1,1,0,0,0,1,0,0,1,0,1,1,0,0,0,0,0,0,0,0,0,1,0,0,1,0,0,1,1,0,0,1,0,0,1,0,0,1,0,0,1,0,0,1,0,0,0,0,1,1,0,0,0,0,0,0,1,0,0,0,0,0,0,0,1,1,0,1,1,0,0,1,1,1,0,0,0,0,0,1,0,0,1,0,0,0,1,0,0,0,1,0,0,1,0,0,0,0,1,0,0,0,0,1,1,0,0,0,1,0,0,1,1,0,0,0,0,0,1,1,1,1,0,1,0,0
mefloquine,C17H16F6N2O,378.31,C1CCNC(C1)C(C2=CC(=NC3=C2C=CC=C3C(F)(F)F)C(F)(F)F)O,3.6,45.2,483,2,9,2,26,0,378.11668211,378.316,4.447900000000003,45.150000000000006,2,3,2,3,2,0,1,0,0,1,0,1,0,1,0,0,0,1,0,0,1,1,0,0,1,0,0,1,0,0,0,1,0,0,0,1,0,0,1,0,1,0,1,0,1,0,1,0,0,0,1,0,0,0,1,0,0,1,0,0,0,0,0,0,0,1,0,0,1,1,0,0,1,0,1,0,0,1,0,0,0,0,1,0,0,0,1,0,0,0,1,1,0,0,0,1,0,0,0,0,0,0,0,0,1,1,0,0,0,0,0,0,1,0,1,0,0,0,0,1,0,0,0,0,0,1,0,1,1,0,0,1,0
megestrol,C22H30O3,342.5,CC1=CC2C(CCC3(C2CCC3(C(=O)C)O)C)C4(C1=CC(=O)CC4)C,2.6,54.4,717,1,3,1,25,0,342.21949481,342.47900000000016,4.004500000000003,54.37,1,3,1,4,0,0,0,1,1,0,1,0,1,0,0,1,0,0,0,0,0,0,1,0,0,0,0,1,0,0,1,1,0,1,0,1,0,1,1,0,0,1,0,0,1,0,0,0,1,0,1,0,0,0,0,0,0,0,0,0,0,0,0,1,0,0,0,1,0,0,0,0,0,1,1,0,0,0,1,1,0,1,0,0,0,0,1,0,0,1,0,0,0,1,0,0,1,1,0,0,1,0,0,1,0,1,0,0,0,1,0,0,0,0,0,0,0,0,0,1,0,0,0,0,0,0,1,1,1,0,1,0,0
meloxicam,C14H13N3O4S2,351.4,CC1=CN=C(S1)NC(=O)C2=C(C3=CC=CC=C3S(=O)(=O)N2C)O,3.0,136.0,628,2,7,2,23,0,351.03474825,351.4090000000001,1.9509199999999998,99.6,2,6,2,3,2,1,1,0,0,0,0,0,0,0,0,1,0,0,0,0,0,0,0,0,0,1,0,0,0,1,0,1,0,1,0,0,0,0,1,1,1,0,0,0,1,0,0,0,0,1,0,0,1,0,0,0,0,0,0,0,0,0,0,1,0,0,0,0,0,1,0,1,0,0,0,0,0,1,0,0,0,1,0,1,1,0,1,0,0,0,1,1,0,1,0,0,1,0,0,1,0,1,0,0,0,1,0,1,0,0,0,0,0,1,1,0,0,1,0,0,1,0,0,1,0,0,1,1,0,0,1,0,1
melphalan,C13H18Cl2N2O2,305.2,C1=CC(=CC=C1CC(C(=O)O)N)N(CCCl)CCCl,-0.5,66.6,265,2,4,8,19,0,304.0745332,305.2049999999999,1.925,66.55999999999999,2,3,8,1,1,0,1,0,0,1,1,0,0,0,0,1,0,0,0,0,0,0,0,1,1,0,0,0,1,0,0,0,0,0,0,0,1,0,0,0,0,0,0,0,1,0,0,0,0,0,0,0,0,1,0,0,0,1,1,1,0,0,1,0,0,0,0,0,0,1,0,0,0,0,1,0,0,1,0,0,0,0,0,0,1,1,1,0,0,0,1,1,0,0,1,1,0,0,0,0,0,0,0,0,0,1,0,0,0,0,0,0,0,0,0,0,0,0,1,0,0,0,0,0,0,0,1,0,0,0,1,0,0
memantine,C12H21N,179.3,CC12CC3CC(C1)(CC(C3)(C2)N)C,3.3,26.0,240,1,1,0,13,0,179.167399674,179.307,2.6941000000000006,26.02,1,1,0,4,0,0,0,0,0,0,0,0,0,0,0,0,0,0,0,0,0,0,0,0,1,0,0,0,0,0,0,0,0,0,0,1,0,0,1,0,0,1,0,1,1,0,0,1,0,0,0,0,0,0,1,0,0,0,0,0,0,0,0,0,0,0,0,0,0,0,0,0,0,0,0,0,0,0,0,0,0,0,0,0,0,1,0,0,0,0,0,0,0,0,0,1,0,0,0,0,0,0,0,0,0,0,0,0,1,0,0,0,1,1,0,0,0,1,1,0,0,0,0,1,0,0,1,1,1,0,0,0,0
Cantril,C21H26NO3+,340.4,C[N+]1(CCCC(C1)OC(=O)C(C2=CC=CC=C2)(C3=CC=CC=C3)O)C,3.2,46.5,432,1,3,5,25,1,340.19126869,340.44300000000004,2.7045000000000012,46.53,1,3,4,3,2,0,1,0,0,1,1,0,0,1,1,1,0,0,1,0,1,0,0,0,0,1,0,0,0,0,0,0,0,0,0,1,0,0,1,0,0,0,0,0,1,0,0,1,0,0,1,1,1,0,0,0,0,0,0,0,1,0,0,0,0,0,0,0,1,1,0,0,0,1,0,1,0,0,0,0,0,0,0,0,0,0,1,0,0,0,0,1,0,0,0,1,0,0,0,0,0,0,1,0,0,1,0,1,0,0,0,0,0,0,0,0,0,1,1,1,0,1,0,0,1,0,1,0,1,0,1,0,0
meperidine,C15H21NO2,247.33,CCOC(=O)C1(CCN(CC1)C)C2=CC=CC=C2,2.5,29.5,276,0,3,4,18,0,247.157228913,247.338,2.2131,29.54,0,3,3,2,1,0,0,0,0,1,1,0,0,1,0,1,0,0,0,0,0,0,0,0,1,0,0,0,1,0,0,0,0,0,0,1,0,0,1,0,0,1,0,1,1,0,0,0,0,1,0,0,1,0,0,0,0,0,0,0,1,0,0,1,0,1,0,0,0,1,1,0,0,1,0,0,0,1,0,0,0,0,0,0,1,1,1,0,0,1,0,1,0,0,0,0,0,0,0,0,0,0,0,0,0,1,0,0,0,0,0,0,0,0,0,0,0,0,0,0,0,0,0,0,0,0,1,0,1,0,1,0,0
mephenytoin,C12H14N2O2,218.25,CCC1(C(=O)N(C(=O)N1)C)C2=CC=CC=C2,1.5,49.4,310,1,2,2,16,0,218.105527694,218.256,1.4735000000000003,49.410000000000004,1,2,2,2,1,0,0,0,0,1,1,0,0,0,0,1,0,0,0,0,0,0,0,0,0,0,0,0,0,0,0,0,0,0,0,0,0,0,1,0,0,1,1,1,1,0,0,0,0,1,0,0,1,0,0,0,0,0,1,0,0,0,0,1,0,0,0,0,0,1,0,0,0,0,0,0,1,0,0,0,0,0,0,0,0,1,1,0,0,1,1,1,1,0,0,1,1,0,0,0,0,0,0,0,0,1,0,0,1,0,0,0,0,0,0,0,0,0,0,0,0,1,0,0,0,1,1,0,0,0,0,0,1
mepivacaine,C15H22N2O,246.35,CC1=C(C(=CC=C1)C)NC(=O)C2CCCCN2C,1.9,32.3,282,1,2,2,18,0,246.17321333,246.35399999999993,2.7262400000000007,32.34,1,2,2,2,1,1,0,0,0,1,0,0,0,0,0,1,0,0,0,0,1,0,0,0,1,0,0,0,0,1,0,0,1,1,0,1,0,0,1,0,0,0,0,0,1,0,0,0,0,0,1,0,0,0,1,1,0,1,0,0,0,0,0,1,0,0,0,0,0,1,0,0,0,0,1,0,0,1,0,0,0,0,1,1,1,0,1,0,0,0,0,1,0,0,0,0,0,0,0,0,0,0,0,1,0,1,1,1,0,0,0,0,0,0,0,0,1,0,0,0,0,0,0,0,0,0,1,1,1,0,1,0,0
meprobamate,C9H18N2O4,218.25,CCCC(C)(COC(=O)N)COC(=O)N,0.7,105.0,212,2,4,8,15,0,218.12665706,218.25299999999996,0.9834000000000003,104.64,2,4,6,0,0,0,0,0,0,0,0,0,0,1,0,1,0,1,1,0,0,0,0,0,1,0,0,0,0,0,1,1,0,1,0,0,0,0,1,0,0,0,0,1,1,0,0,0,0,0,0,0,0,0,0,0,1,0,0,0,1,0,0,0,0,0,0,0,0,0,0,0,0,0,0,0,0,0,0,0,0,0,0,0,0,1,0,0,0,0,0,0,0,0,0,0,0,0,0,1,0,0,0,0,0,0,0,0,1,0,0,0,0,0,0,0,1,0,0,1,0,0,0,0,0,0,0,0,0,0,1,0,0
5-ASA,C7H7NO3,153.14,C1=CC(=C(C=C1N)C(=O)O)O,1.3,83.6,160,3,4,1,11,0,153.042593085,153.137,0.6725999999999999,83.55000000000001,3,3,1,1,1,0,0,0,0,0,1,0,1,0,0,1,1,0,0,0,0,1,0,0,1,0,0,0,1,0,0,0,0,0,0,0,0,0,0,0,0,0,0,0,1,0,0,0,0,0,0,0,0,0,1,0,0,0,0,0,0,0,0,0,1,0,1,0,0,0,0,1,1,0,0,0,1,1,0,0,0,0,0,0,0,0,1,0,0,0,0,1,0,0,0,0,0,0,0,0,0,0,0,0,0,1,0,0,0,0,0,0,1,0,0,0,0,0,0,0,0,0,0,0,0,1,0,0,0,0,1,0,0
metaproterenol,C11H17NO3,211.26,CC(C)NCC(C1=CC(=CC(=C1)O)O)O,0.7,72.7,177,4,4,4,15,0,211.1208434,211.261,1.1291999999999998,72.72,4,4,4,1,1,1,1,0,0,1,0,0,0,0,0,0,0,0,0,1,0,0,0,0,0,0,0,0,0,0,0,0,1,0,0,0,0,0,1,0,0,0,0,1,1,0,0,0,0,0,0,1,0,0,0,0,0,0,1,0,0,0,0,0,0,0,0,0,1,0,0,1,0,0,0,0,0,0,0,0,0,0,0,0,0,1,1,1,0,0,1,0,0,0,0,0,0,0,0,1,0,0,0,0,1,1,0,0,0,0,1,0,1,0,0,1,0,0,0,0,0,0,0,0,0,1,0,0,0,0,0,0,0
metformin,C4H11N5,129.16,CN(C)C(=N)N=C(N)N,-1.3,91.5,132,3,1,2,9,0,129.10144537,129.167,-1.243829999999999,91.49,3,1,0,0,0,1,0,0,0,0,0,0,0,0,0,0,1,1,0,0,0,0,0,0,1,0,0,0,0,0,0,0,0,0,0,0,0,0,1,0,0,0,0,0,1,0,0,0,0,0,0,0,0,0,0,0,0,0,0,0,0,0,0,0,0,0,0,0,0,0,0,0,0,0,0,0,0,0,0,0,0,0,1,0,0,1,0,0,0,0,1,0,0,0,0,0,1,0,0,0,1,0,0,0,0,0,0,0,0,1,0,0,0,0,0,0,1,0,1,0,0,0,1,0,0,1,0,0,0,0,0,0,0
methadone,C21H27NO,309.4,CCC(=O)C(CC(C)N(C)C)(C1=CC=CC=C1)C2=CC=CC=C2,3.9,20.3,346,0,2,7,23,0,309.209264485,309.45300000000003,4.292000000000004,20.310000000000002,0,2,7,2,2,0,1,1,0,0,1,1,0,0,1,1,1,0,0,0,0,0,0,1,0,0,0,0,0,0,0,0,1,0,0,0,0,0,1,0,0,0,0,1,1,0,0,0,1,0,0,0,1,0,0,0,0,0,0,0,0,0,1,0,0,0,0,0,0,1,1,0,0,0,0,0,0,0,0,1,0,0,0,0,0,1,1,0,0,0,0,1,0,0,1,0,0,0,0,0,1,0,1,0,0,1,0,0,0,0,0,0,0,0,0,0,0,0,1,1,1,0,0,0,0,0,1,0,0,0,1,0,0
methenamine,C6H12N4,140.19,C1N2CN3CN1CN(C2)C3,0.3,13.0,84,0,4,0,10,0,140.1061964,140.19,-1.0197999999999992,12.96,0,4,0,4,0,0,0,0,0,0,0,0,0,0,0,0,0,0,0,0,0,0,0,0,0,0,0,1,0,0,0,0,0,0,0,1,0,0,0,0,0,0,1,0,1,0,0,0,0,0,0,0,0,0,0,0,0,0,0,0,0,0,0,0,0,0,0,0,0,0,0,0,0,0,0,0,1,1,0,0,0,0,0,0,0,0,0,0,0,0,0,0,0,0,0,0,0,0,0,0,0,0,0,0,0,0,0,0,0,0,0,0,0,0,0,0,0,0,0,0,0,0,0,0,0,0,0,0,0,0,0,0,0
methocarbamol,C11H15NO5,241.24,COC1=CC=CC=C1OCC(COC(=O)N)O,0.6,91.0,236,2,5,7,17,0,241.09502258,241.24299999999994,0.5301999999999998,91.01,2,5,6,1,1,1,1,1,0,0,0,0,0,0,0,1,1,1,0,0,0,0,0,1,1,0,0,0,0,0,0,0,1,0,0,0,0,0,1,0,0,0,0,0,1,0,0,0,0,1,0,0,1,0,0,1,1,0,0,0,1,0,0,0,0,0,0,0,0,1,0,0,0,0,0,0,0,0,1,0,0,0,0,0,0,1,1,0,0,0,0,1,0,0,0,0,0,0,0,0,0,0,0,0,1,1,0,0,1,0,0,1,0,0,0,0,0,0,0,0,0,0,0,1,0,0,1,0,0,0,1,0,0
methotrexate,C20H22N8O5,454.4,CN(CC1=CN=C2C(=N1)C(=NC(=N2)N)N)C3=CC=C(C=C3)C(=O)NC(CCC(=O)O)C(=O)O,-1.8,211.0,704,5,12,9,33,0,454.17131583,454.44700000000023,0.2684000000000003,210.53999999999996,5,10,9,3,3,1,1,0,0,0,1,0,1,0,0,1,1,0,0,0,0,0,0,0,1,0,1,0,1,0,1,0,1,1,0,0,0,0,1,0,0,0,1,0,1,0,0,1,0,1,0,0,0,0,1,0,1,1,0,0,0,0,0,0,1,1,0,0,1,1,1,0,0,0,0,0,0,1,1,0,0,0,1,1,0,1,1,0,0,1,0,1,1,1,0,0,0,0,0,0,0,1,1,0,1,1,1,1,0,0,1,0,0,0,0,0,0,0,1,0,1,0,1,0,0,0,1,1,1,0,1,0,1
8-MOP,C12H8O4,216.19,COC1=C2C(=CC3=C1OC=C3)C=CC(=O)O2,1.9,48.7,325,0,4,1,16,0,216.04225873,216.19199999999998,2.5478000000000005,52.58,0,4,1,3,3,1,0,0,0,0,1,1,0,0,0,1,0,0,0,0,0,1,0,0,1,0,0,0,0,0,0,0,0,0,0,0,0,0,1,0,1,0,0,1,0,0,0,0,1,0,0,0,0,0,0,0,0,0,0,0,1,0,0,1,0,0,0,1,1,1,0,0,0,1,0,0,1,0,1,0,1,0,1,0,0,0,1,0,0,0,0,1,0,0,0,0,0,0,0,0,0,1,0,0,0,1,0,1,0,0,0,0,1,0,0,0,1,0,0,0,0,0,0,0,0,0,0,1,0,0,0,0,0
N-methylscopolamine,C18H24NO4+,318.4,C[N+]1(C2CC(CC1C3C2O3)OC(=O)C(CO)C4=CC=CC=C4)C,1.3,59.1,454,1,4,5,23,1,318.17053325,318.393,1.0626999999999995,59.06,1,4,4,4,1,0,1,0,0,0,1,0,0,0,0,1,0,1,0,0,0,1,0,1,1,0,0,1,0,0,0,0,0,0,0,1,0,0,1,0,1,0,0,0,1,0,1,0,0,0,1,0,1,0,0,0,0,0,0,0,1,0,0,0,0,0,0,0,1,1,1,0,0,0,0,0,0,0,0,0,0,0,0,0,0,1,1,0,0,0,1,1,0,0,1,0,0,0,1,1,0,0,0,1,0,1,0,1,0,0,0,0,1,0,0,0,0,0,0,0,0,0,0,0,1,0,0,0,1,1,1,0,0
methyclothiazide,C9H11Cl2N3O4S2,360.2,CN1C(NC2=CC(=C(C=C2S1(=O)=O)S(=O)(=O)N)Cl)CCl,1.4,126.0,571,2,7,2,20,0,358.9568036,360.244,0.5982999999999998,109.57000000000001,2,5,2,2,1,0,0,0,0,0,0,0,0,1,0,1,0,0,0,0,0,0,0,0,1,0,0,0,0,0,0,0,0,1,0,0,0,0,1,1,0,0,0,0,1,0,0,0,0,0,1,0,0,1,1,0,1,0,0,0,0,1,0,0,0,0,0,1,0,0,1,0,0,1,0,0,1,0,1,0,0,0,0,1,1,1,1,0,1,0,1,1,0,0,0,1,0,0,0,1,0,1,0,0,0,1,0,0,0,0,0,0,1,0,0,1,0,0,0,0,0,0,0,0,0,0,1,0,1,1,0,0,1
methyldopa,C10H13NO4,211.21,CC(CC1=CC(=C(C=C1)O)O)(C(=O)O)N,-1.9,104.0,246,4,5,3,15,0,211.0844579,211.21699999999998,0.44229999999999997,103.78,4,4,3,1,1,0,0,0,0,0,1,0,0,1,0,1,0,0,0,0,0,0,0,0,1,0,0,1,0,0,0,1,0,0,0,0,0,0,1,0,1,0,0,0,1,0,0,0,0,0,0,0,0,0,0,0,0,0,0,1,0,0,1,0,1,0,0,0,0,0,1,1,1,0,0,0,1,0,0,0,0,0,1,0,0,1,1,0,0,0,0,1,0,0,0,1,0,0,0,0,0,0,0,1,0,1,0,0,0,0,0,0,1,0,0,0,0,0,0,1,0,0,0,0,0,1,0,0,0,0,1,0,0
methylene,CH2,14.027,[CH2],0.6,0.0,0,0,0,0,1,0,14.0156500638,14.027,0.32728999999999997,0.0,0,0,0,0,0,0,0,0,0,0,0,0,0,0,0,0,0,0,0,0,0,0,0,0,0,0,0,0,0,0,0,0,1,0,0,0,0,0,0,0,0,0,0,0,0,0,0,0,0,0,0,0,0,0,0,0,0,0,0,0,0,0,0,0,0,0,0,0,0,0,0,0,0,0,0,0,0,0,0,0,0,0,0,0,0,0,0,0,0,0,0,0,0,0,0,0,0,0,0,0,0,0,0,0,0,0,0,0,0,0,0,0,0,0,0,0,0,0,0,0,0,0,0,0,0,0,0,0,0,0,0,0,0
methylergometrine,C20H25N3O2,339.4,CCC(CO)NC(=O)C1CN(C2CC3=CNC4=CC=CC(=C34)C2=C1)C,2.3,68.4,549,3,3,4,25,0,339.19467705,339.4390000000001,1.9247,68.36,3,3,4,4,2,1,1,1,0,0,0,0,0,1,0,1,1,1,1,0,1,0,1,0,0,0,0,1,0,0,0,0,0,0,0,1,0,1,1,0,0,0,0,1,1,1,0,0,0,0,0,0,0,0,1,1,0,0,0,0,0,0,0,0,0,0,0,0,0,1,0,0,1,0,1,1,0,0,1,0,1,1,0,0,0,1,1,0,0,1,0,1,1,1,0,1,0,0,1,1,0,1,1,1,1,1,0,1,1,0,0,0,0,0,0,0,0,0,0,0,0,0,1,0,1,0,1,0,1,0,1,0,0
methylphenidate,C14H19NO2,233.31,COC(=O)C(C1CCCCN1)C2=CC=CC=C2,0.2,38.3,249,1,3,4,17,0,233.141578849,233.31100000000004,2.0853,38.33,1,3,3,2,1,1,1,0,0,1,1,0,0,0,0,1,0,1,0,0,0,1,0,0,1,0,0,0,0,0,0,0,0,0,0,1,0,0,1,0,0,0,0,0,1,0,0,0,0,0,1,0,1,0,1,0,0,1,0,1,1,0,1,0,0,0,0,0,0,1,0,0,1,0,1,0,0,1,1,0,0,0,1,0,0,0,1,0,0,0,1,1,0,0,0,1,0,1,0,0,0,0,0,0,1,1,0,0,0,0,0,0,0,0,0,0,0,0,0,0,0,0,0,0,0,1,0,1,1,0,1,0,0
methyltestosterone,C20H30O2,302.5,CC12CCC(=O)C=C1CCC3C2CCC4(C3CCC4(C)O)C,3.4,37.3,550,1,2,0,22,0,302.224580195,302.45799999999997,4.269300000000004,37.3,1,2,0,4,0,0,0,1,0,0,0,1,1,0,0,1,0,0,0,0,0,1,1,0,0,0,0,0,0,1,0,0,0,1,0,1,0,0,1,1,0,1,0,0,1,0,0,0,1,0,1,0,0,1,0,0,0,0,1,1,0,0,0,1,0,0,0,0,0,0,0,0,1,0,0,0,1,0,1,1,0,0,0,0,0,0,1,1,0,1,0,0,0,1,0,0,0,1,0,0,1,0,0,0,0,1,0,0,0,0,0,0,0,0,0,1,0,0,0,1,0,0,0,0,0,1,0,1,1,0,0,0,0
methysergide,C21H27N3O2,353.5,CCC(CO)NC(=O)C1CN(C2CC3=CN(C4=CC=CC(=C34)C2=C1)C)C,2.3,57.5,578,2,3,4,26,0,353.21032711,353.4660000000001,1.9351,57.5,2,3,4,4,2,1,1,1,0,0,1,0,0,1,0,1,1,1,0,0,1,0,0,0,0,0,0,1,0,0,0,0,0,0,0,1,0,1,1,0,0,0,0,1,1,1,0,0,0,1,1,0,0,0,1,1,0,0,0,0,0,0,0,0,0,0,0,0,0,1,0,0,1,0,1,1,0,0,1,0,0,1,0,0,0,1,1,0,0,1,0,1,0,1,0,0,0,0,1,1,0,1,1,1,1,1,0,1,1,0,1,0,0,0,0,0,0,0,0,0,0,0,1,0,0,0,1,0,1,0,1,0,1
metoclopramide,C14H22ClN3O2,299.79,CCN(CC)CCNC(=O)C1=CC(=C(C=C1OC)N)Cl,2.6,67.6,300,2,4,7,20,0,299.1400546,299.802,2.0023999999999997,67.59,2,4,7,1,1,1,0,0,0,0,0,0,0,1,0,1,0,0,0,1,0,0,0,0,1,0,0,0,0,1,0,0,1,0,0,0,1,0,1,0,0,1,1,1,1,0,0,0,0,0,0,0,0,0,1,1,0,0,0,0,1,0,0,0,0,0,1,0,0,0,0,0,0,0,1,0,1,0,1,1,0,0,0,0,0,1,1,0,0,0,0,0,0,0,0,0,0,0,0,0,0,0,0,1,0,1,0,1,0,0,0,0,1,1,0,1,0,0,1,0,0,0,0,0,0,0,1,0,1,0,1,0,0
metolazone,C16H16ClN3O3S,365.8,CC1NC2=CC(=C(C=C2C(=O)N1C3=CC=CC=C3C)S(=O)(=O)N)Cl,4.1,101.0,594,2,5,2,24,0,365.0600902,365.8420000000001,2.7141200000000003,92.5,2,4,2,3,2,0,1,1,0,0,0,0,0,1,0,1,0,0,0,0,1,0,0,0,1,0,0,1,0,0,0,0,0,0,1,0,1,1,1,1,0,1,0,0,1,0,0,0,0,0,1,1,1,1,1,0,1,0,0,0,0,1,0,1,0,0,1,1,0,1,1,0,0,1,0,0,1,0,0,0,0,0,0,0,1,0,1,0,0,0,0,1,1,0,0,1,0,0,0,1,0,1,0,0,0,1,0,0,0,0,0,0,1,0,0,1,1,0,0,0,0,0,0,0,0,0,0,0,1,0,0,0,0
metoprolol,C15H25NO3,267.36,CC(C)NCC(COC1=CC=C(C=C1)CCOC)O,1.9,50.7,215,2,4,9,19,0,267.18344366,267.36899999999997,1.6131999999999997,50.72,2,4,9,1,1,1,1,0,0,1,0,0,0,0,0,0,0,0,1,1,0,0,0,1,0,0,1,0,0,0,0,0,1,0,0,0,0,0,1,0,0,0,1,1,1,0,1,0,0,1,0,1,0,0,0,0,0,0,0,1,1,0,0,0,0,0,0,0,0,0,0,1,0,0,0,0,0,0,1,0,0,0,0,1,0,1,1,0,0,0,0,1,0,0,0,1,1,0,0,1,0,0,0,0,1,1,0,1,1,0,0,0,0,0,1,1,0,0,0,0,0,0,0,1,0,0,0,0,0,0,0,0,0
metronidazole,C6H9N3O3,171.15,CC1=NC=C(N1CCO)[N+](=O)[O-],0.0,83.9,170,1,4,2,12,0,171.06439116,171.15599999999998,0.09201999999999982,81.19,1,4,3,1,1,0,0,0,0,0,0,0,0,0,0,1,0,0,0,0,0,0,0,0,0,0,1,0,0,0,0,0,0,1,0,0,0,0,1,1,0,0,0,0,1,1,0,0,1,1,0,0,0,0,0,0,0,0,1,0,0,0,0,1,0,0,0,0,0,0,0,0,0,0,0,1,0,0,0,0,1,0,1,0,0,1,1,0,0,0,0,0,0,0,1,0,0,0,0,1,1,0,0,0,0,1,0,0,0,0,0,0,0,0,0,0,0,0,1,0,0,0,0,0,0,0,1,1,1,0,0,0,1
metyrapone,C14H14N2O,226.27,CC(C)(C1=CN=CC=C1)C(=O)C2=CN=CC=C2,2.0,42.9,275,0,3,3,17,0,226.110613074,226.279,2.637100000000001,42.85,0,3,3,2,2,0,0,0,0,0,0,0,0,1,1,1,0,0,0,0,0,0,0,0,1,0,0,0,0,1,1,0,0,0,0,0,0,0,1,0,0,0,0,0,1,0,0,1,0,0,0,0,0,0,0,1,0,0,1,0,0,0,0,0,0,0,0,0,0,1,1,0,1,0,0,0,0,0,0,1,0,0,1,0,0,1,1,0,0,0,0,1,0,0,0,0,0,1,0,0,0,0,1,0,0,1,0,0,0,0,1,0,0,0,0,1,0,0,0,1,0,0,0,0,0,0,0,1,0,0,1,1,1
mexiletine,C11H17NO,179.26,CC1=C(C(=CC=C1)C)OCC(C)N,2.1,35.3,139,1,2,3,13,0,179.131014166,179.26299999999995,2.0294399999999997,35.25,1,2,3,1,1,0,1,1,0,0,0,0,1,0,0,0,0,0,0,0,1,0,0,1,1,0,0,0,0,0,0,0,1,0,1,0,0,1,1,0,0,0,0,0,0,0,0,0,0,1,0,0,0,0,0,0,0,0,0,0,1,0,0,1,0,0,0,0,0,1,0,0,0,0,0,0,0,0,0,0,0,0,1,0,1,1,1,0,0,0,0,1,0,0,0,0,0,0,0,0,0,0,1,0,0,1,0,0,0,0,0,0,0,0,0,0,1,0,0,0,0,0,0,1,0,0,0,0,0,0,0,0,0
mianserin,C18H20N2,264.4,CN1CCN2C(C1)C3=CC=CC=C3CC4=CC=CC=C42,3.4,6.5,342,0,2,0,20,0,264.162648646,264.372,3.0839000000000016,6.48,0,2,0,4,2,0,0,0,1,0,0,0,0,0,0,0,0,0,0,1,1,0,0,0,0,0,0,0,0,0,0,0,0,1,1,1,0,1,1,0,1,0,0,0,1,0,0,0,0,1,0,0,1,1,0,0,0,0,0,0,0,0,0,0,0,0,0,0,0,1,0,0,0,0,0,0,0,1,0,0,0,0,0,0,1,0,1,0,0,1,0,1,0,1,0,0,0,0,0,0,1,0,1,0,1,1,0,0,0,0,0,0,0,0,0,0,1,0,0,0,1,0,1,0,0,0,1,0,1,0,0,1,1
miconazole,C18H14Cl4N2O,416.1,C1=CC(=C(C=C1Cl)Cl)COC(CN2C=CN=C2)C3=C(C=C(C=C3)Cl)Cl,5.3,27.1,417,0,2,6,25,0,415.983074,416.135,6.454800000000004,27.05,0,2,6,3,3,0,1,1,0,0,0,0,0,0,0,1,0,0,0,0,0,1,1,0,1,0,0,0,0,0,0,0,1,0,1,1,0,0,0,0,0,1,1,0,1,0,0,0,0,0,0,0,0,1,1,0,0,0,0,0,1,0,1,0,0,1,0,0,0,1,0,0,1,0,1,0,0,0,0,1,1,0,1,0,0,1,1,0,0,0,0,1,0,1,0,0,0,0,1,0,0,1,1,0,0,1,0,0,0,0,1,0,1,0,1,1,0,0,0,0,0,0,0,1,0,0,0,1,0,0,0,0,0
midazolam,C18H13ClFN3,325.8,CC1=NC=C2N1C3=C(C=C(C=C3)Cl)C(=NC2)C4=CC=CC=C4F,2.5,30.2,471,0,3,1,23,0,325.0782033,325.774,4.324220000000002,30.18,0,2,1,4,3,0,0,0,0,0,0,0,1,1,0,0,0,0,0,0,1,0,0,0,1,0,1,0,0,0,0,0,1,0,0,1,0,0,1,0,0,0,1,0,1,0,0,0,0,1,0,1,1,1,1,0,0,0,0,0,0,0,0,1,1,0,0,0,1,1,0,1,1,0,0,1,0,0,1,0,1,0,0,0,0,0,1,0,0,1,0,1,0,1,0,0,0,0,0,0,0,1,0,0,0,1,0,0,0,0,0,0,1,0,1,0,1,1,1,0,0,0,0,0,0,0,0,1,1,1,0,0,1
midodrine,C12H18N2O4,254.28,COC1=CC(=C(C=C1)OC)C(CNC(=O)CN)O,-0.6,93.8,262,3,5,6,18,0,254.12665706,254.28599999999997,-0.18790000000000023,93.81,3,5,6,1,1,1,1,0,0,0,0,0,0,0,0,1,0,0,1,0,0,0,0,0,1,0,0,0,0,0,0,0,1,0,0,0,0,0,1,0,0,0,0,0,1,0,1,1,0,0,0,1,0,0,0,1,0,1,0,0,1,0,0,0,0,0,0,0,0,0,0,1,0,0,1,0,0,0,1,0,0,0,0,1,0,1,1,1,0,0,1,1,0,0,0,0,0,1,0,1,0,0,1,0,1,1,0,1,0,0,0,0,1,0,1,0,0,0,0,0,0,1,0,0,0,0,1,0,0,0,1,0,0
mifepristone,C29H35NO2,429.6,CC#CC1(CCC2C1(CC(C3=C4CCC(=O)C=C4CCC23)C5=CC=C(C=C5)N(C)C)C)O,3.8,40.5,921,1,3,3,32,0,429.266779359,429.60400000000016,5.406500000000007,40.540000000000006,1,3,2,5,1,0,0,1,0,0,0,0,1,0,0,1,1,0,1,1,0,0,1,1,1,0,0,0,0,1,0,0,0,1,0,1,1,0,1,1,0,1,0,0,1,1,0,0,0,0,1,0,1,0,0,1,0,0,1,0,0,0,0,1,0,0,0,0,0,1,0,0,0,0,1,0,1,1,1,1,1,0,1,0,0,1,1,0,0,1,0,1,0,1,0,0,0,0,0,0,1,0,1,0,1,1,0,0,0,0,0,1,1,1,1,0,0,0,1,1,0,0,0,0,0,1,1,1,1,0,1,0,1
milrinone,C12H9N3O,211.22,CC1=C(C=C(C(=O)N1)C#N)C2=CC=NC=C2,0.0,65.8,419,1,3,1,16,0,211.074561919,211.22400000000002,1.6169999999999998,69.53999999999999,1,3,1,2,2,0,0,0,0,0,0,0,0,1,0,1,0,0,0,0,0,0,0,0,0,0,0,1,0,0,0,0,0,0,0,0,0,0,1,1,0,0,0,0,0,1,0,0,0,0,0,0,0,0,0,0,0,1,0,0,0,1,0,1,0,0,0,0,0,0,0,0,1,0,0,1,0,0,0,1,0,0,0,1,0,0,1,1,0,0,1,1,0,0,0,1,0,0,0,1,0,1,0,0,0,1,0,0,0,1,1,0,1,0,1,1,0,1,0,0,0,0,0,0,1,0,0,1,0,0,0,0,1
minoxidil,C9H15N5O,209.25,C1CCN(CC1)C2=NC(=N)N(C(=C2)N)O,1.2,88.9,329,3,3,1,15,0,209.12766012,209.25300000000001,0.17236999999999986,91.16000000000001,3,5,1,2,1,0,0,1,0,1,1,0,0,0,0,0,0,0,0,1,1,0,0,0,1,0,1,0,1,0,0,0,1,0,0,1,0,0,0,0,0,0,0,0,1,1,0,0,0,0,0,0,0,0,1,0,0,0,0,0,0,0,1,0,0,0,0,0,1,0,0,0,0,0,0,0,0,1,0,0,0,0,0,1,0,0,1,0,0,0,0,0,0,0,0,0,0,1,0,0,0,0,0,0,1,1,0,0,0,0,0,0,1,1,0,0,1,1,1,0,0,0,0,0,0,0,0,1,0,0,0,0,0
mirtazapine,C17H19N3,265.35,CN1CCN2C(C1)C3=CC=CC=C3CC4=C2N=CC=C4,3.3,19.4,345,0,3,0,20,0,265.157897619,265.35999999999996,2.4789000000000003,19.37,0,3,0,4,2,0,0,1,1,0,0,0,0,0,0,0,0,0,0,1,0,0,0,0,1,0,0,0,0,0,0,0,0,1,1,1,0,1,1,0,1,0,0,0,1,0,0,1,0,1,0,0,1,1,0,0,0,0,0,0,0,0,0,0,0,0,0,0,0,1,0,0,0,1,0,0,0,1,0,1,0,0,0,0,1,0,1,0,0,1,0,1,0,1,0,0,1,0,0,0,1,0,0,0,1,1,0,0,0,0,0,0,0,0,0,0,0,0,0,0,1,0,0,0,1,0,1,1,1,0,0,1,1
mitotane,C14H10Cl4,320.0,C1=CC=C(C(=C1)C(C2=CC=C(C=C2)Cl)C(Cl)Cl)Cl,6.2,0.0,248,0,0,3,18,0,319.950711,320.04599999999994,5.929000000000001,0.0,0,0,3,2,2,0,1,0,0,0,1,0,0,0,0,0,0,0,1,0,0,0,0,1,1,0,0,0,0,0,0,0,0,0,0,0,0,0,0,0,0,0,0,0,1,0,0,0,0,0,0,1,1,1,1,0,0,0,0,0,0,0,0,0,0,0,1,0,0,1,0,0,0,0,1,0,0,0,0,0,0,0,0,1,1,0,1,0,0,0,1,1,0,1,0,0,0,0,0,0,0,0,0,0,0,1,0,0,0,0,0,0,0,0,1,1,0,1,0,0,1,0,0,0,0,0,0,0,0,0,0,0,0
mitoxantrone,C22H28N4O6,444.5,C1=CC(=C2C(=C1NCCNCCO)C(=O)C3=C(C=CC(=C3C2=O)O)O)NCCNCCO,1.0,163.0,571,8,10,12,32,0,444.20088463,444.4880000000002,-0.1392000000000001,163.18,8,10,12,3,2,1,1,0,1,0,0,0,0,1,0,1,0,0,0,0,0,0,0,0,0,0,0,0,0,0,0,1,1,0,0,0,0,0,0,0,0,0,0,0,1,0,0,1,0,0,0,0,0,0,0,0,0,0,1,0,0,0,0,1,0,0,0,0,1,1,0,1,1,1,0,0,1,1,0,0,1,0,0,0,0,1,1,0,1,0,0,1,0,0,1,0,0,0,0,1,0,0,0,0,0,1,0,0,0,0,0,0,0,1,1,0,0,0,0,0,0,0,0,0,0,0,0,0,0,0,0,1,0
moclobemide,C13H17ClN2O2,268.74,C1COCCN1CCNC(=O)C2=CC=C(C=C2)Cl,1.5,41.6,262,1,3,4,18,0,268.0978555,268.744,1.402,41.57,1,3,4,2,1,1,1,0,0,0,0,0,0,1,1,1,1,0,0,0,0,1,0,0,1,0,0,0,0,0,0,0,1,0,0,1,0,0,1,0,0,0,0,0,1,0,0,0,0,0,0,1,0,1,1,0,0,0,0,1,0,0,1,0,0,0,0,0,0,0,0,0,0,0,1,0,0,1,0,1,0,0,0,0,0,1,1,0,0,0,0,1,0,1,0,0,0,0,0,0,0,0,0,0,0,1,0,1,0,0,1,0,0,0,0,0,0,0,0,0,0,0,0,0,0,0,1,0,0,0,1,0,1
modafinil,C15H15NO2S,273.4,C1=CC=C(C=C1)C(C2=CC=CC=C2)S(=O)CC(=O)N,1.7,79.4,302,1,3,5,19,0,273.08234989,273.35699999999997,2.01,60.16,1,2,5,2,2,0,1,0,0,0,1,0,0,0,0,1,0,1,0,0,0,0,0,0,1,0,0,0,0,0,0,0,0,0,0,0,0,0,0,1,0,0,0,0,1,0,0,0,1,0,1,0,1,0,0,0,0,0,1,0,0,1,0,0,0,0,0,0,0,1,0,0,0,0,0,1,0,0,1,0,0,0,0,0,0,1,1,0,0,0,1,1,0,0,0,0,0,0,0,0,0,0,0,0,0,1,1,0,0,0,0,1,0,0,0,0,0,0,1,0,0,1,0,0,0,0,0,0,0,0,1,0,0
mometasone,C22H28Cl2O4,427.4,CC1CC2C3CCC4=CC(=O)C=CC4(C3(C(CC2(C1(C(=O)CCl)O)C)O)Cl)C,2.7,74.6,806,2,4,2,28,0,426.1364648,427.3680000000001,3.411500000000002,74.60000000000001,2,4,2,4,0,0,0,1,0,0,0,0,1,0,0,1,0,1,1,0,0,0,0,0,1,1,0,0,0,0,0,0,1,1,1,1,0,0,1,0,1,1,1,0,1,1,0,1,0,0,1,1,0,1,0,1,0,0,0,1,1,0,0,1,0,0,1,0,0,0,0,1,0,0,0,0,1,0,1,1,0,0,1,0,0,1,1,0,0,1,1,0,0,1,0,0,0,0,0,0,0,0,0,0,0,1,1,0,0,0,1,1,0,0,0,0,0,0,1,0,0,0,1,0,1,1,0,1,1,1,1,0,1
montelukast,C35H36ClNO3S,586.2,CC(C)(C1=CC=CC=C1CCC(C2=CC=CC(=C2)C=CC3=NC4=C(C=CC(=C4)Cl)C=C3)SCC5(CC5)CC(=O)O)O,7.7,95.7,891,2,5,12,41,0,585.2104429,586.1970000000003,8.948000000000002,70.42,2,4,12,5,4,0,1,0,0,0,1,0,0,1,0,1,0,0,1,0,1,0,0,0,1,0,0,0,0,0,0,0,0,1,0,1,0,0,1,0,1,1,1,0,1,0,0,0,0,1,1,0,1,1,1,0,0,0,1,1,0,0,1,1,1,0,1,0,1,1,0,0,1,0,1,1,0,1,1,0,1,1,1,1,1,1,1,0,0,0,1,1,1,1,1,1,1,0,0,0,0,1,0,1,1,1,0,1,0,1,0,0,1,1,1,0,0,0,1,1,0,1,0,0,0,0,1,1,1,0,1,0,0
morphine,C17H19NO3,285.34,CN1CCC23C4C1CC5=C2C(=C(C=C5)O)OC3C(C=C4)O,0.8,52.9,494,2,4,0,21,0,285.13649347,285.343,1.1981,52.93000000000001,2,4,0,5,1,0,0,0,0,0,0,0,1,0,0,1,0,0,0,1,1,1,0,0,1,0,1,1,0,1,1,0,0,0,1,1,0,0,1,0,0,1,0,0,1,1,0,1,0,1,0,0,0,0,0,0,0,0,0,0,1,0,1,0,1,1,0,0,0,0,1,1,1,1,0,0,1,1,0,0,0,0,1,0,0,0,1,0,1,1,0,1,0,0,0,0,0,0,0,0,0,0,0,0,0,1,0,1,1,0,1,0,0,0,0,1,0,0,1,0,0,0,0,0,0,0,1,0,1,0,0,0,0
moxifloxacin,C21H24FN3O4,401.4,COC1=C2C(=CC(=C1N3CC4CCCNC4C3)F)C(=O)C(=CN2C5CC5)C(=O)O,0.6,82.1,727,2,8,4,29,0,401.17508442,401.43800000000016,2.3705,83.8,2,5,4,5,2,1,0,0,0,1,1,0,1,1,0,1,0,0,1,0,0,0,0,1,0,1,0,0,1,0,0,0,0,0,0,1,0,1,1,0,0,0,0,0,1,0,0,0,0,0,1,0,1,1,1,0,0,1,0,0,1,0,1,1,1,0,0,0,1,0,1,0,0,0,1,1,1,1,1,0,0,1,1,1,0,1,1,1,1,0,0,1,0,0,1,1,0,0,0,0,0,1,0,0,1,1,0,1,0,0,0,0,1,0,0,0,0,1,0,0,0,1,0,1,0,1,0,1,1,0,1,0,0
mupirocin,C26H44O9,500.6,CC(C1C(O1)CC2COC(C(C2O)O)CC(=CC(=O)OCCCCCCCCC(=O)O)C)C(C)O,3.0,146.0,694,4,9,17,35,0,500.29853298,500.62900000000053,2.5925000000000007,146.05,4,8,16,2,0,0,1,0,1,0,1,0,1,0,0,1,0,0,1,0,0,1,0,0,1,0,0,0,0,0,0,0,1,1,1,1,1,0,1,1,1,1,1,0,1,0,0,0,0,0,1,0,0,0,1,1,1,1,0,1,1,0,0,0,0,1,0,0,1,0,0,0,1,0,0,1,1,0,1,0,0,0,0,0,1,1,0,0,0,0,0,1,0,0,0,0,0,0,0,0,0,1,1,1,1,0,0,0,0,0,1,0,0,1,0,0,0,0,0,0,1,0,0,1,1,0,1,0,1,1,1,0,0
mycophenolate,C17H19O6-,319.3,CC1=C2COC(=O)C2=C(C(=C1OC)CC=C(C)CCC(=O)[O-])O,3.8,95.9,480,1,6,5,23,-1,319.11816332,319.333,1.3985199999999998,95.89,1,6,6,2,1,1,1,0,0,0,0,0,0,0,0,1,0,0,0,0,0,1,1,0,0,0,0,0,0,0,0,0,0,1,1,1,0,1,1,0,0,0,0,0,1,0,1,0,0,0,0,0,0,0,0,1,0,0,0,1,1,0,1,1,1,0,0,0,1,1,0,1,1,0,0,0,1,0,1,1,1,0,1,0,0,1,0,0,1,0,0,0,0,1,0,0,0,0,0,0,1,0,1,0,0,1,0,0,0,0,1,0,0,0,0,0,1,0,0,1,0,0,0,1,0,0,1,0,0,1,1,0,0
tetrofosmin,C18H40O4P2,382.5,CCOCCP(CCOCC)CCP(CCOCC)CCOCC,0.5,36.9,201,0,4,19,24,0,382.24018375,382.4620000000002,4.096200000000003,36.92,0,4,19,0,0,0,0,0,0,0,0,0,0,0,0,0,0,0,1,0,0,0,0,0,0,0,0,0,0,0,0,0,0,0,0,1,0,0,1,0,1,0,0,1,0,0,0,0,0,0,1,0,0,0,1,0,0,0,0,0,1,0,0,0,0,0,0,0,0,0,0,0,0,0,0,0,0,1,0,0,0,0,0,0,0,1,0,0,0,0,0,1,0,0,0,0,0,0,0,0,0,0,0,0,0,0,0,0,0,0,0,0,0,0,0,0,0,0,0,0,1,0,0,0,0,0,0,0,0,1,1,1,0
nabumetone,C15H16O2,228.29,CC(=O)CCC1=CC2=C(C=C1)C=C(C=C2)OC,3.1,26.3,262,0,2,4,17,0,228.115029749,228.291,3.370000000000002,26.3,0,2,4,2,2,1,0,0,0,0,0,0,0,0,0,1,0,0,1,1,0,0,0,0,0,0,0,0,0,0,0,0,0,1,0,0,0,0,1,0,0,0,0,0,1,0,0,0,0,0,0,0,0,0,0,0,0,1,0,1,1,0,0,0,0,0,0,0,1,0,0,1,1,0,0,0,0,0,1,0,1,0,0,1,0,1,1,0,0,0,0,1,0,0,0,1,1,0,0,0,0,0,0,1,0,1,0,0,0,1,0,0,1,0,0,0,0,0,0,0,0,0,0,0,0,0,1,0,0,0,1,0,0
nadolol,C17H27NO4,309.4,CC(C)(C)NCC(COC1=CC=CC2=C1CC(C(C2)O)O)O,0.7,82.0,344,4,5,6,22,0,309.19400834,309.40600000000006,0.6348,81.95,4,5,5,2,1,1,1,1,0,0,0,0,0,1,0,0,0,0,0,0,1,0,0,1,0,0,0,0,0,0,0,0,0,0,0,1,0,0,1,0,0,0,0,0,1,0,0,1,0,1,0,1,0,0,0,1,0,0,0,0,1,0,0,0,0,0,0,0,0,1,0,0,0,0,0,1,0,0,1,0,1,0,0,0,0,1,1,0,0,1,0,1,0,0,1,0,1,0,0,1,0,0,0,0,1,1,0,0,1,0,1,0,0,1,0,0,0,0,0,1,0,0,1,1,0,0,0,0,1,0,0,0,0
nalbuphine,C21H27NO4,357.4,C1CC(C1)CN2CCC34C5C(CCC3(C2CC6=C4C(=C(C=C6)O)O5)O)O,0.2,73.2,597,3,5,2,26,0,357.19400834,357.45000000000005,1.7073000000000005,73.16000000000001,3,5,2,6,1,0,0,1,1,1,1,0,0,1,1,1,0,1,0,1,1,1,0,0,0,0,0,1,0,0,0,0,0,0,1,1,0,0,0,0,0,1,0,0,1,0,0,1,0,1,1,0,0,0,0,0,0,0,0,0,1,0,0,0,0,1,1,0,0,0,0,1,1,0,0,0,1,1,0,0,0,0,0,0,0,1,1,0,1,1,0,1,0,0,0,1,0,0,0,0,0,1,0,0,0,1,0,1,1,0,1,0,0,0,0,1,0,0,1,0,0,0,0,0,0,1,1,0,1,0,0,0,0
nalidixic,C12H12N2O3,232.23,CCN1C=C(C(=O)C2=C1N=C(C=C2)C)C(=O)O,1.4,70.5,378,1,5,2,17,0,232.08479225,232.23899999999998,1.42302,72.19,1,3,2,2,2,0,0,0,1,0,1,0,0,0,0,1,0,0,1,0,0,0,0,0,0,0,0,0,1,0,0,0,0,0,0,0,0,1,1,1,0,0,0,1,1,0,0,0,1,0,1,0,1,0,0,0,0,0,0,0,0,0,0,1,0,0,1,0,1,0,1,0,1,0,1,0,1,1,0,0,0,0,1,0,1,1,1,0,0,0,0,1,0,0,0,0,0,0,0,0,0,0,0,0,0,1,0,0,0,0,0,0,0,0,0,1,0,0,0,0,0,0,0,0,0,0,0,1,0,0,1,0,0
nalmefene,C21H25NO3,339.4,C=C1CCC2(C3CC4=C5C2(C1OC5=C(C=C4)O)CCN3CC6CC6)O,2.7,52.9,618,2,4,2,25,0,339.18344366,339.4350000000001,2.5125000000000006,52.93000000000001,2,4,2,6,1,0,0,1,0,0,1,0,1,1,1,1,1,1,0,1,1,1,0,0,0,0,0,1,0,0,0,0,0,0,1,1,0,0,0,0,1,1,0,0,1,0,0,1,0,1,1,0,0,0,0,0,0,0,0,0,1,0,0,0,0,1,0,1,0,0,0,1,1,0,1,0,1,1,0,1,0,0,0,0,0,1,1,0,0,1,0,1,0,0,0,1,0,0,0,0,0,1,1,0,0,1,0,1,1,0,0,0,0,0,0,1,0,0,0,0,0,0,0,0,0,1,1,0,1,0,0,0,0
naloxone,C19H21NO4,327.4,C=CCN1CCC23C4C(=O)CCC2(C1CC5=C3C(=C(C=C5)O)O4)O,2.1,70.0,594,2,5,2,24,0,327.14705815,327.37999999999994,1.3013999999999997,70.00000000000001,2,5,2,5,1,0,0,1,0,0,1,0,0,1,1,1,1,0,0,1,1,1,0,0,0,0,0,1,0,0,0,0,0,1,0,1,0,0,0,0,0,1,0,1,1,0,0,1,0,1,0,0,0,0,1,0,0,0,0,1,1,0,1,1,0,1,0,0,0,0,0,1,1,0,0,0,1,1,0,1,0,0,0,0,0,1,1,0,0,1,0,1,0,0,0,1,0,0,1,0,1,1,1,0,0,1,0,1,1,0,0,0,0,0,1,1,0,0,0,1,0,0,0,0,0,1,0,1,1,0,0,0,0
naltrexone,C20H23NO4,341.4,C1CC1CN2CCC34C5C(=O)CCC3(C2CC6=C4C(=C(C=C6)O)O5)O,1.9,70.0,621,2,5,2,25,0,341.16270821,341.407,1.5253999999999994,70.00000000000001,2,5,2,6,1,0,0,1,0,0,1,0,1,1,1,1,1,1,0,1,1,1,0,0,0,0,0,1,0,0,0,0,0,0,1,1,0,0,0,0,0,1,0,1,1,0,0,1,0,1,1,0,0,0,0,0,0,0,0,0,1,0,1,1,0,1,0,0,0,0,0,1,1,0,0,0,1,1,0,1,0,0,0,0,0,1,1,0,0,1,0,1,0,0,0,1,0,0,1,0,0,1,1,0,0,1,0,1,1,0,0,0,0,0,0,1,0,0,0,1,0,0,0,0,0,1,1,0,1,0,0,0,0
nandrolone,C18H26O2,274.4,CC12CCC3C(C1CCC2O)CCC4=CC(=O)CCC34,2.6,37.3,466,1,2,0,20,0,274.193280068,274.404,3.4891000000000023,37.3,1,2,0,4,0,0,0,0,0,0,0,0,1,0,0,1,0,0,0,0,0,0,0,0,0,0,1,0,0,1,0,0,0,0,0,1,1,0,1,0,0,1,0,0,1,0,0,0,0,0,1,0,1,0,0,1,0,1,0,1,0,1,1,1,0,0,0,0,0,0,0,0,0,0,1,0,1,0,1,1,0,0,1,0,0,0,1,0,0,1,0,0,0,1,1,0,0,0,0,0,0,0,0,0,0,1,0,0,0,0,1,0,0,0,0,1,0,0,0,1,0,0,0,0,1,1,0,1,1,0,1,0,1
naphazoline,C14H14N2,210.27,C1CN=C(N1)CC2=CC=CC3=CC=CC=C32,2.1,24.4,272,1,1,2,16,0,210.115698455,210.28,2.3840000000000003,24.39,1,2,2,3,2,0,0,0,0,0,0,0,0,0,1,0,0,0,0,0,1,0,0,0,0,0,0,1,1,0,0,0,0,0,0,1,0,0,0,0,0,0,1,0,0,0,0,0,0,0,0,0,1,0,1,0,0,0,0,0,0,1,1,0,0,0,1,0,1,1,0,0,0,1,1,0,0,0,0,1,0,0,1,0,0,1,1,0,0,0,0,1,0,0,1,1,0,0,0,0,0,0,0,0,0,1,0,0,0,1,0,0,0,0,0,0,0,0,1,0,0,0,0,0,0,0,1,1,1,0,0,0,0
naratriptan,C17H25N3O2S,335.5,CNS(=O)(=O)CCC1=CC2=C(C=C1)NC=C2C3CCN(CC3)C,2.0,73.6,483,2,4,5,23,0,335.16674822,335.47300000000024,2.0688,65.2,2,3,5,3,2,1,0,0,1,0,0,0,0,1,0,1,0,0,0,0,1,0,1,0,1,0,0,1,0,0,0,0,0,1,0,1,0,0,1,1,0,0,0,1,1,0,1,0,0,0,1,1,0,0,0,0,0,1,1,1,0,0,0,0,0,0,0,1,0,0,0,0,0,1,0,0,0,1,0,0,0,0,1,0,1,1,1,0,0,1,0,1,1,0,0,1,1,0,0,1,0,0,1,0,0,1,0,0,0,1,0,0,1,0,0,0,0,0,0,0,0,0,0,0,1,0,1,0,1,0,0,0,0
nateglinide,C19H27NO3,317.4,CC(C)C1CCC(CC1)C(=O)NC(CC2=CC=CC=C2)C(=O)O,3.2,66.4,393,2,3,6,23,0,317.19909372,317.4290000000001,3.2609000000000012,66.4,2,2,6,2,1,1,1,1,0,0,1,0,0,0,0,1,0,0,0,0,1,0,0,0,0,0,0,0,0,0,0,0,1,0,0,1,0,0,1,0,0,0,0,0,1,0,0,1,0,0,1,0,1,0,1,0,0,1,0,0,0,1,0,1,0,0,0,0,0,1,0,0,0,0,1,0,0,0,0,0,0,0,0,1,1,1,1,0,1,0,0,1,0,1,1,1,0,0,0,0,0,1,0,0,0,1,0,0,0,0,0,0,0,0,0,0,0,0,0,0,0,0,1,0,0,0,0,0,1,0,1,0,0
nefazodone,C25H32ClN5O2,470.0,CCC1=NN(C(=O)N1CCOC2=CC=CC=C2)CCCN3CCN(CC3)C4=CC(=CC=C4)Cl,4.3,51.6,649,0,5,10,33,0,469.224453,470.0170000000003,3.5519000000000016,55.53,0,5,10,4,3,0,0,0,1,0,1,0,1,0,0,1,0,0,1,0,1,0,0,0,1,0,0,0,1,0,1,0,0,0,0,1,0,0,1,1,0,1,1,1,1,1,0,0,0,1,0,0,1,0,1,1,1,0,0,0,1,0,1,1,0,1,0,1,0,1,0,1,0,0,0,0,0,1,0,1,0,0,0,0,1,1,1,0,0,0,0,1,0,1,0,0,0,0,0,0,0,1,0,0,0,1,0,1,0,0,0,0,1,0,0,0,0,1,0,0,0,0,1,0,1,0,1,1,0,0,0,0,1
nefopam,C17H19NO,253.34,CN1CCOC(C2=CC=CC=C2C1)C3=CC=CC=C3,2.9,12.5,274,0,2,1,19,0,253.14666423,253.345,3.238000000000002,12.47,0,2,1,3,2,0,0,0,1,0,1,0,0,0,0,0,0,0,0,0,0,1,0,0,0,0,0,0,0,0,0,1,0,0,0,1,0,0,1,1,0,0,1,0,1,0,1,0,0,1,0,0,1,0,0,0,0,0,0,1,0,0,0,0,0,0,0,1,0,1,0,0,0,0,0,0,0,1,1,0,0,0,0,0,1,1,1,0,0,1,0,1,0,0,0,0,0,0,0,0,0,0,0,0,0,1,0,0,0,0,0,0,1,0,0,0,0,0,0,1,1,1,0,0,0,0,1,0,1,0,0,0,1
nelfinavir,C32H45N3O4S,567.8,CC1=C(C=CC=C1O)C(=O)NC(CSC2=CC=CC=C2)C(CN3CC4CCCCC4CC3C(=O)NC(C)(C)C)O,5.7,127.0,829,4,6,10,40,0,567.3130781,567.7960000000004,4.747620000000005,101.9,4,6,9,4,2,1,1,1,0,1,1,0,0,1,0,1,0,1,0,0,1,0,0,1,1,1,0,0,0,0,0,0,1,0,0,1,1,0,1,0,1,0,0,0,1,0,0,0,1,0,1,1,1,0,1,1,1,0,0,1,0,0,0,1,0,0,0,0,1,1,0,1,0,0,1,0,1,0,1,1,1,0,0,0,1,1,1,0,0,0,1,1,0,0,1,0,1,1,0,0,0,0,0,1,1,1,0,1,0,0,0,0,0,0,0,0,0,0,0,1,0,1,1,0,1,1,0,1,1,1,1,0,0
neomycin,C23H46N6O13,614.6,C1C(C(C(C(C1N)OC2C(C(C(C(O2)CN)O)O)N)OC3C(C(C(O3)CO)OC4C(C(C(C(O4)CN)O)O)N)O)O)N,-9.0,353.0,872,13,19,9,42,0,614.31228554,614.6500000000002,-8.895300000000017,353.10999999999996,13,19,9,4,0,0,1,0,0,0,0,1,0,0,0,0,0,1,0,1,0,1,0,0,1,0,1,0,0,0,0,0,0,0,0,1,0,0,1,0,0,0,0,0,1,1,0,0,1,0,0,0,0,0,0,0,0,1,1,0,1,1,1,0,0,0,0,0,1,0,0,0,0,0,0,1,1,0,0,0,0,0,0,0,1,1,0,1,0,1,1,0,0,0,0,0,0,0,0,1,0,0,0,1,0,1,1,0,0,1,1,0,0,1,0,1,0,0,0,0,0,0,0,0,0,0,0,0,1,0,0,1,1
neostigmine,C12H19N2O2+,223.29,CN(C)C(=O)OC1=CC=CC(=C1)[N+](C)(C)C,1.5,29.5,246,0,2,3,16,1,223.144652853,223.29599999999996,1.9437,29.540000000000003,0,2,2,1,1,0,0,0,0,0,0,0,0,0,0,1,1,0,0,0,1,0,0,1,0,0,0,0,0,1,0,0,0,0,0,1,0,0,1,0,0,0,0,0,1,0,0,0,1,0,0,0,0,0,0,1,0,0,0,0,1,0,0,0,0,0,0,0,0,1,1,1,0,0,0,0,0,0,0,0,0,0,0,0,0,0,1,0,0,0,0,1,0,0,0,1,1,0,0,0,0,0,0,0,0,1,0,0,1,0,0,0,1,0,0,0,1,0,1,0,0,1,1,0,0,0,0,0,0,0,1,1,0
nevirapine,C15H14N4O,266.3,CC1=C2C(=NC=C1)N(C3=C(C=CC=N3)C(=O)N2)C4CC4,2.0,58.1,397,1,4,1,20,0,266.11676108,266.30400000000003,2.6512200000000004,58.120000000000005,1,4,1,4,2,0,0,1,0,0,0,0,0,0,0,1,0,0,0,0,1,0,0,1,1,0,0,0,1,0,0,0,0,0,0,1,0,0,1,0,0,1,0,0,1,0,1,1,0,1,1,0,0,0,1,0,0,0,0,0,0,0,0,1,0,0,0,0,0,1,0,0,1,0,0,0,0,1,0,1,0,0,1,0,0,0,1,1,0,0,0,1,0,1,0,1,0,0,0,0,0,1,0,0,0,1,0,0,0,0,0,0,0,0,0,0,1,0,0,0,0,0,0,1,0,0,1,1,1,1,1,0,0
nicardipine,C26H29N3O6,479.5,CC1=C(C(C(=C(N1)C)C(=O)OCCN(C)CC2=CC=CC=C2)C3=CC(=CC=C3)[N+](=O)[O-])C(=O)OC,3.8,114.0,856,1,8,10,35,0,479.20563565,479.5330000000002,3.677800000000003,111.01,1,8,9,3,2,1,0,0,0,1,1,1,0,0,0,1,1,1,1,0,1,0,1,0,1,1,0,0,0,0,0,0,0,0,0,0,1,0,1,0,0,1,0,0,1,0,1,1,1,0,0,0,1,0,0,0,0,0,0,0,1,1,0,1,0,0,0,0,0,1,0,0,0,0,0,1,0,0,1,1,1,0,0,0,0,1,1,0,0,1,0,1,0,0,0,1,1,0,0,0,0,0,0,0,0,1,0,0,1,0,0,0,1,0,1,1,0,0,1,0,1,0,0,0,0,0,0,1,1,0,1,0,1
nifedipine,C17H18N2O6,346.3,CC1=C(C(C(=C(N1)C)C(=O)OC)C2=CC=CC=C2[N+](=O)[O-])C(=O)OC,2.2,110.0,608,1,7,5,25,0,346.1164863,346.3390000000001,2.1756,107.77,1,7,4,2,1,1,0,0,1,0,0,0,0,0,0,1,0,0,0,0,1,0,1,0,1,0,0,0,0,0,0,0,0,0,0,0,0,0,1,0,0,1,0,0,1,0,0,0,1,0,0,0,1,0,0,0,0,0,0,0,1,1,0,1,0,0,0,0,0,1,0,0,0,0,0,1,0,0,1,0,1,1,0,0,0,0,1,1,0,0,0,1,0,0,0,1,0,0,0,0,0,0,0,1,0,1,0,0,0,0,0,0,0,0,1,0,0,0,1,0,1,0,0,0,0,0,0,0,1,0,1,0,0
nilutamide,C12H10F3N3O4,317.22,CC1(C(=O)N(C(=O)N1)C2=CC(=C(C=C2)[N+](=O)[O-])C(F)(F)F)C,2.0,95.2,515,1,7,1,22,0,317.06234029,317.223,2.4484000000000004,92.55000000000001,1,4,2,2,1,0,0,0,0,0,0,1,0,1,0,1,0,0,0,0,0,0,0,0,1,0,0,1,0,0,0,0,0,0,0,0,0,0,1,0,1,1,0,0,1,0,1,0,1,0,1,0,0,0,0,0,0,0,0,0,1,0,1,1,0,0,0,0,0,0,0,0,0,1,0,1,0,0,0,0,1,1,0,0,0,0,1,0,0,0,0,1,0,0,0,1,0,0,0,0,1,0,0,1,1,1,0,0,0,0,1,0,1,0,0,0,0,0,1,1,0,1,0,0,0,0,0,1,0,0,0,0,1
nimodipine,C21H26N2O7,418.4,CC1=C(C(C(=C(N1)C)C(=O)OC(C)C)C2=CC(=CC=C2)[N+](=O)[O-])C(=O)OCCOC,3.1,120.0,736,1,8,9,30,0,418.17400117,418.44600000000025,2.9708000000000014,117.0,1,8,8,2,1,0,1,0,0,0,0,0,0,0,0,1,0,0,1,0,1,0,1,0,1,1,0,0,0,0,0,0,1,0,0,0,0,0,1,0,0,1,0,0,1,0,1,0,1,0,0,0,0,0,0,0,0,0,0,0,1,1,0,1,0,0,0,0,0,1,0,0,0,0,1,1,0,0,1,1,1,0,0,0,0,1,1,0,0,0,0,1,0,0,1,1,1,0,0,0,0,0,0,0,0,1,0,1,1,0,0,0,1,0,1,1,0,0,1,0,1,0,0,0,0,0,0,1,1,0,1,0,1
nisoldipine,C20H24N2O6,388.4,CC1=C(C(C(=C(N1)C)C(=O)OCC(C)C)C2=CC=CC=C2[N+](=O)[O-])C(=O)OC,3.3,110.0,704,1,7,7,28,0,388.16343649,388.42000000000013,3.2018000000000013,107.77,1,7,6,2,1,1,1,0,1,0,0,0,0,0,0,1,0,0,0,0,1,0,1,0,1,0,0,0,0,0,0,0,1,0,0,0,0,0,1,0,0,1,0,0,1,0,1,0,1,0,0,0,1,0,0,0,0,0,0,0,1,1,0,1,0,0,0,0,0,1,0,0,0,0,0,1,0,0,1,0,1,1,0,0,0,1,1,1,0,0,0,1,1,0,0,1,0,0,0,0,0,0,0,1,0,1,0,0,0,0,0,0,0,0,1,0,0,0,1,0,1,0,0,1,0,0,0,0,1,0,1,1,0
nitrazepam,C15H11N3O3,281.27,C1C(=O)NC2=C(C=C(C=C2)[N+](=O)[O-])C(=N1)C3=CC=CC=C3,2.2,87.3,452,1,4,1,21,0,281.08004122,281.271,2.3843000000000005,84.6,1,4,2,3,2,0,0,0,0,0,1,0,1,1,0,1,0,0,0,1,0,0,1,0,0,1,0,1,0,0,0,0,0,0,0,1,0,0,0,0,1,1,0,0,1,0,0,0,1,0,1,0,1,0,0,0,0,0,0,0,0,0,1,1,0,0,0,1,0,1,0,0,0,0,0,1,0,0,0,1,1,0,0,0,0,0,1,0,0,1,0,1,0,0,0,1,0,0,0,0,0,1,1,0,0,1,0,0,0,0,0,0,1,0,0,1,0,1,1,0,0,0,1,0,0,0,0,1,1,0,0,0,0
nitrofurantoin,C8H6N4O5,238.16,C1C(=O)NC(=O)N1N=CC2=CC=C(O2)[N+](=O)[O-],-0.5,121.0,390,1,6,2,17,0,238.0338193,238.159,0.07349999999999984,118.05000000000001,1,6,3,2,1,0,0,1,0,0,0,0,0,0,0,1,1,0,0,1,0,1,1,0,1,0,0,0,0,0,0,1,0,1,0,1,1,1,0,1,0,1,0,0,1,0,0,0,1,1,0,0,0,0,0,0,0,0,0,1,0,0,0,1,0,0,0,0,0,1,0,0,0,1,0,1,1,1,0,0,1,0,0,0,0,0,1,0,0,0,1,1,0,0,0,1,0,0,0,0,0,1,0,0,0,1,0,0,0,0,0,0,0,1,0,0,0,0,1,0,0,0,0,0,1,0,0,0,0,0,0,0,1
nitroglycerin,C3H5N3O9,227.09,C(C(CO[N+](=O)[O-])O[N+](=O)[O-])O[N+](=O)[O-],1.6,165.0,218,0,9,5,15,0,227.00257875,227.08499999999995,-1.0200999999999996,157.11,0,9,8,0,0,0,1,0,0,0,0,0,0,0,0,1,0,0,0,0,0,0,0,0,0,0,0,1,0,0,0,0,0,0,0,0,0,0,0,0,1,0,0,0,1,0,0,0,1,0,0,0,0,0,0,0,0,1,0,0,1,0,0,0,0,0,0,0,0,0,0,0,0,0,0,1,0,0,0,0,1,0,1,0,0,1,0,0,0,0,0,0,0,0,0,0,0,0,0,0,0,0,0,0,0,1,0,0,0,0,1,0,0,0,1,0,0,0,1,0,1,0,0,1,0,0,0,0,0,0,1,0,0
nizatidine,C12H21N5O2S2,331.5,CNC(=C[N+](=O)[O-])NCCSCC1=CSC(=N1)CN(C)C,1.6,140.0,349,2,8,9,21,0,331.11366728,331.4670000000001,1.3224999999999996,83.33,2,8,10,1,1,1,0,0,0,0,0,0,0,0,0,1,1,1,0,0,0,0,0,1,0,1,0,1,0,0,0,0,1,0,0,1,1,0,1,0,1,0,0,0,1,1,1,1,1,0,0,1,0,0,0,0,0,0,0,1,0,0,1,0,0,0,0,0,1,0,0,0,0,0,1,1,0,0,0,0,1,0,0,0,0,1,1,0,1,1,1,0,1,0,1,0,0,0,1,0,0,0,0,0,0,1,0,0,0,0,0,0,1,1,0,0,0,0,1,0,1,1,0,0,0,0,0,1,1,0,1,0,1
norethisterone,C20H26O2,298.4,CC12CCC3C(C1CCC2(C#C)O)CCC4=CC(=O)CCC34,3.0,37.3,594,1,2,1,22,0,298.193280068,298.42600000000004,3.4925000000000024,37.3,1,2,0,4,0,0,0,1,0,0,0,0,1,0,1,1,0,0,1,0,0,0,1,0,1,0,0,0,0,1,0,0,0,1,0,1,0,0,1,1,0,1,0,0,1,0,0,0,1,0,1,0,1,0,0,0,0,1,0,1,0,1,1,1,0,0,0,0,0,0,0,0,0,0,0,0,1,0,1,1,1,0,1,1,0,0,1,0,0,1,0,0,0,0,1,0,0,0,0,0,0,0,0,0,0,1,0,0,0,0,0,0,0,1,0,1,0,0,0,1,0,0,0,0,0,0,0,1,1,0,1,0,1
norfloxacin,C16H18FN3O3,319.33,CCN1C=C(C(=O)C2=CC(=C(C=C21)N3CCNCC3)F)C(=O)O,-1.0,72.9,519,2,7,3,23,0,319.13321961,319.336,1.2683,74.57000000000001,2,4,3,3,2,0,0,0,0,0,1,0,0,1,0,1,0,0,1,0,1,0,0,0,0,0,0,0,1,0,0,0,0,1,0,1,0,0,1,1,0,1,0,1,1,0,0,0,0,0,1,0,1,1,1,0,0,1,0,0,0,0,0,1,1,0,1,0,0,0,1,0,0,0,1,0,1,1,1,0,0,0,1,1,0,1,1,0,0,0,1,0,0,0,0,1,0,0,0,0,0,0,0,0,0,1,0,0,1,0,0,0,1,1,0,0,0,1,0,0,0,0,0,0,0,0,0,0,0,0,1,0,0
nortriptyline,C19H21N,263.4,CNCCC=C1C2=CC=CC=C2CCC3=CC=CC=C31,4.5,12.0,307,1,1,3,20,0,263.167399674,263.38399999999996,3.826400000000003,12.03,1,1,3,3,2,1,1,1,0,0,0,0,0,0,0,0,0,0,0,1,0,0,1,0,0,0,0,1,0,0,0,1,1,0,0,1,0,0,1,0,0,1,0,0,0,0,0,0,0,1,0,0,1,0,0,0,0,0,0,1,0,0,0,0,0,0,0,0,0,1,0,0,0,0,0,0,0,0,0,1,1,0,0,1,0,1,1,0,0,1,0,1,0,1,0,0,0,0,0,1,0,1,0,0,0,1,0,0,0,0,0,0,0,0,1,0,0,0,0,0,0,0,0,1,0,0,0,0,0,0,0,0,0
repaglinide,C27H36N2O4,452.6,CCOC1=C(C=CC(=C1)CC(=O)NC(CC(C)C)C2=CC=CC=C2N3CCCCC3)C(=O)O,5.2,78.9,619,2,5,10,33,0,452.26750763,452.5950000000003,5.219900000000005,78.87,2,4,10,3,2,1,1,1,1,1,1,0,1,0,0,1,0,0,0,0,1,0,0,0,0,0,0,0,1,0,0,0,1,0,0,1,0,0,1,0,1,0,0,1,1,1,1,0,0,1,1,0,1,0,0,1,0,0,0,1,1,0,0,0,0,0,0,0,0,1,0,1,1,0,1,0,1,1,0,0,0,0,0,1,0,1,1,0,0,0,0,1,1,0,0,1,0,0,0,0,0,0,0,0,0,1,0,0,1,0,0,0,1,0,1,0,1,0,0,0,0,0,1,1,1,0,0,0,0,0,1,0,0
nystatin,C47H75NO17,926.1,CC1C=CC=CCCC=CC=CC=CC=CC(CC2C(C(CC(O2)(CC(C(CCC(CC(CC(CC(=O)OC(C(C1O)C)C)O)O)O)O)O)O)O)C(=O)O)OC3C(C(C(C(O3)C)O)N)O,-0.2,320.0,1620,12,18,3,65,0,925.50349992,926.107000000001,0.9357000000000051,319.60999999999996,12,17,3,3,0,0,1,1,0,0,1,0,0,0,0,1,0,1,0,0,0,1,0,0,1,0,1,0,1,1,0,1,1,0,1,1,0,0,1,1,1,1,1,1,1,1,1,0,1,1,1,1,0,1,1,0,0,0,0,1,1,0,0,1,1,1,0,0,1,1,0,0,1,0,0,0,0,0,1,1,0,0,1,1,1,1,1,1,0,0,0,0,0,0,0,0,0,0,1,1,1,1,0,0,0,1,1,0,1,1,1,0,0,0,0,1,0,0,0,1,0,1,0,0,0,0,0,0,1,0,1,0,0
ofloxacin,C18H20FN3O4,361.4,CC1COC2=C3N1C=C(C(=O)C3=CC(=C2N4CCN(CC4)C)F)C(=O)O,-0.4,73.3,634,1,8,2,26,0,361.14378429,361.3730000000001,1.544,75.01,1,5,2,4,2,0,0,0,1,1,1,0,0,1,0,1,0,0,1,1,0,1,0,1,0,0,0,0,1,0,0,0,0,0,1,1,0,1,1,0,0,0,0,0,1,0,0,0,0,0,0,1,0,1,0,0,1,1,0,0,0,0,1,1,1,0,0,0,0,0,1,0,0,0,1,0,1,1,0,0,0,1,1,0,1,1,1,0,0,1,0,0,0,0,0,0,0,0,0,1,0,1,0,0,0,1,0,0,0,0,0,0,1,0,0,0,0,1,0,0,0,0,0,0,0,0,1,0,1,1,1,0,0
olanzapine,C17H20N4S,312.4,CC1=CC2=C(S1)NC3=CC=CC=C3N=C2N4CCN(CC4)C,2.9,59.1,432,1,4,1,22,0,312.14086783,312.4420000000001,3.4392200000000033,30.870000000000005,1,5,0,4,2,0,0,0,0,0,0,0,0,0,0,0,0,0,0,1,0,0,0,0,0,0,0,0,1,0,1,0,0,0,0,1,1,0,1,1,1,1,0,0,1,0,0,0,0,0,0,0,1,1,0,0,0,0,0,0,0,1,0,1,0,0,0,1,0,1,0,0,0,1,0,0,0,1,0,0,0,1,0,0,1,0,1,0,0,1,0,1,0,0,0,1,0,0,0,0,1,1,0,1,0,1,1,1,1,0,1,0,1,0,0,0,0,1,0,1,0,1,0,0,0,0,1,1,0,0,0,0,0
omeprazole,C17H19N3O3S,345.4,CC1=CN=C(C(=C1OC)C)CS(=O)C2=NC3=C(N2)C=C(C=C3)OC,2.2,96.3,453,1,6,5,24,0,345.11471265,345.42400000000004,2.8997400000000013,77.10000000000001,1,5,5,3,3,1,0,0,0,0,0,0,0,0,0,1,0,0,1,0,0,0,0,0,0,0,0,0,0,0,0,0,0,0,0,0,0,0,1,0,0,0,0,0,0,0,0,0,1,1,0,0,0,1,0,0,0,1,1,0,1,0,0,1,0,0,0,0,1,0,1,1,0,0,0,0,0,0,1,1,1,0,1,1,0,1,1,1,0,0,0,1,1,0,0,1,0,0,1,0,0,0,0,0,0,1,0,0,0,1,1,0,1,0,1,1,1,1,1,1,0,0,1,0,1,0,0,1,0,1,0,0,1
ondansetron,C18H19N3O,293.4,CC1=NC=CN1CC2CCC3=C(C2=O)C4=CC=CC=C4N3C,2.3,39.8,440,0,2,2,22,0,293.152812238,293.37,3.1285200000000017,39.82,0,2,2,4,3,0,0,0,1,0,1,0,0,0,0,1,0,1,0,1,0,1,0,0,0,1,1,0,0,1,0,0,0,0,0,1,0,1,1,0,0,0,1,1,1,0,0,0,0,1,1,0,1,1,0,0,0,1,0,0,0,1,0,1,0,0,0,1,1,1,0,0,0,0,0,0,0,0,0,1,1,0,1,0,1,1,1,0,1,0,0,1,0,0,0,0,0,0,0,0,0,0,1,0,0,1,0,0,0,0,0,0,0,0,0,0,1,0,0,0,1,0,0,0,0,0,1,1,1,0,0,0,0
orlistat,C29H53NO5,495.7,CCCCCCCCCCCC(CC1C(C(=O)O1)CCCCCC)OC(=O)C(CC(C)C)NC=O,10.0,81.7,579,1,5,23,35,0,495.39237379,495.7450000000004,6.881900000000007,81.69999999999999,1,5,23,1,0,1,1,0,1,1,0,1,0,0,0,1,1,0,0,1,0,1,0,0,1,0,0,1,0,0,0,1,1,1,0,0,0,0,1,0,0,1,0,1,1,1,0,0,0,0,1,1,0,0,0,0,0,0,0,1,1,0,0,1,0,0,0,0,0,1,0,0,0,0,1,0,0,1,0,1,0,0,0,1,1,1,0,0,0,0,0,0,0,0,0,0,0,0,0,0,0,1,0,1,1,1,0,0,0,1,0,0,0,1,0,1,0,0,0,0,0,0,0,0,1,0,0,0,1,1,1,0,1
orphenadrine,C18H23NO,269.4,CC1=CC=CC=C1C(C2=CC=CC=C2)OCCN(C)C,3.8,12.5,260,0,2,6,20,0,269.177964357,269.388,3.662620000000002,12.47,0,2,6,2,2,0,1,0,0,0,1,0,0,0,0,0,1,1,1,1,0,0,0,1,0,0,0,0,0,0,0,0,0,0,0,0,1,0,1,0,0,0,0,0,0,0,0,0,0,0,1,1,1,0,0,0,1,0,1,0,1,0,0,1,0,1,0,0,1,1,0,0,0,0,1,0,0,0,0,0,0,0,0,0,1,1,1,0,0,0,1,1,0,0,0,0,0,0,0,0,0,0,0,0,0,1,0,0,0,0,0,0,0,0,1,0,1,0,1,0,0,0,0,0,0,0,0,0,0,0,1,0,0
oseltamivir,C16H28N2O4,312.4,CCC(CC)OC1C=C(CC(C1NC(=O)C)N)C(=O)OCC,1.1,90.7,418,2,5,8,22,0,312.20490738,312.4100000000001,1.2854000000000008,90.64999999999999,2,5,7,1,0,1,1,0,1,1,0,0,0,1,0,1,0,0,1,1,0,0,1,1,1,0,0,1,0,0,0,0,0,0,0,1,0,0,1,1,0,0,0,1,1,1,0,0,0,0,0,0,0,0,0,1,0,0,0,0,1,0,0,1,0,0,0,0,0,0,0,0,1,0,1,0,0,0,0,0,0,0,0,1,0,1,1,0,1,0,0,1,0,0,0,0,0,0,0,0,0,0,1,1,0,1,0,0,1,0,0,0,1,0,0,0,0,0,0,0,0,1,1,0,1,0,1,0,1,0,1,0,0
oxacillin,C19H19N3O5S,401.4,CC1=C(C(=NO1)C2=CC=CC=C2)C(=O)NC3C4N(C3=O)C(C(S4)(C)C)C(=O)O,2.4,138.0,680,2,7,4,28,0,401.10454189,401.4440000000002,1.8953199999999997,112.74,2,6,4,4,2,1,0,1,1,0,1,1,0,1,0,1,0,0,1,0,0,1,1,1,0,0,0,0,1,0,0,0,0,0,0,0,0,0,1,0,1,1,0,0,1,1,0,0,0,0,0,0,1,0,0,0,0,0,1,0,0,0,1,1,0,0,0,0,0,1,0,0,1,0,0,0,0,0,0,1,0,0,1,0,0,0,1,0,0,0,0,1,1,0,0,0,0,0,0,0,0,1,0,0,1,1,0,1,0,0,1,1,0,0,0,0,0,0,1,0,0,0,0,1,0,1,0,1,1,0,1,1,1
oxaliplatin,C8H14N2O4Pt,397.29,C1CCC(C(C1)[NH-])[NH-].C(=O)(C(=O)O)O.[Pt+2],,76.6,191,4,6,0,15,0,397.060151,397.288,1.5551000000000001,122.20000000000002,2,2,0,1,0,0,0,0,0,1,1,0,0,0,0,1,0,0,0,0,0,0,0,0,0,0,0,0,0,0,0,0,0,0,0,1,0,0,0,0,0,0,0,0,1,0,0,0,0,1,1,1,0,0,0,0,0,0,1,0,0,0,0,0,0,1,0,1,0,0,1,1,0,0,0,0,0,0,0,0,0,0,0,0,0,0,0,0,0,0,0,0,0,0,0,0,0,0,0,0,0,0,0,0,0,0,0,0,0,0,0,0,0,0,0,0,0,0,0,0,0,0,0,0,0,0,0,1,1,0,1,0,0
oxaprozin,C18H15NO3,293.3,C1=CC=C(C=C1)C2=C(OC(=N2)CCC(=O)O)C3=CC=CC=C3,4.2,63.3,361,1,4,5,22,0,293.10519334,293.32199999999995,4.025800000000002,63.33,1,3,5,3,3,0,0,0,0,0,1,0,1,1,1,1,0,0,0,1,0,1,0,0,0,0,1,0,0,0,0,0,0,1,0,0,0,0,0,0,0,0,0,0,1,0,0,0,0,0,0,0,1,0,1,0,0,0,0,0,0,1,0,0,0,0,0,0,1,1,0,0,1,1,0,0,0,0,1,0,0,0,0,0,0,1,1,0,0,0,0,1,1,0,1,0,1,0,0,0,0,1,0,0,0,1,0,0,0,0,0,0,1,1,0,1,0,0,0,0,0,0,0,0,0,0,0,1,0,1,1,0,0
oxazepam,C15H11ClN2O2,286.71,C1=CC=C(C=C1)C2=NC(C(=O)NC3=C2C=C(C=C3)Cl)O,2.2,61.7,407,2,3,1,20,0,286.0509053,286.718,2.447900000000001,61.69,2,3,1,3,2,0,0,0,0,0,1,0,1,1,0,1,0,0,0,1,0,0,0,0,1,0,0,0,0,0,0,0,0,0,0,0,0,0,0,0,1,1,1,0,1,0,0,0,0,0,1,0,1,1,1,0,0,0,0,0,0,0,0,1,0,0,0,1,0,1,0,0,0,0,0,0,1,0,0,1,1,0,0,0,0,0,1,0,0,1,0,1,0,1,0,1,0,0,0,0,0,1,0,0,0,1,0,0,0,0,1,1,1,0,1,0,0,0,0,0,0,0,1,0,0,0,0,1,1,0,0,0,0
oxiconazole,C18H13Cl4N3O,429.1,C1=CC(=C(C=C1Cl)Cl)CON=C(CN2C=CN=C2)C3=C(C=C(C=C3)Cl)Cl,6.1,39.4,481,0,3,6,26,0,428.978323,429.134,6.117800000000004,39.41,0,3,6,3,3,0,0,0,0,0,0,0,0,0,0,0,0,0,0,0,0,0,1,0,1,0,0,0,1,0,0,1,0,0,0,0,0,1,0,0,0,1,1,0,1,0,0,0,1,0,0,0,1,1,1,0,0,0,0,0,1,0,1,0,0,0,0,0,0,0,1,0,1,0,1,0,1,0,0,1,1,0,1,0,0,1,1,0,0,0,1,1,0,1,0,0,0,0,1,0,0,1,0,0,0,1,0,0,0,0,1,0,1,0,0,1,1,0,0,0,0,0,0,1,0,0,0,1,1,0,0,0,0
oxprenolol,C15H23NO3,265.35,CC(C)NCC(COC1=CC=CC=C1OCC=C)O,2.1,50.7,246,2,4,9,19,0,265.1677936,265.35299999999995,1.9891,50.72,2,4,9,1,1,1,1,1,1,1,0,0,0,0,0,0,0,0,0,1,0,1,0,1,0,0,0,0,0,0,0,0,1,0,0,0,0,0,1,0,1,0,0,1,1,0,1,0,0,1,0,1,1,0,0,1,0,0,0,1,1,0,0,0,0,0,0,0,0,1,0,0,0,0,0,0,0,0,1,0,0,0,0,0,0,1,1,0,0,0,0,1,0,0,0,0,0,0,0,1,0,0,0,0,1,1,0,0,0,0,0,0,0,0,1,1,0,0,0,0,0,0,0,1,0,0,0,0,0,0,0,0,0
oxybutynin,C22H31NO3,357.5,CCN(CC)CC#CCOC(=O)C(C1CCCCC1)(C2=CC=CC=C2)O,4.2,49.8,490,1,4,8,26,0,357.23039385,357.494,3.3429000000000024,49.769999999999996,1,4,7,2,1,0,0,1,0,1,1,1,0,0,1,1,0,0,0,0,0,0,1,0,1,0,0,0,1,0,0,0,0,0,0,1,1,0,1,1,0,1,1,1,1,1,0,0,0,0,1,0,1,0,0,0,0,0,0,1,1,0,0,0,0,0,1,0,0,1,0,0,0,0,0,1,0,1,1,0,0,0,0,0,0,1,1,0,0,0,0,1,1,0,0,0,0,1,0,0,0,0,1,0,0,1,0,0,0,1,0,0,0,0,0,0,0,0,1,1,0,1,0,0,0,0,0,1,1,0,1,0,0
oxycodone,C18H21NO4,315.4,CN1CCC23C4C(=O)CCC2(C1CC5=C3C(=C(C=C5)OC)O4)O,1.2,59.0,553,1,5,1,23,0,315.14705815,315.369,1.0482,59.0,1,5,1,5,1,1,0,1,0,0,1,0,0,1,1,1,1,0,0,1,1,1,0,0,0,0,0,0,0,0,0,0,0,0,0,1,0,0,1,0,0,1,0,1,1,0,0,1,0,1,0,0,0,0,0,1,0,0,0,0,1,0,1,1,0,1,0,0,0,0,0,0,1,0,0,0,1,1,1,1,0,0,0,0,0,1,1,0,0,1,0,1,0,0,0,0,0,1,1,1,0,1,1,0,0,1,0,1,1,0,0,0,0,0,0,1,0,0,0,1,0,0,0,0,0,1,1,0,1,0,0,0,0
oxymetholone,C21H32O3,332.5,CC12CCC3C(C1CCC2(C)O)CCC4C3(CC(=CO)C(=O)C4)C,4.4,57.5,596,2,3,0,24,0,332.23514488,332.48400000000004,4.401000000000003,57.53,2,3,0,4,0,0,0,1,0,1,0,0,1,0,0,1,1,1,0,0,0,1,1,0,0,0,0,0,0,0,0,1,0,1,0,1,0,0,1,1,1,1,1,0,1,0,0,0,1,1,1,0,1,1,0,0,0,0,1,1,0,1,0,1,0,1,0,0,0,0,0,0,0,0,1,0,1,0,0,0,0,0,0,0,0,0,0,1,0,0,0,0,0,0,0,0,0,0,0,0,0,0,0,0,0,1,0,0,1,0,1,0,0,0,0,1,1,0,0,0,1,0,0,0,1,0,0,1,1,0,0,0,0
oxymorphone,C17H19NO4,301.34,CN1CCC23C4C(=O)CCC2(C1CC5=C3C(=C(C=C5)O)O4)O,0.8,70.0,539,2,5,0,22,0,301.13140809,301.342,0.7451999999999996,70.00000000000001,2,5,0,5,1,0,0,1,0,0,1,0,0,1,1,1,1,0,0,1,1,1,0,0,0,0,0,1,0,0,0,0,0,0,0,1,0,0,1,0,0,1,0,1,1,0,0,1,0,1,0,0,0,0,0,0,0,0,0,0,1,0,1,1,0,1,0,0,0,0,0,1,1,0,0,0,1,1,0,1,0,0,0,0,0,1,1,0,0,1,0,1,0,0,0,0,0,1,1,0,0,1,1,0,0,1,0,1,1,0,0,0,0,0,0,1,0,0,0,1,0,0,0,0,0,1,1,0,1,0,0,0,0
APAs,C7H7NO3,153.14,C1=CC(=C(C=C1N)O)C(=O)O,1.3,83.6,160,3,4,1,11,0,153.042593085,153.137,0.6726,83.55,3,3,1,1,1,0,0,0,0,0,1,0,1,0,0,1,0,0,0,0,0,1,0,0,1,0,0,0,1,0,0,0,0,0,0,0,0,0,0,0,0,0,0,0,1,0,0,0,1,0,0,0,0,0,1,0,0,0,0,0,0,0,0,0,0,0,0,0,0,0,0,1,1,0,0,0,1,1,0,0,0,0,1,0,0,0,1,0,0,0,0,1,0,0,0,0,0,0,0,0,0,0,0,0,0,1,0,0,0,0,0,0,1,0,0,0,1,0,0,0,0,0,0,0,0,1,0,0,0,0,1,0,0
paclitaxel,C47H51NO14,853.9,CC1=C2C(C(=O)C3(C(CC4C(C3C(C(C2(C)C)(CC1OC(=O)C(C(C5=CC=CC=C5)NC(=O)C6=CC=CC=C6)O)O)OC(=O)C7=CC=CC=C7)(CO4)OC(=O)C)O)C)OC(=O)C,2.5,221.0,1790,4,14,14,62,0,853.3309553,853.9180000000003,3.735700000000004,221.28999999999996,4,14,10,7,3,1,1,1,1,0,1,0,0,0,1,1,1,1,0,0,0,1,1,0,1,1,0,0,0,0,0,1,0,1,1,1,0,1,1,1,0,1,0,1,1,1,1,1,0,0,1,0,1,0,0,1,1,0,0,1,1,0,1,1,0,1,1,0,1,1,1,1,0,1,0,0,1,1,0,1,0,0,0,1,0,0,1,0,0,0,1,1,0,1,0,0,1,0,1,1,0,1,0,0,1,1,0,1,0,0,1,0,0,0,0,0,0,0,0,1,0,1,1,0,1,1,1,1,1,0,1,0,0
pamidronate,C3H11NO7P2,235.07,C(CN)C(O)(P(=O)(O)O)P(=O)(O)O,-6.9,161.0,243,6,8,4,13,0,235.00107569,235.069,-1.6633,161.30999999999997,6,4,4,0,0,1,0,0,0,0,0,0,0,0,0,1,0,0,0,0,0,0,0,0,1,0,0,0,0,0,0,0,0,1,0,0,0,1,0,0,0,0,0,0,1,0,0,0,0,0,0,1,0,1,0,0,0,0,0,0,0,0,0,0,0,0,0,0,0,1,0,0,0,0,0,0,0,0,0,0,0,0,0,0,0,1,0,0,0,0,1,0,0,0,0,0,0,1,0,0,0,0,0,0,0,0,0,1,0,0,0,1,0,0,1,0,0,0,0,1,0,1,0,0,0,0,1,0,0,0,0,0,0
pancuronium,C35H60N2O4+2,572.9,CC(=O)OC1CC2CCC3C(C2(CC1[N+]4(CCCCC4)C)C)CCC5(C3CC(C5OC(=O)C)[N+]6(CCCCC6)C)C,6.6,52.6,1000,0,4,6,41,2,572.4553084,572.8750000000002,6.110500000000007,52.6,0,4,4,6,0,0,0,1,0,1,1,0,1,0,1,1,1,1,0,0,1,1,1,0,0,0,0,0,0,0,0,0,0,0,0,1,1,0,1,0,0,1,0,0,1,0,0,1,0,0,1,0,0,0,0,0,0,1,0,0,1,0,0,1,1,1,0,0,1,0,1,0,0,1,1,0,1,0,1,0,0,0,0,0,0,0,1,0,0,1,0,0,0,0,0,0,0,0,0,1,0,0,0,0,0,0,0,1,1,0,1,0,0,0,0,1,0,0,0,0,0,0,0,0,0,1,1,1,1,0,1,0,1
dexpanthenol,C9H19NO4,205.25,CC(C)(CO)C(C(=O)NCCCO)O,-0.9,89.8,182,4,4,6,14,0,205.13140809,205.25399999999996,-1.1355999999999997,89.79,4,4,6,0,0,1,1,0,0,0,0,0,0,1,0,1,0,0,0,0,0,0,0,0,0,0,0,0,0,0,0,0,1,0,0,0,0,0,1,0,0,0,0,0,1,0,0,0,0,1,0,0,1,0,0,0,0,0,0,0,0,0,0,0,0,0,1,1,0,0,0,0,0,0,1,0,0,0,0,0,0,0,0,0,0,1,0,0,0,1,0,0,0,0,1,0,0,0,0,1,0,0,0,0,1,0,0,1,0,0,0,1,0,0,0,0,0,0,0,1,1,0,0,0,1,0,0,1,0,0,1,0,0
pantoprazole,C16H15F2N3O4S,383.4,COC1=C(C(=NC=C1)CS(=O)C2=NC3=C(N2)C=C(C=C3)OC(F)F)OC,2.4,106.0,490,1,9,7,26,0,383.07513347,383.3760000000001,2.8843000000000005,86.33000000000001,1,6,7,3,3,1,1,1,1,0,0,0,1,1,0,1,0,0,0,0,0,0,0,0,1,0,0,0,0,1,0,1,0,0,0,0,0,0,1,0,0,0,0,0,0,0,0,0,1,1,1,0,0,1,0,1,0,1,1,0,1,0,0,0,0,0,0,0,1,0,1,1,0,0,0,0,0,0,1,1,1,0,1,1,0,1,1,0,1,0,0,1,1,0,0,1,0,0,1,0,0,0,0,0,0,1,1,0,1,1,1,0,1,0,1,1,0,0,1,0,0,0,1,0,1,0,1,1,0,0,1,0,0
papaverine,C20H21NO4,339.4,COC1=C(C=C(C=C1)CC2=NC=CC3=CC(=C(C=C32)OC)OC)OC,3.9,49.8,407,0,5,6,25,0,339.14705815,339.39100000000013,3.860000000000003,49.81,0,5,6,3,3,1,0,0,1,0,0,0,0,0,0,0,0,1,0,1,0,0,0,0,1,0,0,1,0,0,0,0,0,0,0,0,0,0,1,0,0,0,0,0,0,0,0,1,0,1,1,0,0,1,0,1,0,0,0,1,1,0,1,0,0,0,0,0,1,0,0,0,0,1,0,0,0,0,1,1,0,0,1,0,0,1,1,1,0,0,0,1,0,0,0,1,0,0,1,1,0,0,0,0,0,1,0,0,0,0,1,0,1,0,0,0,0,1,0,0,0,0,0,1,0,0,1,1,0,0,0,0,0
paromomycin,C23H45N5O14,615.6,C1C(C(C(C(C1N)OC2C(C(C(C(O2)CO)O)O)N)OC3C(C(C(O3)CO)OC4C(C(C(C(O4)CN)O)O)N)O)O)N,-8.7,347.0,870,13,19,9,42,0,615.29630113,615.6340000000002,-8.861700000000015,347.32,13,19,9,4,0,0,1,0,0,0,0,1,0,0,0,0,0,1,0,1,0,1,0,0,1,0,1,0,0,0,0,0,0,0,0,1,0,0,1,0,0,0,0,0,1,1,0,0,1,0,0,0,0,0,0,0,0,1,1,0,1,1,1,0,0,0,0,0,1,0,0,0,0,0,0,1,1,0,0,0,0,0,0,0,1,1,0,1,0,1,1,0,0,0,0,0,0,0,0,1,0,0,0,1,0,1,1,0,0,1,1,0,0,1,0,1,0,0,0,0,0,0,0,0,0,0,0,0,1,0,0,1,1
paroxetine,C19H20FNO3,329.4,C1CNCC(C1C2=CC=C(C=C2)F)COC3=CC4=C(C=C3)OCO4,3.5,39.7,402,1,5,4,24,0,329.14272166,329.37100000000004,3.326500000000002,39.72,1,4,4,4,2,0,0,1,0,0,0,1,0,1,1,0,1,0,0,0,0,1,0,0,0,0,0,0,0,0,0,0,1,1,0,1,0,0,0,0,0,1,0,0,0,0,0,0,0,1,1,0,0,0,1,0,0,0,0,0,1,0,1,0,1,0,0,0,0,0,0,1,0,0,1,0,1,0,0,0,0,0,0,1,0,1,1,0,0,0,0,1,0,0,0,1,0,0,1,0,0,0,0,1,0,1,0,0,0,0,0,0,1,0,1,1,1,1,1,1,1,0,0,0,0,0,0,0,1,0,0,0,1
penbutolol,C18H29NO2,291.4,CC(C)(C)NCC(COC1=CC=CC=C1C2CCCC2)O,4.2,41.5,294,2,3,7,21,0,291.219829168,291.43500000000006,3.4720000000000026,41.489999999999995,2,3,6,2,1,1,1,1,1,1,0,0,0,1,0,0,0,0,0,0,0,0,0,1,0,0,0,0,1,0,0,0,0,0,0,1,0,0,1,0,0,0,0,0,1,1,1,1,0,1,1,1,1,0,0,1,0,0,0,0,1,0,0,0,0,0,0,0,0,1,0,0,0,0,0,0,0,0,1,0,1,0,0,0,0,1,1,0,0,0,0,1,0,0,1,0,1,0,0,1,0,0,0,0,1,1,0,0,0,0,1,0,0,0,0,0,0,0,0,1,1,0,0,1,0,0,0,1,1,0,0,0,0
penciclovir,C10H15N5O3,253.26,C1=NC2=C(N1CCC(CO)CO)N=C(NC2=O)N,-1.9,126.0,344,4,5,5,18,0,253.11748936,253.262,-1.307299999999999,130.05,4,6,5,2,2,0,1,0,0,1,0,1,0,0,0,1,0,1,0,0,0,1,0,0,1,0,0,1,0,0,0,0,0,0,0,0,0,1,0,0,0,1,0,0,1,0,0,0,0,1,0,0,1,0,1,0,0,0,0,0,0,0,1,1,0,1,0,1,1,0,0,0,0,0,0,0,1,0,0,0,0,0,0,1,0,1,1,0,0,0,0,0,0,0,1,1,1,0,0,1,1,0,0,1,1,1,0,0,0,0,0,0,0,0,0,1,0,0,0,0,0,0,0,0,0,0,1,1,0,1,0,0,0
D-penicillamine,C5H11NO2S,149.21,CC(C)(C(C(=O)O)N)S,-1.8,64.3,124,3,4,2,9,0,149.05104977,149.215,0.10670000000000035,63.31999999999999,3,3,2,0,0,0,1,0,0,0,1,0,0,1,0,1,0,0,0,0,0,0,0,1,1,0,0,0,0,0,0,0,0,0,1,0,0,0,1,0,0,0,0,0,1,0,1,0,0,0,0,0,0,0,0,0,0,1,0,0,0,0,0,1,0,0,0,0,0,0,0,0,0,0,0,0,0,0,0,0,0,0,0,0,0,0,0,0,0,0,0,0,0,0,0,0,0,0,0,0,1,0,0,0,0,0,1,0,0,0,0,0,0,0,0,0,0,0,1,1,0,0,0,0,0,0,0,0,0,0,1,0,0
pentamidine,C19H24N4O2,340.4,C1=CC(=CC=C1C(=N)N)OCCCCCOC2=CC=C(C=C2)C(=N)N,2.6,118.0,376,4,4,10,25,0,340.18992602,340.42699999999996,2.88284,118.2,4,4,10,2,2,0,0,0,0,0,0,0,0,0,0,1,0,1,1,0,0,0,0,0,1,0,0,0,0,0,0,0,0,0,0,0,0,0,1,0,0,0,0,0,1,0,0,0,0,1,0,0,0,0,0,0,0,0,0,0,1,0,0,0,0,0,0,0,0,0,0,1,0,0,0,0,0,0,0,0,0,0,0,1,0,1,1,1,0,0,0,1,0,0,0,0,0,0,0,0,0,0,1,0,0,1,0,1,0,0,1,0,0,0,1,0,1,0,0,0,0,0,0,0,1,0,0,0,0,0,0,0,0
pentazocine,C19H27NO,285.4,CC1C2CC3=C(C1(CCN2CC=C(C)C)C)C=C(C=C3)O,3.3,23.5,414,1,2,2,21,0,285.209264485,285.431,3.882600000000003,23.47,1,2,2,3,1,0,0,0,0,0,0,0,0,0,0,1,0,0,0,0,0,0,0,0,0,0,0,0,0,0,1,0,0,1,1,1,0,0,1,0,0,1,0,0,1,0,0,0,0,1,0,1,0,0,0,0,1,0,0,1,0,0,0,0,0,1,0,0,0,0,0,1,0,1,0,0,0,1,0,1,0,0,0,0,0,1,1,1,0,1,0,1,0,0,0,0,0,1,0,1,1,0,0,0,0,1,0,1,1,0,1,0,1,1,0,0,0,0,0,0,0,0,0,1,1,0,1,1,1,0,1,1,0
pentobarbital,C11H18N2O3,226.27,CCCC(C)C1(C(=O)NC(=O)NC1=O)CC,2.1,75.3,305,2,3,4,16,0,226.13174244,226.27599999999998,1.1849999999999998,75.27000000000001,2,3,4,1,0,0,1,0,0,0,0,1,0,0,0,1,0,1,0,0,0,0,0,0,0,0,0,0,0,0,0,1,1,0,0,0,0,1,1,0,0,1,0,1,0,0,0,0,0,0,0,0,0,0,0,0,0,0,0,1,0,1,0,1,0,0,0,0,0,0,0,0,0,0,0,0,1,0,1,0,0,0,0,0,0,1,0,0,0,0,1,0,0,0,0,1,0,0,0,0,0,0,0,0,1,1,0,0,0,0,0,0,0,0,0,0,0,0,0,0,1,0,1,0,0,0,0,0,0,0,0,0,0
pentostatin,C11H16N4O4,268.27,C1C(C(OC1N2C=NC3=C2NC=NCC3O)CO)O,-2.1,112.0,356,4,6,2,19,0,268.117155,268.273,-0.9890000000000003,112.13000000000001,4,7,2,3,1,1,1,0,0,1,0,0,1,1,0,0,1,1,0,0,0,1,0,0,0,1,0,0,1,0,0,0,1,0,0,1,0,0,0,0,0,1,0,0,1,0,0,0,0,1,0,0,0,0,1,0,0,0,0,0,1,1,0,0,0,0,0,0,0,1,1,1,0,0,0,0,0,0,0,0,0,0,0,0,0,1,1,0,0,0,0,0,0,0,1,1,0,0,0,1,0,1,0,1,0,1,0,0,1,1,1,0,0,1,0,1,0,1,0,0,0,0,0,0,0,0,0,1,1,0,0,0,0
pentoxifylline,C13H18N4O3,278.31,CC(=O)CCCCN1C(=O)C2=C(N=CN2C)N(C1=O)C,0.3,75.5,426,0,4,5,20,0,278.13789045,278.31200000000007,0.1930000000000005,78.89,0,4,5,2,2,1,1,0,1,0,1,0,0,0,0,1,0,0,0,1,0,0,0,0,1,0,0,0,0,0,0,0,0,1,0,0,0,1,1,1,0,1,0,0,1,0,0,0,0,1,0,0,0,0,0,0,1,1,0,0,0,0,0,1,0,0,0,1,0,0,0,0,0,0,0,0,0,0,0,1,0,0,0,0,1,1,1,0,0,1,0,0,0,0,0,0,0,0,0,0,0,0,0,0,0,1,0,0,0,0,0,0,0,0,1,0,0,0,0,0,1,0,0,0,1,1,1,1,0,0,1,0,0
pergolide,C19H26N2S,314.5,CCCN1CC(CC2C1CC3=CNC4=CC=CC2=C34)CSC,4.2,44.3,388,1,2,4,22,0,314.18167001,314.49800000000005,4.271100000000003,19.03,1,2,4,4,2,0,0,0,1,0,1,0,0,0,0,1,1,1,1,0,1,0,1,0,0,0,0,1,0,0,1,1,0,0,1,1,1,0,1,0,0,0,0,1,1,0,0,0,0,0,0,0,0,0,1,0,0,1,0,0,0,0,0,1,0,0,0,0,0,1,0,0,1,1,0,0,1,0,0,0,1,0,1,1,0,1,1,0,0,1,0,1,1,0,0,1,0,0,0,0,0,1,1,0,1,1,0,1,1,0,0,0,0,0,0,0,0,0,0,0,1,1,0,0,1,0,1,0,1,0,0,1,0
perhexiline,C19H35N,277.5,C1CCC(CC1)C(CC2CCCCN2)C3CCCCC3,6.8,12.0,245,1,1,4,20,0,277.276950121,277.496,5.295400000000005,12.03,1,1,4,3,0,0,1,1,0,1,0,0,0,0,0,0,0,0,0,0,0,0,1,0,0,0,0,0,0,0,0,0,0,0,0,1,0,0,0,0,0,0,0,0,0,0,0,0,0,0,1,0,0,0,1,0,0,0,0,1,0,0,0,1,0,0,0,0,0,0,0,0,0,0,1,0,0,0,0,0,0,0,0,0,0,1,0,0,0,0,0,0,0,0,0,1,0,0,0,0,0,0,0,1,1,1,0,1,0,0,0,0,0,0,0,0,0,0,0,0,0,1,0,0,0,1,0,1,1,0,1,0,0
propericiazine,C21H23N3OS,365.5,C1CN(CCC1O)CCCN2C3=CC=CC=C3SC4=C2C=C(C=C4)C#N,3.5,75.8,513,1,5,4,26,0,365.15618354,365.50200000000007,4.007780000000003,50.5,1,5,4,4,2,0,0,0,0,1,0,0,0,0,0,0,0,0,1,0,1,0,0,0,0,0,1,1,0,0,0,0,0,0,0,1,0,0,0,1,1,1,0,1,1,0,0,0,0,0,1,0,1,0,1,0,0,0,1,0,1,0,0,0,0,0,0,1,0,1,0,0,0,0,0,0,0,1,0,1,0,1,1,1,0,1,1,0,0,0,0,1,0,0,0,0,0,0,0,0,0,0,0,0,0,1,0,1,0,1,1,0,1,0,1,0,1,1,0,0,0,0,0,0,1,0,1,0,1,1,0,0,1
perphenazine,C21H26ClN3OS,404.0,C1CN(CCN1CCCN2C3=CC=CC=C3SC4=C2C=C(C=C4)Cl)CCO,4.2,55.3,463,1,5,6,27,0,403.1485113,403.9790000000002,3.9427000000000034,29.950000000000003,1,5,6,4,2,0,0,0,0,1,0,0,0,0,0,0,0,0,1,0,1,0,0,0,1,0,1,0,0,1,0,0,0,0,0,1,0,0,0,0,1,1,1,0,1,0,0,0,0,0,0,0,1,1,1,0,0,0,1,0,0,0,0,0,0,0,0,1,0,1,1,0,0,0,0,0,0,1,0,1,0,1,1,0,0,1,1,0,0,0,0,1,0,1,1,0,0,0,0,1,0,0,0,0,0,1,0,0,0,1,0,0,1,0,0,0,1,0,0,0,0,0,0,0,1,0,1,0,0,1,0,0,1
phenobarbital,C12H12N2O3,232.23,CCC1(C(=O)NC(=O)NC1=O)C2=CC=CC=C2,1.5,75.3,339,2,3,2,17,0,232.08479225,232.239,0.7003999999999997,75.27000000000001,2,3,2,2,1,0,0,0,0,1,1,0,0,1,0,1,0,0,0,0,0,0,0,0,0,0,0,0,1,0,0,0,0,0,0,0,0,0,1,0,0,1,0,1,0,0,0,0,0,1,0,0,1,0,0,0,0,0,0,1,0,1,0,1,0,0,0,0,0,1,0,0,0,0,0,0,1,0,1,1,0,0,0,0,0,1,1,0,0,0,0,1,0,0,0,1,0,0,0,0,0,0,0,0,0,1,0,0,0,0,0,0,0,0,0,0,0,0,0,0,1,0,0,0,0,0,0,0,0,0,0,0,0
phenoxybenzamine,C18H22ClNO,303.8,CC(COC1=CC=CC=C1)N(CCCl)CC2=CC=CC=C2,4.4,12.5,262,0,2,8,21,0,303.138992,303.83299999999997,4.194900000000003,12.47,0,2,8,2,2,0,1,0,0,1,1,0,1,0,0,0,0,0,0,0,0,0,0,0,1,0,0,0,0,0,0,0,1,0,0,0,1,0,1,1,0,0,1,1,0,0,0,1,0,1,0,0,1,1,0,1,0,1,0,0,1,0,0,0,0,0,0,0,0,1,0,1,0,0,0,0,0,1,1,0,0,0,0,1,0,1,1,0,0,0,1,1,0,0,0,1,0,0,0,0,0,0,0,0,0,1,0,1,0,0,0,0,0,0,0,0,0,0,1,0,0,0,0,1,0,0,0,0,1,0,0,0,0
phentermine,C10H15N,149.23,CC(C)(CC1=CC=CC=C1)N,1.9,26.0,112,1,1,2,11,0,149.120449483,149.23699999999997,1.9664000000000001,26.02,1,1,2,1,1,0,0,0,0,0,1,0,1,1,0,0,0,0,0,0,0,0,0,0,1,0,0,0,0,0,0,0,0,0,0,1,0,1,1,0,1,0,0,0,0,0,0,1,0,0,0,1,1,0,0,0,0,0,0,0,0,0,0,0,0,0,0,0,0,1,0,0,0,0,0,0,0,0,0,0,0,0,0,0,0,1,1,0,0,0,0,1,0,0,0,1,0,0,0,0,0,0,0,0,0,1,0,0,0,0,0,0,0,0,0,0,0,0,0,1,0,0,0,0,0,1,0,0,0,0,0,0,0
4-PBA,C10H11NaO2,186.18,C1=CC=C(C=C1)CCCC(=O)[O-].[Na+],,40.1,142,0,2,4,13,0,186.06567387,186.18599999999998,-2.236799999999998,40.129999999999995,0,2,4,1,1,0,0,0,0,0,1,0,0,0,0,1,0,0,0,0,0,0,1,0,0,0,1,0,0,0,0,0,0,1,0,0,0,0,0,0,0,0,0,0,1,0,0,1,0,0,0,1,1,0,0,0,0,0,0,0,0,0,0,0,0,0,1,0,0,1,0,0,0,0,0,0,0,0,0,1,1,0,1,0,0,1,1,1,0,0,0,1,0,0,0,1,1,0,0,0,1,0,0,0,0,1,0,0,0,0,0,0,0,0,0,0,0,0,0,0,0,0,0,0,1,0,0,0,0,0,1,0,0
phenylephrine,C9H13NO2,167.2,CNCC(C1=CC(=CC=C1)O)O,-0.3,52.5,130,3,3,3,12,0,167.094628657,167.208,0.6449999999999998,52.489999999999995,3,3,3,1,1,1,1,0,0,0,0,0,0,0,0,0,0,0,0,0,1,0,0,0,0,0,0,1,0,0,0,1,1,0,0,0,0,0,1,0,0,0,0,0,1,0,0,0,0,0,1,0,0,0,0,0,0,0,0,0,0,0,0,0,0,0,0,0,0,1,1,1,0,0,0,0,0,0,0,0,1,1,0,0,0,1,1,1,0,0,1,1,1,0,0,0,0,0,0,1,0,0,0,0,1,1,0,0,0,0,1,0,1,0,0,0,0,0,0,0,0,0,0,0,0,1,0,0,0,0,1,0,0
phenylpropanolamine,C9H13NO,151.21,CC(C(C1=CC=CC=C1)O)N,0.8,46.3,110,2,2,2,11,0,151.099714038,151.20899999999997,1.0672000000000001,46.25,2,2,2,1,1,0,1,0,0,0,1,0,0,0,0,0,0,0,0,0,0,0,0,1,1,0,0,0,0,0,0,0,1,0,0,0,0,0,1,1,0,0,0,0,1,0,0,0,0,0,1,0,1,0,0,0,0,0,0,0,0,0,0,0,0,0,0,0,0,1,0,0,0,0,0,1,0,0,0,0,0,0,0,0,0,0,1,0,0,0,1,1,0,0,1,0,0,1,0,0,0,0,0,0,1,1,0,0,0,0,0,0,0,0,0,0,0,0,0,0,0,0,0,1,0,0,0,0,0,0,0,0,0
moxonidine,C9H12ClN5O,241.68,CC1=NC(=C(C(=N1)Cl)NC2=NCCN2)OC,0.6,71.4,275,2,4,3,16,0,241.0730377,241.682,0.8181199999999997,71.43,2,6,2,2,1,1,0,0,0,0,0,0,0,0,0,0,0,0,0,0,0,1,1,0,1,0,0,0,0,0,0,0,0,0,1,1,0,1,1,0,0,0,0,0,0,0,1,0,0,0,0,0,1,0,1,1,0,0,0,0,1,0,1,1,1,1,0,0,1,0,0,0,0,1,0,0,0,0,1,1,0,0,1,0,1,0,0,0,1,0,0,0,0,0,1,1,0,0,0,0,0,0,0,0,0,1,0,1,0,0,0,0,1,0,0,0,0,0,1,0,0,0,1,0,0,0,0,1,0,0,1,0,0
physostigmine,C15H21N3O2,275.35,CC12CCN(C1N(C3=C2C=C(C=C3)OC(=O)NC)C)C,0.7,44.8,403,1,4,2,20,0,275.16337692,275.35200000000003,1.7739,44.81,1,4,1,3,1,1,1,0,0,1,0,0,0,0,0,1,0,0,0,0,1,0,0,0,0,0,0,1,0,0,0,0,0,0,0,1,0,0,1,1,0,1,0,0,1,0,0,0,1,1,0,0,0,0,0,0,0,0,0,0,1,0,0,0,0,1,0,1,1,0,1,1,0,0,0,0,0,1,0,0,0,1,0,1,0,0,1,0,0,0,0,1,0,0,1,0,0,1,0,1,0,0,1,0,0,1,0,1,0,1,0,0,1,0,1,1,0,0,0,0,0,0,0,0,0,0,1,1,1,0,1,0,0
pilocarpine,C11H16N2O2,208.26,CCC1C(COC1=O)CC2=CN=CN2C,1.1,44.1,245,0,3,3,15,0,208.121177757,208.26100000000002,1.1618000000000002,44.12,0,3,3,2,1,0,1,0,1,0,0,0,1,0,0,1,0,0,0,1,0,1,0,0,0,0,1,0,0,0,0,0,0,0,1,1,0,0,1,0,0,1,1,1,1,0,1,0,0,0,1,1,0,0,0,0,0,0,0,0,0,0,1,1,0,0,0,0,0,0,0,0,1,0,0,1,0,0,0,1,0,0,0,0,0,1,1,0,0,0,0,0,0,0,0,0,0,0,0,0,0,0,1,1,0,1,0,0,0,0,0,0,0,0,0,0,0,1,0,0,1,0,0,0,0,0,1,1,1,0,0,0,1
pindolol,C14H20N2O2,248.32,CC(C)NCC(COC1=CC=CC2=C1C=CN2)O,1.8,57.3,248,3,3,6,18,0,248.152477885,248.32600000000002,1.9055999999999997,57.28,3,3,6,2,2,1,1,1,0,1,0,0,0,0,0,1,0,0,0,1,1,0,0,1,0,0,0,0,0,0,0,0,1,0,0,0,0,1,1,0,0,0,0,1,1,0,1,0,0,1,0,1,0,0,0,1,0,0,0,0,1,0,0,0,0,0,0,0,0,1,0,0,0,0,0,0,1,1,1,0,0,0,1,0,0,1,1,0,0,0,0,1,0,0,0,1,0,0,0,1,0,0,0,1,1,1,0,0,0,0,0,0,0,0,0,1,0,0,0,1,0,0,0,1,1,0,0,0,0,0,0,0,0
pioglitazone,C19H20N2O3S,356.4,CCC1=CN=C(C=C1)CCOC2=CC=C(C=C2)CC3C(=O)NC(=O)S3,3.8,93.6,466,1,5,7,25,0,356.11946368,356.44700000000006,3.159600000000001,68.28999999999999,1,5,7,3,2,1,0,0,0,0,0,0,1,0,0,1,0,0,1,0,1,0,1,0,0,0,0,0,0,0,0,0,0,0,0,0,0,0,1,0,1,1,0,1,1,1,0,0,0,1,0,0,0,1,0,0,0,0,0,1,1,0,0,1,0,1,0,0,0,1,0,1,0,0,0,0,0,0,0,1,0,0,0,1,0,1,1,0,0,1,0,1,0,0,0,1,1,0,0,0,0,0,0,0,0,1,0,1,0,1,0,0,0,1,0,0,0,0,0,0,0,1,1,0,0,0,0,1,1,1,0,0,1
piperacillin,C23H27N5O7S,517.6,CCN1CCN(C(=O)C1=O)C(=O)NC(C2=CC=CC=C2)C(=O)NC3C4N(C3=O)C(C(S4)(C)C)C(=O)O,0.5,182.0,982,3,8,6,36,0,517.16311939,517.5640000000003,-0.24029999999999757,156.42999999999998,3,7,6,4,1,1,1,1,1,0,1,0,0,0,0,1,0,0,0,0,0,0,1,1,0,0,0,0,1,0,0,0,0,1,0,1,0,0,1,1,1,1,0,1,1,0,0,1,0,0,1,0,1,0,0,1,0,0,1,0,0,0,1,1,0,0,1,0,0,1,1,0,0,0,0,0,0,1,1,0,0,0,0,1,0,1,1,1,0,0,1,1,1,0,0,1,0,0,0,0,0,0,0,0,1,1,0,0,0,0,1,1,1,0,0,0,1,0,1,0,0,0,1,0,0,0,1,1,1,0,1,1,1
pirbuterol,C12H20N2O3,240.3,CC(C)(C)NCC(C1=NC(=C(C=C1)O)CO)O,-0.1,85.6,230,4,5,5,17,0,240.1473925,240.303,0.7009999999999998,85.61000000000001,4,5,4,1,1,1,1,0,0,0,0,0,0,1,0,0,0,0,1,0,0,0,0,0,0,0,0,0,0,0,0,0,0,0,1,0,0,0,1,0,0,0,0,0,1,0,0,1,0,0,0,0,0,0,0,0,0,0,0,0,0,0,0,0,1,0,0,0,1,0,0,1,1,0,1,0,1,0,1,0,1,0,0,0,0,1,1,1,0,0,0,1,0,1,1,0,1,0,1,1,0,0,0,0,1,1,0,0,0,0,1,0,0,0,0,0,0,0,0,1,0,1,1,0,0,0,0,1,0,0,0,0,0
podophyllotoxin,C22H22O8,414.4,COC1=CC(=CC(=C1OC)OC)C2C3C(COC3=O)C(C4=CC5=C(C=C24)OCO5)O,2.0,92.7,629,1,8,4,30,0,414.13146766,414.4100000000002,2.4092000000000007,92.68,1,8,4,5,2,1,0,0,1,0,0,0,0,1,0,1,0,0,0,0,0,1,0,0,0,0,0,0,0,0,0,1,0,0,0,1,0,1,1,0,0,1,1,0,1,0,0,0,0,1,1,0,0,0,1,1,1,1,0,0,1,0,1,1,0,0,0,0,1,0,0,0,0,0,1,0,1,0,1,0,0,0,1,0,0,0,1,0,1,0,0,0,0,0,0,0,1,0,0,0,0,0,1,1,1,1,0,0,0,0,1,1,1,0,0,1,1,0,1,0,0,1,0,0,0,0,1,0,1,0,0,0,1
pramipexole,C10H17N3S,211.33,CCCNC1CCC2=C(C1)SC(=N2)N,1.9,79.2,188,2,4,3,14,0,211.11431873,211.33399999999997,1.5821999999999998,50.94,2,4,3,2,1,1,0,0,0,0,0,0,0,0,0,0,0,0,0,0,0,0,0,1,1,0,1,0,0,0,0,1,1,1,0,1,0,0,1,1,1,0,0,1,1,0,0,1,0,1,1,1,0,0,1,0,0,0,0,0,0,0,0,0,0,0,0,0,1,1,0,0,0,1,0,0,0,0,0,1,0,0,0,0,0,1,1,0,0,0,0,0,0,1,0,0,0,0,0,0,0,0,0,1,0,1,0,0,1,0,0,1,0,0,0,0,0,1,0,0,0,0,0,0,0,0,0,1,1,0,0,0,0
pravastatin,C23H36O7,424.5,CCC(C)C(=O)OC1CC(C=C2C1C(C(C=C2)C)CCC(CC(CC(=O)O)O)O)O,1.6,124.0,656,4,7,11,30,0,424.24610348,424.5340000000002,2.440400000000001,124.29000000000002,4,6,10,2,0,0,1,0,0,0,1,0,0,1,0,1,1,1,1,0,0,0,0,0,1,0,0,1,0,0,0,1,1,0,1,1,0,0,1,1,1,1,1,1,1,1,1,0,0,1,0,0,0,0,1,0,0,0,0,0,1,0,1,0,1,0,0,0,0,1,0,0,0,0,0,0,0,0,1,0,0,0,1,0,1,1,1,1,0,0,0,0,1,0,0,0,1,0,0,0,0,1,0,1,1,1,0,1,1,0,1,0,0,1,0,0,0,0,0,0,0,0,1,1,1,0,0,0,1,1,1,1,0
praziquantel,C19H24N2O2,312.4,C1CCC(CC1)C(=O)N2CC3C4=CC=CC=C4CCN3C(=O)C2,2.7,40.6,472,0,2,1,23,0,312.183778013,312.4130000000001,2.5349000000000013,40.620000000000005,0,2,1,4,1,0,0,1,1,1,0,0,0,0,0,1,0,0,0,0,0,0,0,0,0,0,1,0,0,0,0,1,0,0,0,1,0,1,0,0,1,0,1,0,1,0,0,0,0,1,1,0,1,0,0,0,0,0,1,0,0,0,0,1,1,0,0,0,0,1,0,0,0,1,0,1,0,1,0,1,0,1,0,1,0,0,1,0,0,1,0,1,0,0,1,0,0,0,0,0,0,1,1,0,1,1,0,0,0,0,0,0,0,0,0,0,0,0,0,0,1,0,0,0,0,0,0,1,1,0,1,1,1
prazosin,C19H21N5O4,383.4,COC1=C(C=C2C(=C1)C(=NC(=N2)N3CCN(CC3)C(=O)C4=CC=CO4)N)OC,2.0,107.0,544,1,8,4,28,0,383.15935417,383.4080000000001,1.7845999999999995,106.95000000000002,1,8,4,4,3,1,0,0,0,1,0,1,0,0,0,1,0,1,0,0,0,1,0,0,1,0,1,0,1,0,0,0,0,0,0,1,0,0,1,0,0,0,0,0,1,0,0,1,0,0,0,1,0,0,1,1,1,0,1,0,1,0,0,0,0,0,0,0,1,1,0,0,0,0,0,0,0,1,1,0,0,0,1,0,1,0,1,1,0,1,1,1,0,0,1,1,0,0,1,0,0,1,0,0,0,1,0,0,0,1,0,0,1,0,1,0,0,1,0,0,0,1,0,0,0,0,1,1,1,0,1,0,0
prednisolone,C21H28O5,360.4,CC12CC(C3C(C1CCC2(C(=O)CO)O)CCC4=CC(=O)C=CC34C)O,1.6,94.8,724,3,5,2,26,0,360.19367399,360.45000000000005,1.5575999999999999,94.83,3,5,2,4,0,1,0,1,0,0,0,0,1,0,0,1,0,0,0,0,0,0,1,1,1,1,0,0,0,1,0,0,1,1,0,1,0,0,1,0,1,1,0,0,1,0,0,0,0,0,1,0,0,0,0,0,1,0,0,1,0,0,0,1,1,0,0,0,0,0,0,0,0,1,0,0,1,0,0,1,1,1,1,1,0,1,1,0,0,1,0,0,0,0,0,0,0,0,0,1,0,0,0,1,0,1,1,0,0,0,1,0,0,0,0,1,0,1,1,0,0,0,1,0,0,1,0,1,1,0,1,0,0
prednisone,C21H26O5,358.4,CC12CC(=O)C3C(C1CCC2(C(=O)CO)O)CCC4=CC(=O)C=CC34C,1.5,91.7,764,2,5,2,26,0,358.17802393,358.434,1.7658,91.67000000000002,2,5,2,4,0,1,0,1,0,0,0,0,1,0,0,1,0,0,0,0,0,0,1,0,1,1,0,0,0,1,0,0,1,1,1,1,1,0,1,0,1,1,0,0,1,0,0,0,0,1,1,0,0,0,0,0,0,1,0,1,0,0,0,1,0,0,0,0,0,0,0,0,0,1,0,0,1,0,0,1,1,1,1,0,0,1,1,1,0,1,0,0,1,0,0,0,0,0,0,1,0,0,0,1,1,1,1,0,0,0,0,0,0,0,0,1,0,1,0,1,0,0,1,0,0,1,0,1,1,0,1,0,0
prilocaine,C13H20N2O,220.31,CCCNC(C)C(=O)NC1=CC=CC=C1C,2.1,41.1,218,2,2,5,16,0,220.157563266,220.316,2.3216200000000002,41.13,2,2,5,1,1,1,1,0,0,0,0,0,0,0,0,1,0,0,0,1,0,0,1,1,0,0,0,0,0,1,0,1,1,0,0,0,0,1,1,0,0,0,0,1,1,0,0,0,0,0,0,1,1,0,0,0,0,0,0,0,0,0,0,1,0,0,1,0,0,1,0,0,0,0,1,0,1,1,0,0,0,0,0,0,1,1,1,0,0,0,0,1,0,0,0,0,0,0,1,0,0,1,0,0,0,1,0,0,0,0,0,0,0,0,0,0,1,0,0,0,0,0,0,0,0,0,0,0,0,0,1,0,0
primaquine,C15H21N3O,259.35,CC(CCCN)NC1=C2C(=CC(=C1)OC)C=CC=N2,2.2,60.2,262,2,4,6,19,0,259.168462302,259.353,2.782700000000001,60.17,2,4,6,2,2,1,1,1,0,0,0,0,0,0,0,0,0,0,1,0,0,0,0,0,1,0,0,0,0,0,0,0,1,0,0,0,0,0,1,0,0,0,0,1,0,0,0,0,0,1,0,0,1,1,0,1,0,0,0,0,1,0,1,0,0,1,0,0,1,1,0,1,1,0,0,0,0,1,1,1,0,0,0,0,0,1,1,0,0,1,1,1,0,0,0,0,1,0,0,0,0,0,0,1,1,1,0,0,1,0,0,0,1,0,1,0,0,0,0,0,0,0,0,0,1,0,0,1,0,1,0,0,0
primidone,C12H14N2O2,218.25,CCC1(C(=O)NCNC1=O)C2=CC=CC=C2,0.9,58.2,279,2,2,2,16,0,218.105527694,218.256,0.5378999999999994,58.2,2,2,2,2,1,0,0,0,0,1,1,0,0,0,0,1,0,0,0,0,0,0,0,0,0,0,0,0,1,0,0,0,0,0,0,1,0,1,1,0,0,1,0,1,0,0,0,0,0,1,0,0,1,0,0,1,0,0,0,0,0,0,0,1,0,0,0,0,0,1,0,0,0,0,0,0,1,0,1,1,0,0,0,0,0,1,1,0,0,0,0,1,0,0,0,1,0,0,0,0,0,0,0,0,0,1,0,0,0,0,0,0,0,0,0,0,0,0,0,0,0,0,1,0,0,0,0,0,0,0,0,0,0
probenecid,C13H19NO4S,285.36,CCCN(CCC)S(=O)(=O)C1=CC=C(C=C1)C(=O)O,3.2,83.1,374,1,5,7,19,0,285.10347926,285.365,2.1955,74.68,1,3,7,1,1,0,0,0,0,0,1,0,0,0,0,1,0,0,0,0,0,0,0,0,0,0,0,0,0,0,0,1,0,1,0,0,1,0,1,0,0,0,0,1,1,0,0,0,0,0,0,0,1,1,0,0,0,0,0,0,0,0,0,0,0,0,0,0,1,0,1,0,0,1,0,0,0,1,0,0,1,0,0,0,0,1,1,0,0,0,0,1,0,0,0,0,0,0,0,1,0,0,1,0,0,1,0,0,0,0,1,1,0,0,0,0,0,0,1,1,0,0,0,0,0,0,0,0,0,0,1,0,0
procainamide,C13H21N3O,235.33,CCN(CC)CCNC(=O)C1=CC=C(C=C1)N,0.9,58.4,221,2,3,6,17,0,235.168462302,235.33100000000002,1.3403999999999998,58.36,2,3,6,1,1,1,1,0,0,0,0,0,0,1,1,1,0,1,0,0,0,1,0,0,1,0,0,0,0,0,0,0,1,0,0,0,1,0,1,0,0,1,0,1,1,0,0,0,0,0,0,0,0,0,1,0,0,0,0,0,0,0,0,0,0,0,1,0,0,0,0,0,0,0,1,0,0,0,0,1,0,0,0,0,0,1,1,0,0,0,0,1,0,0,0,0,0,0,0,0,0,0,0,0,0,1,0,1,0,0,1,0,0,1,0,0,0,0,1,0,0,0,0,0,0,1,0,0,1,0,1,0,0
procaine,C13H20N2O2,236.31,CCN(CC)CCOC(=O)C1=CC=C(C=C1)N,1.9,55.6,221,1,4,7,17,0,236.152477885,236.315,1.7673999999999999,55.56,1,4,6,1,1,0,0,0,0,1,0,0,0,0,0,1,0,1,1,0,0,1,1,0,1,0,0,0,0,0,0,0,0,0,0,0,1,0,1,0,0,1,0,1,1,0,0,0,0,1,0,0,0,0,1,0,0,0,0,0,1,1,0,0,0,0,1,0,0,0,0,0,0,0,0,0,0,0,0,0,0,0,0,0,0,1,1,0,0,0,0,1,0,0,0,0,0,0,0,1,0,0,0,0,0,1,0,0,0,0,1,0,0,1,0,0,0,0,1,1,0,0,0,0,0,1,0,0,1,0,1,0,0
procarbazine,C12H19N3O,221.3,CC(C)NC(=O)C1=CC=C(C=C1)CNNC,0.1,53.2,210,3,3,5,16,0,221.152812238,221.304,1.0488,53.160000000000004,3,3,5,1,1,1,1,0,0,1,0,0,0,0,0,1,0,0,0,0,0,0,0,0,0,0,0,1,0,0,0,0,1,0,0,0,0,0,1,0,0,0,0,0,1,0,0,0,0,0,0,1,0,0,0,0,0,0,0,1,1,0,0,0,0,0,0,0,0,0,0,0,1,0,0,0,0,0,0,0,0,0,0,1,0,1,1,0,0,0,0,1,0,0,0,1,0,0,0,0,0,0,0,0,1,1,0,1,0,0,1,0,0,0,0,0,1,0,0,0,0,0,1,0,0,0,0,0,0,1,1,1,1
prochlorperazine,C20H24ClN3S,373.9,CN1CCN(CC1)CCCN2C3=CC=CC=C3SC4=C2C=C(C=C4)Cl,4.9,35.0,429,0,4,4,25,0,373.1379466,373.9530000000001,4.580200000000004,9.72,0,4,4,4,2,0,0,0,0,1,0,0,0,0,0,0,0,0,1,1,1,0,0,0,1,0,1,0,0,1,0,0,0,0,0,1,0,0,1,0,1,1,1,0,1,0,0,0,0,0,0,0,1,1,1,0,0,0,1,0,0,0,0,0,0,0,0,1,0,1,0,0,0,0,0,0,0,1,0,1,0,1,1,0,1,1,1,0,0,1,0,1,0,1,0,0,0,0,0,0,0,0,0,0,0,1,0,0,0,1,0,0,1,0,0,0,1,0,0,0,0,0,0,0,1,0,1,0,0,1,0,0,1
progesterone,C21H30O2,314.5,CC(=O)C1CCC2C1(CCC3C2CCC4=CC(=O)CCC34C)C,3.9,34.1,589,0,2,1,23,0,314.224580195,314.4690000000001,4.723500000000005,34.14,0,2,1,4,0,0,0,0,0,0,0,1,1,0,0,1,0,0,0,0,0,1,1,0,0,0,0,0,1,1,0,0,0,0,1,1,1,0,1,0,0,1,0,0,1,0,0,0,0,0,1,0,0,0,0,1,0,0,0,1,0,0,0,1,0,0,0,0,0,0,0,0,1,0,1,0,1,0,1,1,1,0,0,1,0,0,1,0,0,1,0,0,0,1,0,0,0,1,0,0,1,0,0,0,0,1,0,0,0,0,1,1,0,0,0,1,0,0,0,1,0,0,0,0,0,1,1,1,1,0,1,0,0
proguanil,C11H16ClN5,253.73,CC(C)N=C(N)N=C(N)NC1=CC=C(C=C1)Cl,1.5,88.8,292,3,1,4,17,0,253.1094232,253.73700000000005,1.7897,88.78999999999999,3,1,2,1,1,1,1,0,0,0,0,1,1,0,0,0,0,1,0,0,0,0,0,0,1,1,0,0,0,1,1,1,1,0,0,0,1,0,1,0,0,0,0,0,1,1,0,0,0,0,0,1,0,1,1,0,0,0,1,0,0,0,0,0,0,0,0,0,1,0,0,0,1,0,0,0,0,0,0,0,1,0,0,0,0,0,1,0,0,0,1,1,0,1,0,0,1,0,0,0,0,0,0,0,0,1,0,0,0,0,0,0,0,0,0,0,0,0,0,0,0,0,0,0,0,0,0,0,0,0,0,0,0
promethazine,C17H20N2S,284.4,CC(CN1C2=CC=CC=C2SC3=CC=CC=C31)N(C)C,4.8,31.8,298,0,3,3,20,0,284.13471982,284.428,4.239400000000003,6.48,0,3,3,3,2,0,1,1,0,0,0,0,0,0,0,0,1,0,1,0,1,0,0,0,0,0,1,0,0,0,0,0,1,0,0,0,0,0,1,0,1,0,0,1,1,0,0,0,1,0,0,0,1,0,1,0,0,0,1,0,0,1,0,0,0,0,0,0,0,1,1,0,0,0,0,0,0,0,0,0,0,1,0,0,0,1,1,0,0,0,0,1,0,0,0,0,0,0,0,0,0,0,0,0,0,1,0,0,0,0,0,0,1,0,0,0,1,0,1,0,0,0,0,0,0,0,1,0,0,1,0,0,0
propafenone,C21H27NO3,341.4,CCCNCC(COC1=CC=CC=C1C(=O)CCC2=CC=CC=C2)O,3.3,58.6,368,2,4,11,25,0,341.19909372,341.451,3.2414000000000027,58.56,2,4,11,2,2,1,1,1,0,0,1,0,0,0,0,1,0,0,1,0,0,0,0,1,0,0,1,0,0,0,0,1,1,1,1,1,0,0,1,0,1,0,0,1,1,0,0,1,0,1,0,1,1,0,0,1,0,0,0,0,1,0,0,0,0,0,0,0,0,1,0,1,0,0,0,0,1,0,1,0,0,0,0,0,0,1,1,0,0,0,0,1,0,0,0,1,1,0,0,1,0,0,0,0,1,1,0,0,0,0,0,0,0,1,0,0,0,0,0,0,0,1,0,1,0,0,0,1,0,0,1,0,0
propantheline,C23H30NO3+,368.5,CC(C)[N+](C)(CCOC(=O)C1C2=CC=CC=C2OC3=CC=CC=C13)C(C)C,4.2,35.5,474,0,3,7,27,1,368.22256882,368.4970000000001,4.730800000000005,35.53,0,3,6,3,2,0,1,0,1,0,0,0,0,0,0,1,0,0,1,0,0,1,1,1,1,0,0,1,0,0,0,0,1,1,0,1,0,0,1,0,0,0,1,0,1,0,0,0,0,1,0,0,1,0,0,0,0,0,0,0,1,1,1,0,0,1,0,0,0,1,1,0,0,0,0,0,0,1,1,0,0,0,0,0,0,1,1,0,0,0,0,1,0,0,0,0,0,0,0,0,0,0,0,0,0,1,0,0,0,0,0,0,1,0,0,0,0,0,1,0,1,1,0,0,1,0,0,0,1,1,1,0,0
proparacaine,C16H26N2O3,294.39,CCCOC1=C(C=C(C=C1)C(=O)OCCN(CC)CC)N,2.7,64.8,295,1,5,10,21,0,294.1943427,294.395,2.5561999999999996,64.79,1,5,9,1,1,0,0,0,0,1,0,0,0,0,0,1,0,0,1,1,0,0,1,0,1,0,0,0,0,0,0,1,0,0,0,0,1,0,1,0,0,1,0,1,1,0,0,0,0,1,0,0,0,0,1,1,0,1,0,0,1,1,0,0,0,0,1,0,1,0,0,0,0,0,0,0,0,0,0,0,0,1,0,0,0,1,1,0,0,0,1,1,0,0,0,0,0,1,0,1,0,0,0,0,0,1,0,1,0,0,1,0,1,1,0,1,0,0,1,1,0,0,0,0,0,0,0,0,1,0,1,0,0
propofol,C12H18O,178.27,CC(C)C1=C(C(=CC=C1)C(C)C)O,3.8,20.2,135,1,1,2,13,0,178.135765193,178.27499999999998,3.6390000000000033,20.23,1,1,2,1,1,0,1,0,0,0,0,0,0,0,0,0,0,0,0,0,1,0,0,0,0,0,0,0,0,0,0,0,1,0,0,0,0,0,1,0,0,0,0,0,1,0,0,0,0,0,0,0,0,0,0,0,0,0,0,0,0,0,0,0,0,1,0,0,0,1,0,1,1,0,1,0,0,0,0,1,0,0,0,0,0,0,1,0,0,0,0,1,0,0,0,0,0,0,0,0,0,0,0,0,0,1,0,0,0,0,0,0,0,0,1,0,0,0,0,0,0,0,0,0,0,0,1,0,0,0,0,0,0
propranolol,C16H21NO2,259.34,CC(C)NCC(COC1=CC=CC2=CC=CC=C21)O,3.0,41.5,257,2,3,6,19,0,259.157228913,259.349,2.577500000000001,41.489999999999995,2,3,6,2,2,1,1,1,0,1,0,0,0,0,0,0,0,0,0,1,1,0,0,1,0,0,0,0,0,0,0,0,1,0,0,0,0,0,1,0,0,0,1,1,1,0,1,0,0,1,0,1,1,0,0,1,0,0,0,0,1,0,0,0,0,0,0,0,1,1,0,0,0,0,0,0,0,0,1,0,0,0,1,0,0,1,1,0,0,0,0,1,0,1,0,0,0,0,0,1,0,0,0,0,1,1,0,0,0,0,0,0,0,0,0,1,0,0,0,1,0,0,0,1,0,0,0,0,0,0,0,0,0
protriptyline,C19H21N,263.4,CNCCCC1C2=CC=CC=C2C=CC3=CC=CC=C13,4.4,12.0,296,1,1,4,20,0,263.167399674,263.384,4.301900000000003,12.03,1,1,4,3,2,1,0,0,1,0,0,0,0,0,0,1,0,1,0,0,0,0,0,0,0,0,0,1,0,0,1,0,1,0,0,0,0,0,1,0,1,0,0,0,0,1,0,0,0,0,1,0,1,0,0,0,0,0,0,0,0,0,0,0,0,1,0,0,0,1,0,0,0,0,0,0,0,0,0,0,1,0,0,1,0,1,1,0,0,0,0,1,0,1,0,0,0,0,0,0,0,0,0,0,0,1,0,0,0,0,0,0,0,0,0,0,0,0,0,0,1,0,0,0,1,0,0,0,1,0,0,0,0
pyrantel,C11H14N2S,206.31,CN1CCCN=C1C=CC2=CC=CS2,1.6,43.8,248,0,2,2,14,0,206.08776963,206.31400000000002,2.4953000000000003,15.6,0,3,2,2,1,0,0,0,0,1,0,0,1,0,0,0,0,0,0,1,0,0,0,0,0,0,0,0,0,0,0,0,0,0,1,1,1,1,1,0,1,0,0,0,1,0,0,0,0,0,0,0,0,0,0,0,0,0,0,1,0,0,1,0,0,0,0,1,0,1,0,0,1,0,0,0,0,1,0,0,1,0,1,0,0,0,1,1,1,0,0,1,0,1,0,0,0,0,0,0,0,0,0,0,0,1,0,0,0,0,0,0,1,0,0,0,0,0,1,0,0,0,0,0,0,0,1,1,0,0,0,0,1
pyridostigmine,C9H13N2O2+,181.21,C[N+]1=CC=CC(=C1)OC(=O)N(C)C,0.7,33.4,182,0,2,2,13,1,181.097702662,181.21499999999997,0.5714999999999999,33.42,0,2,1,1,1,0,0,0,0,0,0,0,0,0,0,1,1,0,0,0,0,0,0,1,0,0,0,1,0,0,0,0,0,0,0,0,0,0,1,0,0,0,0,0,1,0,0,0,0,0,0,0,0,0,0,1,1,0,1,0,1,0,0,0,0,0,0,0,0,1,1,1,0,0,0,0,0,1,0,0,0,0,0,0,1,0,1,0,0,0,0,1,0,0,0,0,0,0,0,1,0,0,0,0,0,1,0,0,0,0,0,0,1,0,0,0,1,0,1,0,0,1,1,0,0,1,0,0,0,0,1,1,0
mepyramine,C17H23N3O,285.4,CN(C)CCN(CC1=CC=C(C=C1)OC)C2=CC=CC=N2,3.3,28.6,277,0,4,7,21,0,285.184112366,285.391,2.6584000000000003,28.6,0,4,7,2,2,1,0,0,1,0,0,0,0,0,0,0,1,1,1,0,0,0,0,0,0,0,0,0,1,1,0,0,0,0,0,0,1,0,1,0,0,0,0,0,0,0,0,0,0,1,0,0,1,0,0,0,0,0,1,1,1,0,0,0,0,0,0,0,1,1,0,1,0,0,0,0,0,0,1,1,0,0,0,1,0,1,1,0,0,0,0,1,0,0,0,1,0,1,0,0,1,0,0,0,0,1,0,0,0,0,0,0,0,0,0,0,1,1,1,0,0,0,0,0,0,0,0,1,1,0,0,1,0
pyrimethamine,C12H13ClN4,248.71,CCC1=C(C(=NC(=N1)N)N)C2=CC=C(C=C2)Cl,2.7,77.8,243,2,4,2,17,0,248.0828741,248.717,2.5238000000000005,77.82,2,4,2,2,2,1,0,0,0,0,0,0,1,1,0,1,0,0,0,0,0,0,1,0,1,0,0,0,0,0,1,0,0,0,0,0,0,0,1,0,0,0,0,1,0,0,0,1,0,0,0,1,0,1,1,0,1,0,0,0,0,0,0,0,0,0,1,0,1,0,0,0,0,0,0,0,0,0,0,0,0,0,0,0,0,1,1,1,1,0,0,1,0,1,0,0,0,0,0,0,0,0,0,0,0,1,0,0,0,1,1,0,0,0,0,0,0,1,0,0,0,0,0,0,0,0,0,1,0,0,0,0,0
quazepam,C17H11ClF4N2S,386.8,C1C(=S)N(C2=C(C=C(C=C2)Cl)C(=N1)C3=CC=CC=C3F)CC(F)(F)F,4.0,47.7,539,0,6,2,25,0,386.0267599,386.80100000000004,5.026200000000002,15.6,0,2,2,3,2,0,0,0,0,0,0,0,1,1,0,1,0,0,0,0,1,0,0,0,1,0,0,0,0,0,0,0,0,0,0,1,0,0,0,0,0,0,1,0,1,0,0,0,0,0,1,0,1,1,1,0,0,0,1,0,0,0,0,0,1,0,0,0,0,1,0,1,1,0,0,1,1,0,0,0,1,1,0,0,0,1,1,0,0,1,1,1,0,1,0,0,0,0,0,0,0,1,1,0,0,1,0,0,0,0,0,0,1,0,0,0,1,1,1,1,0,0,0,0,1,0,0,1,1,1,0,0,0
quetiapine,C21H25N3O2S,383.5,C1CN(CCN1CCOCCO)C2=NC3=CC=CC=C3SC4=CC=CC=C42,2.1,73.6,496,1,5,6,27,0,383.16674822,383.5170000000001,2.8560000000000016,48.3,1,6,5,4,2,0,0,0,0,0,0,0,0,0,0,0,1,0,1,0,0,0,0,0,0,0,1,0,1,0,0,0,0,0,0,1,1,0,0,0,1,0,0,0,1,0,0,0,0,0,1,0,1,1,1,0,1,0,1,0,1,1,0,0,0,0,0,0,0,1,0,0,0,1,0,0,0,1,0,1,0,1,0,0,0,1,1,0,0,0,0,1,0,1,1,0,0,0,0,1,1,1,0,0,0,1,0,0,0,1,0,0,0,0,0,0,0,1,0,0,0,0,0,0,0,0,1,1,0,1,0,0,1
quinapril,C25H30N2O5,438.5,CCOC(=O)C(CCC1=CC=CC=C1)NC(C)C(=O)N2CC3=CC=CC=C3CC2C(=O)O,1.2,95.9,648,2,6,10,32,0,438.21547206,438.5240000000003,2.5671,95.94000000000001,2,5,9,3,2,1,1,0,0,0,1,0,0,0,0,1,0,0,0,0,0,0,0,0,1,0,1,0,1,1,1,1,1,1,0,1,0,0,1,0,0,0,0,1,1,1,0,1,0,1,0,0,1,0,0,1,0,0,0,0,1,0,0,1,0,0,1,0,0,1,0,0,0,0,0,0,0,0,1,0,0,0,0,1,0,1,1,0,1,1,0,1,0,0,0,1,1,0,1,0,0,1,1,0,1,1,0,0,1,0,0,0,0,1,0,0,0,0,0,1,0,1,0,0,1,0,0,0,1,0,1,0,0
rabeprazole,C18H21N3O3S,359.4,CC1=C(C=CN=C1CS(=O)C2=NC3=CC=CC=C3N2)OCCCOC,1.9,96.3,440,1,6,8,25,0,359.13036271,359.4510000000002,2.989420000000001,77.10000000000001,1,5,8,3,3,0,0,0,0,0,0,0,1,0,0,1,0,0,1,0,0,0,0,0,1,1,0,0,1,0,0,0,0,0,0,0,0,0,1,0,0,0,1,0,0,0,0,0,1,1,1,0,1,0,0,1,0,1,0,0,1,0,0,1,0,0,0,0,1,1,0,0,0,0,0,0,0,0,1,1,1,0,0,1,0,1,1,0,0,0,0,1,1,1,1,1,0,0,1,0,0,0,0,0,0,1,0,1,0,1,1,0,0,0,1,1,0,0,1,1,0,0,0,0,1,0,0,1,0,1,0,0,0
ephedrine,C10H15NO,165.23,CC(C(C1=CC=CC=C1)O)NC,0.9,32.3,121,2,2,3,12,0,165.115364102,165.236,1.3278999999999999,32.26,2,2,3,1,1,1,1,0,0,0,1,0,0,0,0,0,0,0,0,0,0,0,0,0,0,0,0,1,0,0,0,0,1,0,0,0,0,0,1,0,1,0,0,0,1,0,0,0,0,0,1,0,1,0,0,0,0,0,0,0,0,0,0,0,0,0,0,0,0,1,0,0,0,0,0,0,0,0,0,0,0,0,0,0,0,0,1,0,0,0,1,1,0,0,0,0,0,1,0,0,0,0,0,0,1,1,0,0,0,0,1,0,0,0,0,0,0,0,0,0,1,0,0,1,0,0,0,0,0,0,0,0,0
raloxifene,C28H27NO4S,473.6,C1CCN(CC1)CCOC2=CC=C(C=C2)C(=O)C3=C(SC4=C3C=CC(=C4)O)C5=CC=C(C=C5)O,6.1,98.2,655,2,6,7,34,0,473.16607952,473.59400000000016,6.075200000000007,70.0,2,6,7,5,4,1,0,1,0,1,0,0,0,1,1,1,0,0,1,1,0,0,0,0,0,0,1,0,0,1,0,0,0,0,0,1,0,0,1,1,1,0,0,0,1,1,0,0,0,1,0,1,0,1,0,0,0,0,0,0,1,0,0,0,0,0,0,0,0,0,0,1,0,0,1,0,0,1,0,1,0,0,1,1,0,1,1,0,0,0,0,1,0,0,0,0,0,0,0,0,0,0,0,0,0,1,0,1,0,0,1,0,1,1,0,0,1,0,0,1,0,0,1,0,0,0,1,0,0,0,1,1,1
ramipril,C23H32N2O5,416.5,CCOC(=O)C(CCC1=CC=CC=C1)NC(C)C(=O)N2C3CCCC3CC2C(=O)O,1.4,95.9,619,2,6,10,30,0,416.23112213,416.5180000000003,2.3831999999999995,95.94000000000001,2,5,9,3,1,1,1,0,0,1,1,0,0,0,0,1,1,1,0,0,0,0,1,0,1,1,1,0,1,0,1,1,1,0,0,1,0,0,1,0,0,0,0,1,1,1,0,1,0,1,1,0,1,0,0,0,1,0,0,0,1,0,0,1,0,0,1,0,0,1,0,0,0,0,0,0,0,0,1,0,0,0,0,0,0,1,1,0,1,0,0,1,0,0,0,1,1,1,1,0,0,1,1,0,1,1,0,0,0,0,0,0,0,1,0,0,0,0,0,1,0,1,0,0,0,0,0,0,1,0,1,0,1
ranitidine,C13H22N4O3S,314.41,CNC(=C[N+](=O)[O-])NCCSCC1=CC=C(O1)CN(C)C,0.3,112.0,347,2,7,9,21,0,314.14126175,314.41100000000006,1.4589999999999996,83.58,2,7,10,1,1,1,0,0,0,0,0,0,0,0,0,1,1,1,0,1,0,1,0,1,0,0,0,1,0,0,0,0,1,0,0,1,0,0,1,0,0,0,0,0,1,0,1,0,1,0,0,1,0,0,0,0,0,0,0,1,0,0,1,0,0,0,0,0,0,0,0,0,0,1,1,1,0,0,0,1,1,1,0,0,0,1,1,0,0,0,1,1,1,0,1,0,0,0,1,0,0,0,0,0,0,1,0,0,0,0,0,0,0,1,0,0,0,0,1,0,0,1,0,0,0,0,0,1,1,0,1,0,1
rapamycin,C51H79NO13,914.2,CC1CCC2CC(C(=CC=CC=CC(CC(C(=O)C(C(C(=CC(C(=O)CC(OC(=O)C3CCCCN3C(=O)C(=O)C1(O2)O)C(C)CC4CCC(C(C4)OC)O)C)C)O)OC)C)C)C)OC,6.0,195.0,1760,3,13,6,65,0,913.55514157,914.1870000000001,6.180600000000006,195.42999999999995,3,13,6,4,0,0,1,1,0,1,0,1,1,1,0,1,1,1,0,1,1,1,0,1,0,0,0,1,0,0,1,1,1,0,1,1,1,1,1,0,0,1,0,1,1,1,1,1,1,1,1,1,0,0,0,0,1,1,1,1,1,0,1,1,1,0,0,0,1,0,0,0,1,0,0,1,0,1,1,1,1,0,0,1,0,1,1,0,0,0,0,0,0,0,0,1,0,1,0,1,0,0,1,0,1,1,0,0,1,1,1,1,0,0,0,1,1,1,0,1,0,0,1,0,0,0,0,1,1,0,1,1,0
rescinnamine,C35H42N2O9,634.7,COC1C(CC2CN3CCC4=C(C3CC2C1C(=O)OC)NC5=C4C=CC(=C5)OC)OC(=O)C=CC6=CC(=C(C(=C6)OC)OC)OC,4.5,118.0,1080,1,10,11,46,0,634.28903092,634.7260000000002,4.570700000000004,117.78000000000002,1,10,9,6,3,1,0,0,0,0,0,0,0,0,0,1,0,1,1,1,0,1,1,0,0,0,0,1,1,0,0,1,0,1,0,1,1,1,1,1,0,1,1,0,1,0,1,1,0,1,0,1,0,1,1,1,0,1,1,1,1,0,0,0,0,1,1,1,1,0,0,1,1,1,1,0,0,1,1,1,0,1,1,1,1,0,1,1,1,0,0,1,0,0,0,1,0,0,0,0,0,0,0,0,1,1,0,1,0,0,1,0,1,0,0,1,0,0,1,0,0,1,0,0,1,0,1,0,1,0,1,0,0
reserpine,C33H40N2O9,608.7,COC1C(CC2CN3CCC4=C(C3CC2C1C(=O)OC)NC5=C4C=CC(=C5)OC)OC(=O)C6=CC(=C(C(=C6)OC)OC)OC,4.0,118.0,1000,1,10,10,44,0,608.27338086,608.6880000000003,4.171100000000004,117.78000000000002,1,10,8,6,3,1,0,0,0,0,0,0,0,0,0,1,0,1,1,0,0,1,1,0,0,0,0,1,1,0,0,1,0,0,0,1,0,1,1,1,0,0,1,0,1,0,1,1,0,1,0,1,1,0,0,1,0,1,1,0,1,0,0,0,0,1,1,1,1,0,0,1,0,0,1,0,0,1,1,1,0,1,1,1,1,0,1,1,1,0,0,1,0,0,0,1,0,0,0,0,0,1,0,0,1,1,0,1,0,0,1,0,1,0,0,1,0,0,1,0,0,1,0,0,1,0,1,0,1,0,1,0,0
ribavirin,C8H12N4O5,244.2,C1=NC(=NN1C2C(C(C(O2)CO)O)O)C(=O)N,-1.8,144.0,304,4,7,3,17,0,244.0807695,244.20699999999994,-3.0114999999999994,143.72000000000003,4,7,3,2,1,0,1,0,1,0,0,0,0,0,0,1,0,1,0,0,0,1,0,0,1,0,0,0,0,1,0,0,0,0,0,1,0,0,0,0,0,1,0,0,1,1,0,0,0,1,0,0,0,0,0,0,0,1,1,0,0,0,0,0,0,0,0,0,0,0,0,0,0,0,1,1,0,1,0,0,1,0,0,0,1,1,1,1,0,1,0,0,0,0,0,0,0,0,0,1,0,0,0,1,0,1,0,0,0,0,1,0,0,1,0,0,0,1,0,0,0,0,0,0,0,0,0,1,1,0,1,0,0
riluzole,C8H5F3N2OS,234.2,C1=CC2=C(C=C1OC(F)(F)F)SC(=N2)N,3.6,76.4,238,1,7,1,15,0,234.00746845,234.20199999999997,2.7771,48.14,1,4,1,2,2,0,1,0,0,0,1,0,0,1,0,0,0,0,0,0,0,0,1,0,1,0,1,0,0,0,0,0,0,0,0,0,0,0,0,1,1,1,0,0,0,0,0,0,0,0,1,0,0,1,1,0,0,0,0,0,1,0,0,0,0,0,0,0,1,0,1,1,0,0,0,0,0,0,1,0,0,0,0,1,0,0,1,0,0,0,0,1,0,0,0,0,0,0,0,0,0,0,0,0,0,1,0,0,0,1,0,0,1,0,1,0,0,1,0,1,0,0,1,0,0,0,1,1,0,0,1,0,0
rimantadine,C12H21N,179.3,CC(C12CC3CC(C1)CC(C3)C2)N,2.6,26.0,180,1,1,1,13,0,179.167399674,179.30699999999996,2.55,26.02,1,1,1,4,0,0,1,1,0,0,0,0,0,0,0,0,0,1,0,0,0,0,0,1,1,0,0,0,0,0,0,0,1,0,0,1,0,0,1,0,1,1,0,1,1,0,0,0,0,0,0,0,0,0,0,0,0,0,0,0,0,1,0,0,0,0,0,0,0,0,0,1,0,0,0,0,0,0,0,0,0,1,0,0,0,0,0,0,0,0,0,0,0,0,0,0,0,0,0,0,0,0,0,0,0,0,0,0,0,0,0,0,1,0,0,0,0,0,0,0,0,0,0,0,0,0,0,0,1,0,1,0,0
risperidone,C23H27FN4O2,410.5,CC1=C(C(=O)N2CCCCC2=N1)CCN3CCC(CC3)C4=NOC5=C4C=CC(=C5)F,2.7,61.9,731,0,6,4,30,0,410.21180428,410.49300000000017,3.5904200000000026,64.16,0,5,4,5,3,0,0,1,0,1,0,1,0,1,1,1,0,0,0,0,0,1,0,0,0,0,0,0,0,0,0,0,0,0,0,1,0,0,1,1,0,0,1,0,1,0,1,0,0,1,1,0,0,0,0,0,1,0,0,1,1,0,0,1,1,0,0,0,1,0,0,0,0,0,1,0,0,1,0,1,0,0,1,1,1,1,1,0,0,0,0,1,0,1,0,1,1,1,0,0,0,0,0,0,0,1,0,0,0,0,1,0,1,0,1,1,0,1,0,1,0,1,1,1,0,1,1,1,1,0,0,0,1
ritonavir,C37H48N6O5S2,720.9,CC(C)C1=NC(=CS1)CN(C)C(=O)NC(C(C)C)C(=O)NC(CC2=CC=CC=C2)CC(C(CC3=CC=CC=C3)NC(=O)OCC4=CN=CS4)O,6.0,202.0,1040,4,9,18,50,0,720.312761,720.9620000000002,5.905200000000007,145.78,4,9,17,4,4,1,1,0,0,0,1,1,0,0,1,1,1,0,0,0,1,1,0,1,1,0,0,0,0,0,0,1,1,0,0,0,1,0,1,0,1,0,1,0,1,1,0,1,1,0,0,0,1,1,0,0,1,1,0,0,1,0,0,0,1,0,1,0,1,1,1,0,1,1,1,1,1,0,0,1,1,0,0,1,1,1,1,0,1,1,0,1,0,0,1,1,0,0,0,1,0,0,0,0,1,1,0,0,0,1,1,0,1,0,1,1,0,0,1,0,0,0,1,0,1,1,0,1,1,0,1,0,1
rivastigmine,C14H22N2O2,250.34,CCN(C)C(=O)OC1=CC=CC(=C1)C(C)N(C)C,2.3,32.8,269,0,3,5,18,0,250.168127949,250.34199999999998,2.7597000000000014,32.78,0,3,4,1,1,0,1,0,0,0,0,0,0,1,0,1,1,0,0,0,1,0,0,1,0,0,0,0,0,0,0,0,1,0,0,0,1,0,1,0,0,1,0,1,1,0,0,0,1,0,1,0,0,0,0,1,0,1,0,0,1,0,0,0,0,0,0,0,0,1,1,1,0,1,0,0,0,0,0,0,0,0,0,1,0,1,1,0,0,0,1,1,0,0,0,0,0,0,0,0,0,0,0,0,0,1,0,0,0,0,0,0,1,0,0,0,1,0,1,0,0,1,0,0,0,1,0,0,0,0,1,0,0
rizatriptan,C15H19N5,269.34,CN(C)CCC1=CNC2=C1C=C(C=C2)CN3C=NC=N3,1.7,49.7,309,1,3,5,20,0,269.16404563,269.352,1.9118,49.74,1,3,5,3,3,1,0,0,1,0,0,0,0,0,1,0,1,1,0,0,0,0,1,0,1,0,0,0,0,0,0,0,0,0,0,0,1,0,1,0,0,1,1,1,1,0,0,0,1,0,0,0,0,0,0,0,0,0,1,1,0,0,0,0,0,0,0,0,0,0,0,0,1,0,1,0,0,1,0,0,0,0,1,0,0,1,1,0,0,0,0,1,1,1,0,1,1,1,0,0,0,0,0,0,0,1,1,0,0,1,1,0,1,1,0,0,0,0,1,1,0,0,0,0,1,0,0,1,0,0,0,0,0
rofecoxib,C17H14O4S,314.4,CS(=O)(=O)C1=CC=C(C=C1)C2=C(C(=O)OC2)C3=CC=CC=C3,2.3,68.8,556,0,4,3,22,0,314.0612801,314.36199999999997,2.5577000000000005,60.44,0,4,3,3,2,1,0,0,1,0,1,0,0,1,0,1,0,0,0,0,0,1,0,0,0,0,0,0,0,0,0,0,0,0,0,1,0,0,1,0,0,1,0,0,0,0,0,0,0,0,0,0,1,0,0,0,0,1,1,0,0,0,1,1,0,0,0,0,1,1,0,0,0,1,0,0,0,0,0,0,1,0,0,0,0,0,1,0,0,0,0,1,0,0,1,0,0,0,0,1,0,1,1,1,0,1,0,0,0,0,0,0,0,0,0,0,0,0,0,0,0,0,0,1,0,0,0,0,0,1,0,0,0
ropinirole,C16H24N2O,260.37,CCCN(CCC)CCC1=C2CC(=O)NC2=CC=C1,2.7,32.3,286,1,2,7,19,0,260.188863393,260.381,2.845700000000001,32.34,1,2,7,2,1,0,1,0,0,0,0,0,0,0,0,1,0,0,1,0,1,0,1,0,0,1,0,0,1,0,0,1,0,1,0,1,1,0,1,1,0,1,0,1,1,0,0,0,0,0,0,0,0,1,0,0,0,0,0,0,0,0,0,1,0,0,1,1,0,1,0,0,0,0,1,0,0,0,0,0,0,0,0,0,0,1,1,0,0,0,0,1,0,1,0,1,1,0,0,0,0,0,1,0,0,1,0,0,0,0,1,0,0,0,0,1,0,0,1,0,0,0,0,0,0,0,0,0,1,0,0,0,0
roxithromycin,C41H76N2O15,837.0,CCC1C(C(C(C(=NOCOCCOC)C(CC(C(C(C(C(C(=O)O1)C)OC2CC(C(C(O2)C)O)(C)OC)C)OC3C(C(CC(O3)C)N(C)C)O)(C)O)C)C)O)(C)O,3.1,217.0,1310,5,17,13,58,0,836.52456972,837.0580000000001,2.2096000000000067,216.89,5,17,13,3,0,0,1,1,0,1,0,0,0,0,1,1,1,1,1,0,1,1,0,0,1,0,1,1,1,0,0,0,0,0,1,1,0,0,1,0,0,1,0,1,1,0,0,1,1,0,1,1,1,1,0,0,0,0,0,1,1,0,0,1,0,0,1,0,0,1,1,0,0,0,1,0,1,1,1,0,0,0,0,1,1,1,0,1,1,0,1,1,0,0,0,0,0,0,1,0,0,0,0,0,1,1,1,1,1,0,1,0,0,0,1,1,1,0,1,1,1,0,0,1,1,1,0,1,1,1,1,0,0
salmeterol,C25H37NO4,415.6,C1=CC=C(C=C1)CCCCOCCCCCCNCC(C2=CC(=C(C=C2)O)CO)O,3.9,82.0,403,4,5,16,30,0,415.27225866,415.57400000000007,4.1074000000000055,81.95,4,5,16,2,2,1,1,0,1,0,1,0,0,0,0,0,0,0,1,0,0,0,0,0,0,0,1,0,0,0,0,1,1,0,0,0,0,1,0,0,1,1,1,0,1,0,0,1,0,0,1,0,1,0,0,0,1,0,0,0,1,0,0,0,0,0,1,0,0,1,1,1,1,0,1,0,1,1,0,0,0,0,0,0,0,1,1,1,0,0,1,1,0,0,0,1,1,0,0,1,0,0,1,0,1,1,0,0,0,0,0,0,1,1,0,0,0,0,0,0,0,0,0,0,1,1,0,0,0,0,0,0,0
stavudine,C10H12N2O4,224.21,CC1=CN(C(=O)NC1=O)C2C=CC(O2)CO,-0.8,78.9,388,2,4,2,16,0,224.07970687,224.216,-0.7090800000000002,84.32000000000001,2,4,2,2,1,1,1,0,0,0,0,0,0,0,0,1,0,0,0,0,0,1,0,0,0,0,0,0,0,1,0,0,0,0,0,0,0,0,1,0,1,0,0,0,1,0,0,0,0,0,0,0,0,0,0,0,0,0,0,0,0,0,0,1,1,0,1,0,0,0,1,0,1,0,0,0,0,0,0,1,0,0,0,0,0,1,1,0,0,0,0,0,0,0,0,1,0,0,0,1,0,0,0,0,0,1,0,0,1,1,0,0,0,1,0,1,1,0,0,0,0,0,0,1,1,1,1,0,1,0,0,0,0
salsalate,C14H10O5,258.23,C1=CC=C(C(=C1)C(=O)OC2=CC=CC=C2C(=O)O)O,3.0,83.8,341,2,5,4,19,0,258.05282342,258.229,2.3096,83.83000000000001,2,4,3,2,2,0,0,1,0,0,1,0,0,0,0,1,0,0,1,0,0,0,1,0,0,0,0,0,1,0,0,0,0,0,0,0,0,0,0,0,0,0,0,0,1,0,0,0,0,0,0,0,1,0,0,1,0,0,0,1,1,0,0,0,1,0,0,0,0,1,1,1,0,0,0,0,1,1,0,0,0,0,0,0,0,1,1,0,0,0,0,1,0,0,0,0,0,0,0,0,0,0,0,0,0,1,0,0,0,0,0,0,0,0,0,0,0,0,0,0,0,0,0,0,0,1,0,0,0,0,1,0,0
scopolamine,C17H21NO4,303.35,CN1C2CC(CC1C3C2O3)OC(=O)C(CO)C4=CC=CC=C4,0.9,62.3,418,1,5,5,22,0,303.14705815,303.35799999999995,0.9180999999999993,62.3,1,5,4,4,1,0,1,0,0,0,1,0,0,0,0,1,0,1,0,0,0,1,0,1,1,0,0,1,0,0,1,0,0,0,0,1,0,0,1,0,1,0,0,0,1,0,1,0,0,0,1,0,1,0,0,0,0,1,0,0,1,0,0,0,0,0,0,0,0,1,0,0,0,0,0,0,0,0,0,0,0,0,0,0,0,1,1,0,0,0,1,1,0,0,1,0,0,0,1,1,0,0,0,1,0,1,0,1,0,0,0,0,0,0,0,0,1,0,0,0,0,0,0,0,1,0,1,0,1,1,1,0,0
secobarbital,C12H18N2O3,238.28,CCCC(C)C1(C(=O)NC(=O)NC1=O)CC=C,2.0,75.3,343,2,3,5,17,0,238.13174244,238.28699999999998,1.3510999999999997,75.27000000000001,2,3,5,1,0,0,1,0,0,0,0,1,0,0,0,1,0,1,0,0,0,0,0,0,0,0,0,0,0,0,0,1,1,0,0,0,0,1,1,0,0,1,0,1,0,0,0,0,0,1,0,0,1,0,0,0,0,0,0,1,0,1,0,1,0,0,0,0,0,0,0,0,0,0,0,0,0,0,1,0,0,0,1,0,0,1,0,0,0,0,0,1,0,0,0,1,0,0,0,0,0,0,0,0,1,1,0,1,0,0,0,0,0,0,1,0,0,0,0,0,1,0,0,0,0,0,0,0,0,0,0,0,0
deprenyl,C13H17N,187.28,CC(CC1=CC=CC=C1)N(C)CC#C,2.8,3.2,195,0,1,4,14,0,187.136099547,187.28599999999994,2.1826,3.24,0,1,4,1,1,0,1,0,0,0,1,0,0,0,0,0,1,0,0,0,0,0,0,0,1,0,0,0,0,0,0,0,1,0,0,0,0,0,1,1,0,0,1,1,0,0,0,1,0,0,0,1,1,0,0,0,0,0,0,1,0,0,0,0,0,0,0,0,0,1,0,0,0,0,0,0,1,0,0,0,0,0,1,1,1,1,1,0,0,0,0,1,0,0,1,1,0,0,0,0,0,0,0,0,0,1,0,0,0,0,0,0,0,0,0,0,0,0,1,0,0,0,0,0,0,0,0,0,0,0,0,0,0
sertraline,C17H17Cl2N,306.2,CNC1CCC(C2=CC=CC=C12)C3=CC(=C(C=C3)Cl)Cl,4.8,12.0,322,1,1,2,20,0,305.0738049,306.236,5.179600000000003,12.03,1,1,2,3,2,1,0,0,1,0,0,0,0,0,0,0,1,0,0,1,0,0,0,1,1,0,0,1,0,0,1,1,0,0,0,1,0,0,1,0,0,1,0,0,1,0,0,0,0,0,1,0,1,0,1,0,0,0,0,0,0,0,0,1,0,0,0,0,0,1,1,0,0,0,0,0,0,0,0,0,0,0,0,0,0,1,1,0,0,0,0,1,0,0,0,0,0,0,0,0,1,0,0,0,0,1,0,0,0,0,0,0,1,0,0,1,0,0,0,1,1,1,0,0,0,0,0,1,1,0,0,1,1
sevoflurane,C4H3F7O,200.05,C(OC(C(F)(F)F)C(F)(F)F)F,2.8,9.2,121,0,8,2,12,0,200.00721185,200.05299999999997,2.4232000000000005,9.23,0,1,2,0,0,1,1,0,0,0,0,0,0,1,0,0,0,0,0,0,1,0,0,0,0,0,0,0,0,0,0,0,0,0,0,0,0,0,0,0,0,0,0,0,0,0,0,0,0,0,1,0,0,0,0,0,0,0,0,0,1,0,0,0,0,1,0,0,0,1,0,0,0,0,0,0,0,0,0,0,0,0,0,0,0,1,0,0,0,0,0,0,1,0,0,0,1,0,0,0,0,0,0,0,0,0,0,0,0,0,0,0,0,0,0,0,0,1,0,1,0,0,1,0,0,0,0,0,0,0,0,0,0
sibutramine,C17H26ClN,279.8,CC(C)CC(C1(CCC1)C2=CC=C(C=C2)Cl)N(C)C,5.4,3.2,275,0,1,5,19,0,279.1753775,279.8550000000001,4.738000000000005,3.24,0,1,5,2,1,0,1,0,1,1,0,0,0,0,0,1,1,0,0,0,0,0,1,0,1,0,0,0,0,0,0,0,1,0,0,1,0,0,1,0,0,1,0,0,1,1,0,0,0,1,0,1,0,1,1,0,0,0,1,0,1,0,0,0,0,0,0,0,0,0,1,0,0,0,0,0,0,0,0,0,1,1,0,0,0,1,1,0,0,0,0,1,0,1,0,0,0,1,0,0,0,0,0,0,0,1,0,0,0,0,0,0,0,1,0,0,0,0,1,0,0,0,0,0,1,0,0,0,0,0,0,0,0
sildenafil,C22H30N6O4S,474.6,CCCC1=NN(C2=C1N=C(NC2=O)C3=C(C=CC(=C3)S(=O)(=O)N4CCN(CC4)C)OCC)C,1.5,118.0,838,1,8,7,33,0,474.20492463,474.5870000000004,1.6109,113.42,1,7,7,4,3,0,0,0,0,0,0,0,0,0,0,1,0,1,1,1,0,0,0,0,0,0,0,0,0,0,0,1,0,0,0,1,0,1,1,0,0,1,0,1,1,0,1,0,0,1,0,0,0,0,0,1,0,1,0,0,1,0,0,1,0,1,0,1,1,0,1,0,0,1,0,0,0,1,1,0,1,0,1,0,1,1,1,0,0,1,1,1,0,0,0,1,1,0,0,1,0,1,0,0,0,1,1,0,0,0,1,0,1,0,1,1,0,0,0,0,0,0,1,0,0,0,1,1,0,0,0,0,0
silver,Ag,107.868,[Ag],,0.0,0,0,0,0,1,0,106.90509,107.868,-0.0025,0.0,0,0,0,0,0,0,0,0,0,0,0,0,0,0,0,0,0,0,0,0,0,0,0,0,0,0,0,0,0,0,0,0,0,0,0,0,1,0,0,0,0,0,0,0,0,0,0,0,0,0,0,0,0,0,0,0,0,0,0,0,0,0,0,0,0,0,0,0,0,0,0,0,0,0,0,0,0,0,0,0,0,0,0,0,0,0,0,0,0,0,0,0,0,0,0,0,0,0,0,0,0,0,0,0,0,0,0,0,0,0,0,0,0,0,0,0,0,0,0,0,0,0,0,0,0,0,0,0,0,0,0,0,0
sulfadiazine,C10H10N4O2S,250.28,C1=CN=C(N=C1)NS(=O)(=O)C2=CC=C(C=C2)N,-0.1,106.0,327,2,6,3,17,0,250.05244675,250.283,0.8595999999999999,97.97,2,5,3,2,2,1,0,0,0,1,0,0,0,0,0,1,0,1,0,0,0,1,0,0,1,0,0,0,0,0,0,0,1,0,0,0,0,0,0,0,0,0,0,0,0,0,0,0,0,1,0,1,0,0,1,0,0,0,0,0,0,0,0,0,0,0,0,0,1,1,0,0,0,1,0,0,0,0,0,1,1,0,0,0,0,1,1,0,0,0,0,1,0,0,0,0,0,0,0,1,0,0,0,0,0,1,0,0,0,0,0,0,0,0,0,0,0,0,0,0,1,0,0,1,0,1,0,1,0,0,0,0,0
risedronate,C7H11NO7P2,283.11,C1=CC(=CN=C1)CC(O)(P(=O)(O)O)P(=O)(O)O,-3.1,148.0,339,5,8,4,17,0,283.00107569,283.11299999999994,-0.3744000000000003,148.18,5,4,4,1,1,0,0,0,0,0,1,0,0,0,0,1,0,0,0,0,0,0,0,0,1,0,0,0,0,0,0,0,0,0,0,0,0,0,0,0,0,0,0,0,1,0,0,1,0,0,0,1,0,0,0,1,0,0,1,0,0,0,0,0,0,0,0,0,0,1,0,0,1,0,0,0,0,0,0,1,0,0,0,0,0,1,1,0,0,0,0,1,0,0,0,1,0,1,0,0,0,0,0,1,0,1,0,1,0,0,0,1,0,0,0,0,0,0,0,1,0,1,0,0,0,1,1,1,0,0,0,1,1
sotalol,C12H20N2O3S,272.37,CC(C)NCC(C1=CC=C(C=C1)NS(=O)(=O)C)O,0.2,86.8,330,3,5,6,18,0,272.11946368,272.37,1.0895,78.42999999999999,3,4,6,1,1,1,1,0,0,1,0,0,1,0,0,1,0,0,0,1,0,0,0,0,0,0,1,0,0,0,1,0,1,0,0,0,0,0,1,0,0,0,0,1,1,0,0,0,0,0,0,0,0,0,0,0,0,1,1,0,0,0,0,0,0,1,1,0,1,0,0,0,0,1,0,0,0,0,0,0,1,0,0,0,0,1,1,1,0,0,1,1,0,0,0,0,0,0,0,1,0,0,0,0,1,1,0,0,0,0,0,0,0,0,0,1,0,0,0,0,0,0,0,1,0,1,0,0,0,0,0,0,0
sparfloxacin,C19H22F2N4O3,392.4,CC1CN(CC(N1)C)C2=C(C(=C3C(=C2F)N(C=C(C3=O)C(=O)O)C4CC4)N)F,0.1,98.9,691,3,9,3,28,0,392.1659969,392.4060000000001,2.0815999999999995,100.58999999999999,3,5,3,4,2,1,0,0,1,0,1,1,0,1,0,1,0,0,1,0,0,0,1,1,1,1,0,0,1,0,0,0,0,0,1,1,0,1,1,0,0,0,1,0,1,1,0,0,0,0,1,0,0,0,1,0,0,0,0,0,0,0,0,1,1,0,0,0,0,1,1,1,0,0,1,1,1,1,0,0,0,0,0,0,0,1,1,1,1,0,0,0,0,1,0,1,0,1,0,0,0,0,0,0,1,1,0,0,0,0,0,0,0,0,0,0,0,1,0,0,0,0,0,1,0,0,0,1,1,0,1,0,0
spironolactone,C24H32O4S,416.6,CC(=O)SC1CC2=CC(=O)CCC2(C3C1C4CCC5(C4(CC3)C)CCC(=O)O5)C,2.9,85.7,818,0,5,2,29,0,416.20213067,416.5830000000003,4.852300000000005,60.44,0,5,1,5,0,0,0,1,0,0,0,1,1,0,0,1,0,0,0,0,1,1,1,0,0,0,1,0,0,0,0,0,0,1,0,1,0,0,1,0,0,1,0,0,1,0,0,0,1,0,1,0,0,0,1,1,0,0,1,1,1,0,0,1,0,0,1,0,0,0,1,0,0,1,0,0,0,1,1,1,0,0,0,0,0,0,1,0,1,1,0,1,0,1,1,0,0,1,0,0,1,0,0,0,0,1,0,0,1,0,0,0,0,0,0,1,0,0,0,1,0,1,1,0,1,1,1,1,1,0,1,0,0
imatinib,C29H31N7O,493.6,CC1=C(C=C(C=C1)NC(=O)C2=CC=C(C=C2)CN3CCN(CC3)C)NC4=NC=CC(=N4)C5=CN=CC=C5,3.5,86.3,706,2,7,7,37,0,493.25900864,493.61500000000024,4.590320000000003,86.28000000000002,2,7,7,5,4,1,1,0,1,0,0,0,0,1,0,1,0,0,0,1,1,1,0,1,1,0,0,0,0,1,0,0,1,0,1,1,0,0,1,0,0,1,0,0,1,0,0,0,1,1,0,1,0,0,0,1,0,0,1,1,0,1,0,1,0,0,1,0,1,1,0,0,1,0,0,0,0,1,0,1,1,0,0,0,1,1,1,0,0,1,0,1,0,0,0,1,0,0,0,0,0,1,0,0,0,1,1,1,0,0,1,0,1,0,0,0,1,0,0,0,0,1,0,0,0,0,1,1,0,0,1,0,1
streptomycin,C21H39N7O12,581.6,CC1C(C(C(O1)OC2C(C(C(C(C2O)O)N=C(N)N)O)N=C(N)N)OC3C(C(C(C(O3)CO)O)O)NC)(C=O)O,-8.0,336.0,940,12,15,9,40,0,581.2656697,581.5800000000003,-8.161100000000014,336.42999999999995,12,15,9,3,0,1,1,1,0,1,0,0,0,0,0,1,0,1,0,0,1,1,1,0,1,0,0,1,0,1,0,0,0,0,1,1,0,0,1,0,0,1,0,0,1,0,1,0,1,0,0,0,0,0,0,1,0,1,1,1,1,0,1,0,0,1,0,0,0,1,1,0,0,0,0,0,1,0,1,0,1,0,0,1,1,1,0,1,0,0,1,0,0,1,0,0,0,0,1,1,1,0,1,1,0,1,1,0,0,0,1,0,0,1,0,0,0,0,1,0,0,0,1,0,1,0,0,0,1,0,0,0,0
streptozotocin,C8H15N3O7,265.22,CN(C(=O)NC1C(C(C(OC1O)CO)O)O)N=O,-1.4,152.0,315,5,8,2,18,0,265.09099983,265.222,-2.890899999999998,151.92000000000002,5,8,3,1,0,1,1,1,1,1,0,0,0,0,0,1,1,0,0,0,0,1,0,0,0,0,0,0,0,0,0,0,0,0,0,0,1,0,1,0,0,0,0,0,1,0,0,0,0,0,0,0,1,1,0,0,0,1,0,0,0,0,0,0,0,0,0,0,0,1,1,0,0,0,0,0,0,0,0,0,0,0,1,1,1,1,0,1,1,0,1,0,0,0,0,0,0,0,0,1,0,0,0,1,0,1,0,0,0,0,1,0,0,1,0,0,0,0,1,1,0,0,0,0,0,0,0,0,1,0,1,0,0
vorinostat,C14H20N2O3,264.32,C1=CC=C(C=C1)NC(=O)CCCCCCC(=O)NO,1.9,78.4,276,3,3,8,19,0,264.1473925,264.3249999999999,2.4710999999999994,78.43,3,3,8,1,1,1,0,0,0,0,1,0,0,0,0,1,0,0,0,0,0,0,0,0,0,0,0,0,0,1,0,0,0,1,0,0,0,0,0,0,0,0,0,0,1,0,1,0,0,0,0,0,1,0,0,0,0,0,1,1,0,0,0,0,1,0,0,0,1,1,0,0,0,0,0,0,0,0,0,0,0,0,0,0,0,1,1,0,0,0,0,1,0,0,0,0,0,0,0,0,1,0,0,0,0,1,0,1,0,0,0,0,0,0,0,1,0,0,0,0,1,0,0,0,1,0,0,0,0,0,1,0,0
succinylcholine,C14H30N2O4+2,290.4,C[N+](C)(C)CCOC(=O)CCC(=O)OCC[N+](C)(C)C,0.6,52.6,284,0,4,11,20,2,290.22055744,290.404,0.2654000000000025,52.60000000000001,0,4,9,0,0,0,0,0,0,0,0,0,0,0,0,1,0,0,1,0,1,0,1,0,1,0,0,0,0,0,0,0,0,1,0,1,0,0,1,0,0,0,1,0,1,0,0,0,0,1,0,0,0,0,0,0,0,0,0,0,1,0,0,0,0,0,0,0,1,0,0,0,0,0,0,0,0,0,0,0,0,0,0,0,0,1,0,0,0,0,0,0,0,0,0,0,0,0,0,0,0,0,0,0,0,0,0,0,0,0,0,1,0,0,0,0,0,0,0,0,0,1,0,0,0,0,0,0,0,0,1,0,0
sulconazole,C18H15Cl3N2S,397.7,C1=CC(=CC=C1CSC(CN2C=CN=C2)C3=C(C=C(C=C3)Cl)Cl)Cl,6.1,43.1,379,0,2,6,24,0,396.002153,397.7579999999999,6.5180000000000025,17.82,0,2,6,3,3,0,1,1,0,0,0,0,0,0,0,0,0,0,0,0,0,0,0,0,1,0,0,0,0,0,0,0,1,0,1,0,0,0,0,0,0,1,1,0,1,0,0,0,0,0,0,1,0,1,1,0,0,0,0,1,1,0,1,0,0,0,0,0,0,0,0,0,1,0,0,0,0,0,0,1,1,0,1,0,1,1,1,0,0,1,0,1,0,1,0,1,0,0,1,0,0,0,0,0,0,1,0,1,0,0,0,0,1,0,1,1,1,0,0,0,1,1,0,1,0,0,0,1,0,0,0,0,0
sulfacetamide,C8H10N2O3S,214.24,CC(=O)NS(=O)(=O)C1=CC=C(C=C1)N,-1.0,97.6,299,2,4,2,14,0,214.04121336,214.246,0.09360000000000002,89.26,2,4,2,1,1,1,0,0,0,0,0,0,0,0,0,1,0,1,0,0,0,1,0,0,1,0,0,1,0,0,0,0,0,0,0,0,0,0,1,0,0,0,0,0,1,0,0,0,0,0,0,0,0,0,1,0,1,0,0,0,0,0,0,0,0,0,0,0,1,1,0,0,0,1,0,0,0,0,0,0,1,0,0,0,0,0,1,0,0,0,0,1,0,0,0,0,0,0,0,1,0,0,0,0,0,1,0,0,0,0,0,0,0,0,0,0,0,0,0,0,1,0,1,1,0,1,1,0,0,0,1,0,0
sulfamethoxazole,C10H11N3O3S,253.28,CC1=CC(=NO1)NS(=O)(=O)C2=CC=C(C=C2)N,0.9,107.0,346,2,6,3,17,0,253.05211239,253.28300000000002,1.3660199999999998,98.22,2,5,3,2,2,1,0,0,0,1,0,1,0,0,0,1,1,1,0,0,0,1,0,0,1,0,0,0,0,0,0,0,0,0,0,0,0,1,1,0,0,0,0,0,0,0,0,0,0,0,0,0,0,0,1,0,0,0,0,0,0,1,0,1,0,0,0,0,1,0,0,0,0,1,0,0,0,0,0,0,1,0,0,1,0,0,1,0,0,0,0,1,0,0,0,0,0,0,0,1,0,0,0,0,0,1,0,0,0,0,0,0,1,0,0,0,0,0,0,0,1,0,0,1,0,1,0,1,0,0,0,0,0
sulfonamide,C6H8N2O2S,172.21,C1=CC(=CC=C1N)S(=O)(=O)N,-0.6,94.6,211,2,4,1,11,0,172.03064868,172.20899999999997,-0.08379999999999999,86.18,2,3,1,1,1,0,0,0,0,0,0,0,0,0,0,1,0,1,0,0,0,1,0,0,1,0,0,0,0,0,0,0,0,0,0,0,0,0,0,0,0,0,0,0,0,0,0,0,0,0,1,0,0,0,1,0,0,0,0,0,0,0,0,0,0,0,0,0,1,0,1,0,0,1,0,0,1,0,0,0,1,0,0,0,0,0,1,0,0,0,0,1,0,0,0,0,0,0,0,1,0,0,0,0,0,1,0,0,0,0,0,0,0,0,0,0,0,0,0,0,0,0,0,0,0,1,0,0,0,0,0,0,0
sulindac,C20H17FO3S,356.4,CC1=C(C2=C(C1=CC3=CC=C(C=C3)S(=O)C)C=CC(=C2)F)CC(=O)O,3.4,73.6,616,1,5,4,25,0,356.08824374,356.41800000000006,4.365500000000003,54.370000000000005,1,2,4,3,2,0,0,1,0,0,1,1,0,1,0,1,0,0,0,0,0,0,0,1,0,0,1,0,0,0,1,1,0,0,0,0,0,0,1,1,0,0,0,0,1,1,0,0,1,0,0,0,0,0,0,0,0,0,0,1,0,0,0,1,1,0,0,0,0,0,0,0,0,1,1,1,0,0,1,1,1,0,1,0,1,1,1,0,0,0,0,1,0,0,0,0,0,0,0,1,0,1,0,1,0,1,0,0,0,0,0,1,1,0,1,0,0,0,1,0,0,0,0,0,0,0,0,0,0,0,1,0,0
sumatriptan,C14H21N3O2S,295.4,CNS(=O)(=O)CC1=CC2=C(C=C1)NC=C2CCN(C)C,0.9,73.6,405,2,4,6,20,0,295.13544809,295.408,1.3212,65.2,2,3,6,2,2,1,0,0,1,0,1,0,0,1,0,1,1,1,0,0,0,0,1,0,1,0,0,1,0,0,0,0,0,0,0,0,1,0,1,0,0,0,0,1,0,0,1,1,0,0,0,0,0,0,0,0,0,0,1,1,0,0,0,0,0,0,0,0,0,0,0,0,0,1,1,0,0,1,0,1,0,0,1,0,0,1,1,0,0,0,0,1,1,1,0,1,1,1,0,1,0,0,0,0,0,1,0,1,0,0,0,0,1,1,0,0,0,0,1,0,0,0,0,0,1,0,0,0,0,0,0,0,0
suprofen,C14H12O3S,260.31,CC(C1=CC=C(C=C1)C(=O)C2=CC=CS2)C(=O)O,3.3,82.6,321,1,4,4,18,0,260.05071541,260.31399999999996,3.167200000000001,54.370000000000005,1,3,4,2,2,0,1,0,0,1,1,0,0,0,1,1,0,0,0,1,0,0,0,0,1,0,0,0,0,0,1,0,1,0,0,0,1,0,1,0,1,0,1,0,1,0,0,0,0,0,0,0,0,0,0,0,0,1,0,0,0,0,0,0,0,1,1,0,0,1,0,0,0,0,0,0,0,0,0,0,0,0,0,0,1,0,1,0,0,0,1,1,0,0,0,0,0,0,0,0,0,0,0,0,0,1,0,0,0,0,1,0,0,0,0,0,1,0,1,0,0,0,0,0,0,0,0,1,0,0,1,0,1
tacrolimus,C44H69NO12,804.0,CC1CC(C2C(CC(C(O2)(C(=O)C(=O)N3CCCCC3C(=O)OC(C(C(CC(=O)C(C=C(C1)C)CC=C)O)C)C(=CC4CCC(C(C4)OC)O)C)O)C)OC)OC,2.7,178.0,1480,3,12,7,57,0,803.48197664,804.0310000000002,4.639000000000004,178.35999999999999,3,12,7,4,0,1,1,1,0,1,0,0,1,0,0,1,0,1,0,0,1,1,0,1,0,0,0,1,0,0,0,0,0,0,1,1,0,1,1,0,1,1,0,0,1,1,1,0,0,1,1,1,0,0,1,0,0,1,1,1,1,0,1,1,1,0,0,0,1,1,0,1,0,0,0,1,0,1,1,0,0,0,0,1,1,1,1,0,0,0,1,1,0,0,0,0,0,0,1,1,0,0,0,0,1,1,0,0,1,1,1,1,0,1,1,1,1,1,0,1,0,0,0,0,0,1,1,1,1,1,1,0,0
tamoxifen,C26H29NO,371.5,CCC(=C(C1=CC=CC=C1)C2=CC=C(C=C2)OCCN(C)C)C3=CC=CC=C3,7.1,12.5,463,0,2,8,28,0,371.224914549,371.52400000000006,5.996100000000006,12.47,0,2,8,3,3,0,0,1,0,0,1,0,0,0,0,1,1,1,1,0,0,0,0,1,0,0,0,0,0,0,0,0,0,0,0,0,1,0,1,0,0,1,0,1,1,0,0,0,0,1,0,0,1,1,0,1,0,0,1,0,1,0,0,0,1,0,0,0,0,1,1,1,0,0,0,0,0,0,0,0,0,0,0,1,0,1,1,0,0,0,0,1,0,0,0,0,0,0,0,0,0,0,0,0,0,1,0,1,0,1,1,0,0,0,0,0,0,1,1,0,0,0,0,0,0,0,0,0,0,0,0,0,0
gatifloxacin,C19H22FN3O4,375.4,CC1CN(CCN1)C2=C(C=C3C(=C2OC)N(C=C(C3=O)C(=O)O)C4CC4)F,-0.7,82.1,653,2,8,4,27,0,375.15943435,375.40000000000015,1.9803999999999997,83.8,2,5,4,4,2,1,1,0,0,0,1,0,0,1,0,1,0,0,1,0,0,0,0,1,0,0,0,0,1,0,0,0,0,0,1,1,0,1,1,0,0,1,0,0,1,1,0,0,0,0,1,0,0,1,1,0,0,1,0,0,1,0,1,1,1,1,0,0,1,0,1,1,0,0,1,1,1,1,1,0,0,1,1,1,0,1,1,1,0,0,0,0,0,0,1,1,0,0,0,0,0,1,0,0,1,1,0,0,0,0,0,0,1,0,0,0,0,1,0,0,0,0,0,1,0,0,0,1,1,0,1,0,0
tazarotene,C21H21NO2S,351.5,CCOC(=O)C1=CN=C(C=C1)C#CC2=CC3=C(C=C2)SCCC3(C)C,4.9,64.5,547,0,4,5,25,0,351.12930009,351.4710000000002,4.431500000000004,39.19,0,4,2,3,2,0,1,0,0,0,0,0,0,0,0,1,0,0,0,0,0,0,1,0,1,0,1,0,0,0,0,0,0,0,1,1,0,0,1,1,1,1,1,1,1,0,0,0,0,1,0,1,0,1,0,1,0,0,1,0,1,0,1,1,0,1,1,0,0,0,0,0,0,0,0,0,1,0,0,1,0,0,0,0,1,1,1,0,0,0,0,1,0,0,0,0,0,0,0,1,0,0,1,0,0,1,0,1,0,1,1,0,1,0,0,0,0,0,1,1,0,0,0,0,1,0,1,1,0,0,1,0,1
temazepam,C16H13ClN2O2,300.74,CN1C2=C(C=C(C=C2)Cl)C(=NC(C1=O)O)C3=CC=CC=C3,2.2,52.9,434,1,3,1,21,0,300.0665554,300.745,2.472200000000001,52.900000000000006,1,3,1,3,2,0,0,0,0,0,1,0,1,1,0,1,0,0,0,0,1,0,0,0,1,0,0,0,0,0,0,0,0,0,0,0,0,0,1,0,1,0,1,0,1,0,0,0,0,0,1,0,1,1,1,0,0,0,0,0,0,0,0,1,0,0,0,0,1,1,0,0,0,0,0,1,1,0,1,0,1,0,0,0,0,0,1,0,0,1,0,1,0,1,0,0,1,0,0,0,0,1,0,0,0,1,0,0,0,0,1,1,1,0,0,0,0,0,0,0,0,0,0,0,0,0,1,1,1,0,0,0,0
temozolomide,C6H6N6O2,194.15,CN1C(=O)N2C=NC(=C2N=N1)C(=O)N,-1.1,106.0,315,1,5,1,14,0,194.05522346,194.15399999999997,-2.0781,108.17,1,5,1,2,2,1,0,0,1,0,0,0,0,0,0,1,0,1,0,0,0,0,0,0,1,0,0,0,0,1,0,0,0,1,0,1,1,1,1,0,0,1,0,0,1,0,0,0,0,1,0,0,0,0,1,0,0,0,1,0,0,0,0,1,0,0,0,1,0,0,0,0,0,0,0,0,0,1,0,0,0,0,0,0,0,0,1,0,0,0,0,0,0,0,1,0,0,0,1,0,0,0,0,0,0,1,0,0,0,0,0,1,0,0,0,0,0,0,0,0,0,0,1,0,1,0,1,1,0,0,1,0,0
teniposide,C32H32O13S,656.7,COC1=CC(=CC(=C1O)OC)C2C3C(COC3=O)C(C4=CC5=C(C=C24)OCO5)OC6C(C(C7C(O6)COC(O7)C8=CC=CS8)O)O,1.2,189.0,1090,3,14,6,46,0,656.15636224,656.6620000000005,2.7529000000000012,160.83,3,14,6,8,3,1,1,0,1,0,0,1,1,1,1,1,0,0,0,1,0,1,0,0,0,1,0,0,0,0,0,0,1,0,0,1,1,1,1,1,1,0,1,0,1,1,0,0,1,0,1,0,0,0,1,1,1,1,0,0,1,0,1,1,0,0,0,1,1,1,1,1,0,0,1,0,1,0,1,1,0,1,0,0,1,0,1,1,1,0,0,1,0,0,0,0,1,0,1,1,0,0,1,1,1,1,1,0,0,0,1,1,1,0,0,1,0,0,1,0,0,1,0,0,0,0,1,0,1,0,0,0,1
terazosin,C19H25N5O4,387.4,COC1=C(C=C2C(=C1)C(=NC(=N2)N3CCN(CC3)C(=O)C4CCCO4)N)OC,1.4,103.0,544,1,8,4,28,0,387.1906543,387.44000000000017,1.0567999999999995,103.04,1,8,4,4,2,1,0,0,0,1,0,0,0,0,0,1,0,1,0,0,0,1,0,0,1,0,0,0,1,0,0,0,0,0,1,1,0,0,1,1,0,0,0,0,1,0,0,0,0,0,1,0,0,0,1,1,1,0,1,1,1,0,0,0,0,1,0,0,1,0,0,0,0,0,0,0,0,1,1,0,0,0,1,0,1,0,1,1,0,1,1,0,0,0,1,0,0,1,1,0,1,0,0,0,0,1,0,0,0,1,1,0,1,0,1,0,0,1,0,0,0,0,0,1,0,0,1,1,1,0,1,0,1
terbinafine,C21H25N,291.4,CC(C)(C)C#CC=CCN(C)CC1=CC=CC2=CC=CC=C21,5.6,3.2,428,0,1,5,22,0,291.198699802,291.438,4.877300000000004,3.24,0,1,4,2,2,0,0,0,0,1,0,0,1,1,1,0,1,0,0,0,1,0,0,0,0,0,0,0,0,0,0,0,0,0,1,0,0,0,1,1,0,0,1,0,0,0,0,0,0,0,0,0,1,0,1,0,0,0,0,1,1,0,0,0,0,0,1,0,1,1,0,0,0,0,1,0,1,0,0,0,0,1,1,0,0,1,1,0,0,1,0,1,1,0,0,0,0,0,0,0,0,1,0,1,0,1,0,0,0,0,0,1,0,0,0,1,0,0,1,1,0,0,0,0,0,0,0,0,1,0,0,0,0
terbutaline,C12H19NO3,225.28,CC(C)(C)NCC(C1=CC(=CC(=C1)O)O)O,0.9,72.7,205,4,4,4,16,0,225.13649347,225.288,1.5192999999999999,72.72,4,4,3,1,1,1,1,0,0,0,0,0,0,1,0,0,0,0,1,0,0,0,0,0,0,0,0,0,0,0,0,0,1,0,0,0,0,0,1,0,0,0,0,0,1,0,0,1,0,0,0,1,0,0,0,0,0,0,0,0,0,0,0,0,0,0,0,0,1,0,0,1,0,0,0,0,0,0,0,0,1,0,0,0,0,1,1,1,0,0,1,0,0,0,1,0,1,0,0,1,0,0,0,0,1,1,0,0,0,0,1,0,1,0,0,0,0,0,0,1,0,0,0,0,0,1,0,0,0,0,0,0,0
terconazole,C26H31Cl2N5O3,532.5,CC(C)N1CCN(CC1)C2=CC=C(C=C2)OCC3COC(O3)(CN4C=NC=N4)C5=C(C=C(C=C5)Cl)Cl,4.8,64.9,692,0,7,8,36,0,531.1803953,532.4720000000002,4.462700000000003,64.88,0,7,8,5,3,1,1,0,1,0,0,0,0,0,0,0,1,0,0,0,1,1,0,0,1,0,0,1,1,0,0,0,1,1,1,1,0,0,1,0,0,1,1,0,1,0,0,0,1,1,0,1,1,1,1,0,0,0,0,0,1,0,1,0,1,1,0,0,0,0,0,1,1,0,0,0,0,1,0,0,0,1,0,1,0,1,1,0,0,1,0,1,0,1,0,0,1,0,0,0,0,0,0,0,0,1,0,1,0,0,1,0,1,0,1,1,1,1,1,0,0,0,0,0,0,0,1,1,1,0,1,1,0
testolactone,C19H24O3,300.4,CC12CCC3C(C1CCC(=O)O2)CCC4=CC(=O)C=CC34C,3.0,43.4,602,0,3,0,22,0,300.17254462,300.39799999999997,3.5899000000000028,43.370000000000005,0,3,0,4,0,0,0,1,0,0,0,0,1,0,0,1,0,0,0,0,0,1,1,1,1,1,0,0,0,1,0,0,0,0,0,1,0,0,1,0,1,1,0,0,1,0,0,0,0,0,1,0,0,1,0,0,0,0,0,1,0,0,0,1,0,0,1,0,0,0,0,0,0,0,0,0,1,0,0,1,0,1,0,0,0,0,1,0,0,1,0,0,0,0,1,0,0,0,0,1,0,0,0,0,0,1,1,0,0,0,0,0,0,0,1,1,0,1,0,0,0,0,1,0,0,1,0,1,1,1,0,0,0
testosterone,C19H28O2,288.4,CC12CCC3C(C1CCC2O)CCC4=CC(=O)CCC34C,3.3,37.3,508,1,2,0,21,0,288.208930132,288.43100000000004,3.8792000000000035,37.3,1,2,0,4,0,0,0,0,0,0,0,1,1,0,0,1,0,0,0,0,0,1,1,0,0,0,1,0,0,1,0,0,0,0,0,1,1,0,1,0,0,1,0,0,1,0,0,0,0,0,1,0,0,0,0,1,0,0,0,1,0,0,0,1,0,0,0,0,0,0,0,0,1,0,1,0,1,0,1,1,0,0,0,0,0,0,1,0,0,1,0,0,0,1,0,0,0,1,0,0,1,0,0,0,0,1,0,0,0,0,1,0,0,0,0,1,0,0,0,1,0,0,0,0,1,1,0,1,1,0,0,0,0
tetracaine,C15H24N2O2,264.36,CCCCNC1=CC=C(C=C1)C(=O)OCCN(C)C,3.7,41.6,249,1,4,9,19,0,264.183778013,264.36899999999997,2.617000000000001,41.57,1,4,8,1,1,1,0,0,0,1,0,0,0,1,0,1,1,1,1,0,0,0,1,1,1,0,0,0,0,0,0,1,1,0,0,0,1,0,1,0,0,0,0,1,1,0,0,0,0,0,0,0,0,0,0,0,0,1,1,0,1,1,0,0,0,0,0,1,1,0,0,0,0,0,0,0,0,0,0,0,1,0,0,0,1,1,1,0,0,0,0,1,0,0,0,0,0,0,0,1,0,0,0,0,0,1,0,0,0,0,1,0,0,0,0,0,0,0,1,1,0,0,0,0,1,0,0,0,0,0,1,0,1
tetrahydrozoline,C13H16N2,200.28,C1CC(C2=CC=CC=C2C1)C3=NCCN3,1.8,24.4,259,1,1,1,15,0,200.131348519,200.28499999999994,2.1082,24.39,1,2,1,3,1,0,0,1,1,1,0,0,0,0,0,0,0,0,0,1,0,0,0,0,0,0,0,0,0,0,0,1,1,0,0,1,0,0,0,0,0,0,1,0,0,0,0,0,0,1,1,0,1,0,1,0,0,0,0,0,0,0,1,0,0,0,0,0,0,1,0,0,0,1,0,0,0,0,0,1,0,0,0,0,0,0,1,0,0,1,0,1,0,0,1,1,0,0,0,0,0,0,0,0,0,1,0,0,0,0,1,0,0,0,0,0,0,0,1,0,1,0,0,0,1,0,0,1,1,0,0,0,0
thalidomide,C13H10N2O4,258.23,C1CC(=O)NC(=O)C1N2C(=O)C3=CC=CC=C3C2=O,0.3,83.6,449,1,4,1,19,0,258.0640568,258.233,0.08779999999999943,83.55000000000001,1,4,1,3,1,1,0,1,0,0,0,0,0,0,0,1,0,0,0,0,0,0,0,0,0,0,1,0,0,0,0,0,0,0,0,1,0,1,0,0,0,1,0,0,1,0,0,1,0,0,1,1,1,0,0,0,0,0,0,0,0,0,0,1,0,0,0,0,0,1,0,0,0,0,0,0,0,0,0,1,0,0,1,0,0,0,1,0,0,0,0,1,0,1,0,1,0,0,0,0,0,1,0,1,0,1,0,0,1,0,0,0,0,0,0,0,1,0,0,0,0,0,0,0,0,0,0,0,1,0,0,0,0
thiabendazole,C10H7N3S,201.25,C1=CC=C2C(=C1)NC(=N2)C3=CSC=N3,2.5,69.8,212,1,3,1,14,0,201.03606841,201.25400000000002,2.686400000000001,41.57,1,3,1,3,3,0,0,0,0,0,0,0,0,0,0,0,0,0,0,0,0,0,0,0,0,1,0,0,1,0,0,0,0,0,0,0,0,0,1,0,1,0,0,0,0,1,0,1,0,1,0,0,1,1,0,0,0,1,0,0,0,0,1,0,0,0,0,0,1,1,0,0,0,0,0,0,0,0,1,0,0,0,0,0,0,0,1,0,0,1,0,1,1,0,0,1,0,0,0,0,1,0,0,0,0,1,0,0,0,1,1,0,0,0,0,0,0,0,0,0,0,0,0,0,1,0,0,1,0,1,0,0,0
thioridazine,C21H26N2S2,370.6,CN1CCCCC1CCN2C3=CC=CC=C3SC4=C2C=C(C=C4)SC,5.9,57.1,432,0,4,4,25,0,370.15374118,370.5870000000001,5.8856000000000055,6.48,0,4,4,4,2,0,0,0,0,1,0,0,0,0,0,1,0,0,1,0,1,1,0,0,0,0,1,0,0,0,0,0,0,0,0,1,0,0,1,0,1,1,0,0,1,0,0,0,1,0,1,0,1,0,1,1,0,0,1,0,0,0,0,0,1,0,0,0,0,1,0,0,1,0,0,0,1,1,1,0,0,1,1,1,0,1,1,0,0,0,0,1,1,0,0,0,0,0,0,0,0,0,0,0,0,1,0,1,1,1,1,0,1,0,0,0,1,0,0,0,0,1,0,0,0,0,1,1,1,1,0,0,0
thiotepa,C6H12N3PS,189.22,C1CN1P(=S)(N2CC2)N3CC3,0.5,41.1,194,0,4,3,11,0,189.04895557,189.22399999999996,0.15769999999999995,9.03,0,1,3,3,0,0,0,0,0,0,0,0,0,0,0,0,0,0,0,0,1,0,0,0,0,0,0,0,0,0,0,0,0,0,0,1,0,0,0,0,0,0,0,0,1,0,0,0,0,0,0,0,0,0,0,0,0,0,0,1,0,1,0,0,0,0,0,1,0,1,1,0,0,0,0,0,0,1,0,0,0,0,0,0,0,0,0,0,0,0,0,0,0,0,0,0,0,0,0,0,0,0,1,0,0,0,0,0,0,1,0,0,0,0,0,0,0,0,0,0,0,0,0,0,0,0,0,0,0,0,0,0,0
thiothixene,C23H29N3O2S2,443.6,CN1CCN(CC1)CCC=C2C3=CC=CC=C3SC4=C2C=C(C=C4)S(=O)(=O)N(C)C,3.8,77.5,710,0,6,5,30,0,443.17011952,443.6380000000002,3.4707000000000017,43.86000000000001,0,5,5,4,2,0,0,1,0,0,0,0,0,0,0,1,1,0,1,1,0,0,1,0,0,0,1,0,0,0,0,0,0,0,0,1,0,1,1,0,1,0,0,0,1,0,0,1,0,0,1,1,1,0,1,0,0,0,1,1,0,0,0,0,0,0,0,0,1,1,0,0,0,1,0,0,0,1,0,1,1,0,0,0,1,1,1,0,0,1,0,1,0,1,0,0,0,0,0,1,0,1,0,0,0,1,1,0,0,1,0,0,1,0,1,0,0,1,1,0,0,0,0,1,0,0,1,0,1,1,0,0,1
tiagabine,C20H25NO2S2,375.6,CC1=C(SC=C1)C(=CCCN2CCCC(C2)C(=O)O)C3=C(C=CS3)C,2.7,97.0,474,1,5,6,25,0,375.13267139,375.559,5.044840000000004,40.540000000000006,1,4,6,3,2,0,0,0,0,1,1,1,0,0,0,1,0,0,1,1,0,0,1,1,0,0,0,0,1,0,0,0,0,0,0,1,1,0,1,0,1,0,0,0,1,0,1,1,0,0,1,0,0,0,0,0,0,0,1,1,0,0,0,1,0,0,0,1,0,0,0,0,0,0,0,0,0,1,0,0,0,0,0,1,0,1,1,0,0,0,0,1,0,0,0,0,0,0,1,0,1,0,1,1,1,1,1,0,0,0,0,0,0,0,0,0,1,0,1,0,0,0,0,0,0,0,1,0,1,0,1,0,1
tibolone,C21H28O2,312.4,CC1CC2=C(CCC(=O)C2)C3C1C4CCC(C4(CC3)C)(C#C)O,2.4,37.3,635,1,2,1,23,0,312.208930132,312.453,3.882600000000004,37.3,1,2,0,4,0,0,0,1,0,0,0,0,1,0,1,1,1,0,1,0,0,0,1,0,1,1,0,1,0,0,0,0,0,1,1,1,0,0,1,1,0,1,0,0,1,0,0,0,1,0,1,0,0,0,0,0,0,0,1,0,0,0,1,1,0,0,0,0,0,0,1,0,1,1,0,0,1,0,0,1,1,0,1,1,0,0,0,0,0,0,1,1,0,0,0,0,0,0,0,0,0,0,1,0,0,1,0,0,1,0,0,0,0,1,0,0,0,0,0,0,0,0,0,0,1,0,1,1,1,0,0,0,0
ticlopidine,C14H14ClNS,263.8,C1CN(CC2=C1SC=C2)CC3=CC=CC=C3Cl,3.6,31.5,261,0,2,2,17,0,263.0535483,263.793,3.959800000000003,3.24,0,2,2,3,2,1,0,0,0,0,0,0,0,0,0,0,0,1,0,1,0,0,0,0,1,0,0,0,0,0,0,1,0,0,0,1,1,0,0,0,1,0,0,0,1,0,0,1,0,0,0,0,1,0,1,0,0,0,0,0,0,0,0,0,0,0,1,0,0,1,0,0,0,0,1,1,0,1,1,1,0,0,0,1,0,1,1,0,0,1,0,1,0,0,0,0,0,0,0,0,0,0,0,0,0,1,1,0,0,0,0,0,0,0,0,1,0,0,0,0,0,0,1,1,0,0,0,0,0,0,0,0,1
timolol,C13H24N4O3S,316.42,CC(C)(C)NCC(COC1=NSN=C1N2CCOCC2)O,1.8,108.0,310,2,8,7,21,0,316.15691181,316.4270000000001,0.5024999999999997,79.74000000000001,2,8,6,2,1,1,1,1,0,0,0,0,0,1,0,0,1,0,0,0,0,1,1,1,0,0,0,0,1,0,0,0,0,0,0,1,0,0,1,0,1,0,0,0,1,0,0,1,0,1,0,1,0,0,0,0,0,0,0,1,1,0,0,0,0,0,0,0,0,1,0,0,0,0,0,0,0,1,1,0,1,0,0,0,0,1,0,0,0,0,0,0,0,0,1,0,1,0,0,1,0,0,0,0,1,1,0,0,0,1,1,0,0,0,0,0,0,0,0,1,0,1,0,1,0,0,0,1,0,0,1,0,1
tinidazole,C8H13N3O4S,247.27,CCS(=O)(=O)CCN1C(=NC=C1[N+](=O)[O-])C,-0.4,106.0,345,0,5,4,16,0,247.06267708,247.27599999999998,0.5344199999999997,95.1,0,5,5,1,1,0,0,0,0,0,0,0,0,0,0,1,0,1,0,0,0,0,0,0,0,0,1,0,0,0,0,0,0,1,0,0,0,0,1,1,0,0,0,1,1,1,0,0,1,1,0,0,0,0,0,0,0,0,1,0,0,0,0,1,0,0,0,0,0,0,0,0,0,1,0,1,0,0,0,0,1,0,1,0,0,1,1,0,0,0,0,0,0,0,0,0,0,0,1,1,1,0,1,0,0,1,0,0,0,0,0,0,0,0,0,0,0,0,1,0,0,0,0,0,0,1,1,1,1,0,0,0,1
tiopronin,C5H9NO3S,163.2,CC(C(=O)NCC(=O)O)S,-0.1,67.4,148,3,4,3,10,0,163.03031432,163.198,-0.49449999999999994,66.4,3,3,3,0,0,1,1,0,0,0,1,1,0,0,0,1,0,0,0,0,0,0,0,1,0,0,0,0,0,0,0,0,1,0,0,0,0,1,1,0,0,0,0,0,1,0,0,0,0,0,0,0,0,0,0,1,0,0,0,0,0,0,0,0,0,0,1,0,0,0,0,0,0,0,1,0,0,0,1,0,0,0,0,0,0,1,0,0,1,0,0,0,0,0,0,0,0,0,0,0,0,0,0,0,0,0,1,0,0,1,0,0,0,1,0,0,0,0,0,0,0,0,0,0,0,0,0,0,0,0,1,0,0
tirofiban,C22H36N2O5S,440.6,CCCCS(=O)(=O)NC(CC1=CC=C(C=C1)OCCCCC2CCNCC2)C(=O)O,1.4,113.0,579,3,7,14,30,0,440.23449343,440.6060000000004,2.950500000000001,104.73,3,5,14,2,1,1,1,0,0,0,1,0,0,0,0,1,0,0,1,0,0,0,0,0,0,1,1,0,0,0,0,1,1,1,1,1,0,0,1,0,0,0,0,1,1,0,1,0,0,1,1,0,0,0,1,1,0,1,0,1,1,0,0,0,0,0,0,0,0,1,1,1,0,1,0,0,0,1,1,0,0,0,0,1,1,1,1,0,0,0,0,1,0,1,1,1,0,0,0,1,0,1,1,0,0,1,0,1,0,0,0,0,0,1,0,0,0,0,0,1,0,0,0,0,1,0,0,0,1,0,1,0,0
tizanidine,C9H8ClN5S,253.71,C1CN=C(N1)NC2=C(C=CC3=NSN=C32)Cl,1.1,90.4,300,2,4,2,16,0,253.0188941,253.718,1.7157999999999998,62.2,2,6,1,3,2,1,0,0,0,0,0,0,0,0,0,0,0,0,0,0,0,1,1,0,1,0,0,0,0,0,0,1,0,0,1,1,0,1,0,0,1,0,0,0,0,0,1,0,0,1,0,0,0,0,1,0,0,0,0,0,0,0,1,0,1,1,0,0,0,0,1,0,0,1,0,0,0,1,1,1,0,1,0,0,0,0,1,0,0,0,0,1,0,0,1,1,0,0,0,0,0,0,0,0,0,1,0,0,1,1,0,0,1,0,0,1,0,0,1,0,0,0,0,0,0,0,0,1,0,0,1,0,1
tobramycin,C18H37N5O9,467.5,C1C(C(C(C(C1N)OC2C(C(C(C(O2)CO)O)N)O)O)OC3C(CC(C(O3)CN)O)N)N,-6.2,268.0,609,10,14,6,32,0,467.25912777,467.52000000000027,-6.295800000000003,268.16999999999996,10,14,6,3,0,0,1,0,0,0,0,0,0,0,0,0,1,1,0,0,0,1,0,0,1,0,1,0,0,0,0,0,0,0,0,1,0,0,0,1,1,1,0,0,1,1,0,0,1,0,0,0,0,0,0,0,0,0,1,0,1,0,1,0,0,0,0,0,1,0,0,0,0,0,0,0,0,0,0,0,0,0,0,0,1,1,1,1,0,1,1,0,0,0,0,0,0,0,0,1,0,0,0,1,0,1,1,0,1,1,1,0,0,1,0,0,0,1,0,0,0,1,0,0,0,0,0,0,1,0,0,0,1
tolazamide,C14H21N3O3S,311.4,CC1=CC=C(C=C1)S(=O)(=O)NC(=O)NN2CCCCCC2,1.5,86.9,431,2,4,3,21,0,311.13036271,311.40700000000015,1.77392,78.50999999999999,2,4,3,2,1,1,0,1,0,1,0,0,0,0,0,1,0,0,0,0,0,0,0,0,0,0,0,0,0,0,0,0,0,0,0,1,1,0,1,0,0,0,0,1,1,0,0,0,0,0,0,0,0,0,0,0,1,0,0,0,0,0,0,1,0,0,0,0,1,0,0,0,0,1,1,1,0,1,0,0,1,0,0,1,0,0,1,1,0,0,0,1,0,0,0,0,0,0,0,1,0,0,0,0,0,1,0,0,0,0,0,0,1,0,0,0,0,0,0,0,1,0,0,1,0,0,0,0,0,0,1,0,0
tolbutamide,C12H18N2O3S,270.35,CCCCNC(=O)NS(=O)(=O)C1=CC=C(C=C1)C,2.3,83.7,354,2,3,5,18,0,270.10381361,270.354,1.78302,75.27000000000001,2,3,5,1,1,1,0,0,0,0,0,0,0,0,0,1,0,0,0,0,0,0,0,0,0,0,0,0,0,0,0,1,1,0,0,0,1,0,1,0,0,0,0,1,1,0,1,0,0,0,0,0,0,0,0,0,1,0,0,0,0,0,0,1,0,0,0,0,1,0,0,0,0,1,1,1,0,0,0,0,1,0,0,0,1,1,1,0,0,1,0,1,0,0,0,0,0,0,0,1,0,0,0,0,0,1,0,0,0,0,0,0,1,0,0,0,0,0,0,0,1,0,0,1,1,0,0,0,0,0,1,0,1
tolmetin,C15H15NO3,257.28,CC1=CC=C(C=C1)C(=O)C2=CC=C(N2C)CC(=O)O,2.8,59.3,347,1,3,4,19,0,257.10519334,257.289,2.19162,59.3,1,2,4,2,2,1,0,0,0,0,1,1,0,1,1,1,0,0,0,0,0,0,0,1,1,0,0,0,0,0,0,0,0,0,0,0,1,1,1,0,0,0,0,0,1,0,0,0,1,0,0,0,0,0,0,0,0,1,0,0,0,0,0,1,0,0,0,0,0,0,0,1,0,0,1,1,0,0,1,0,0,0,0,0,0,1,1,0,0,0,0,1,0,0,0,0,0,0,1,0,0,0,0,0,0,1,0,0,0,1,1,0,1,0,0,0,1,0,0,0,0,0,0,0,0,0,1,0,0,0,1,0,0
tolterodine,C22H31NO,325.5,CC1=CC(=C(C=C1)O)C(CCN(C(C)C)C(C)C)C2=CC=CC=C2,5.6,23.5,340,1,2,7,24,0,325.240564612,325.496,5.341420000000005,23.47,1,2,7,2,2,0,1,0,0,0,1,0,0,0,0,0,0,0,0,0,0,0,0,0,0,0,0,0,0,0,0,0,1,0,0,0,1,0,1,0,0,0,0,0,1,0,0,0,0,0,1,0,1,1,0,1,0,0,0,0,0,0,0,1,0,0,0,0,0,1,0,1,1,1,0,0,1,0,0,0,1,0,0,0,0,1,1,1,0,0,1,1,1,0,1,0,0,0,0,0,0,1,0,0,1,1,0,0,0,0,1,0,1,0,1,0,0,1,1,0,0,0,1,0,0,0,0,0,0,0,0,0,0
topiramate,C12H21NO8S,339.36,CC1(OC2COC3(C(C2O1)OC(O3)(C)C)COS(=O)(=O)N)C,-0.8,124.0,556,1,9,3,22,0,339.0987878,339.36600000000004,-0.3953999999999982,115.54,1,8,3,3,0,0,0,0,1,0,0,0,0,0,0,1,0,0,0,0,1,1,0,1,1,1,0,0,0,0,0,0,1,0,0,1,0,0,1,0,0,1,0,0,0,1,1,0,0,0,0,1,1,0,0,1,0,0,0,0,1,0,0,0,0,0,0,0,1,0,1,1,0,1,0,0,1,0,0,0,0,0,0,1,0,1,0,0,0,1,0,0,0,0,0,0,1,0,1,1,0,1,1,0,0,0,0,0,0,0,0,0,0,0,0,0,0,0,1,0,1,0,0,0,0,0,1,1,1,0,0,0,0
topotecan,C23H23N3O5,421.4,CCC1(C2=C(COC1=O)C(=O)N3CC4=CC5=C(C=CC(=C5CN(C)C)O)N=C4C3=C2)O,0.5,103.0,867,2,7,3,31,0,421.16377084,421.45300000000015,1.8467999999999996,104.89000000000001,2,7,3,5,3,0,0,1,0,0,1,1,0,1,0,1,1,1,0,0,0,1,1,1,0,1,0,0,0,0,0,1,0,1,1,1,0,0,1,0,0,1,0,1,1,0,0,0,0,0,0,0,0,0,0,0,0,1,0,0,0,0,1,1,0,1,0,0,1,0,1,1,1,0,0,0,1,0,1,0,0,0,1,0,0,1,1,0,0,1,0,1,0,1,0,0,0,0,1,0,0,0,1,0,0,1,0,0,0,0,1,0,1,0,0,0,1,0,1,1,1,0,0,0,1,1,0,1,1,0,0,0,0
toremifene,C26H28ClNO,406.0,CN(C)CCOC1=CC=C(C=C1)C(=C(CCCl)C2=CC=CC=C2)C3=CC=CC=C3,7.2,12.5,483,0,2,9,29,0,405.1859422,405.96900000000005,6.215000000000006,12.47,0,2,9,3,3,0,0,1,1,0,1,0,0,0,0,1,1,1,1,0,0,0,0,1,1,0,0,0,0,0,0,0,0,1,0,0,1,0,1,0,0,1,0,1,1,0,0,0,0,1,0,0,1,1,0,1,0,0,1,0,1,0,0,0,1,1,0,0,0,1,1,1,0,0,0,0,0,0,0,0,0,0,0,1,0,1,1,0,0,0,1,1,0,0,0,0,0,0,0,0,0,0,0,0,0,1,0,1,0,1,1,0,0,0,0,0,0,0,1,0,0,0,0,0,0,0,0,0,0,0,0,0,0
tramadol,C16H25NO2,263.37,CN(C)CC1CCCCC1(C2=CC(=CC=C2)OC)O,2.6,32.7,282,1,3,4,19,0,263.18852904,263.381,2.634600000000001,32.7,1,3,4,2,1,1,0,1,0,1,0,0,0,0,0,1,1,1,1,0,1,0,0,0,0,0,0,1,0,0,0,0,0,0,0,1,0,0,1,0,0,1,0,0,1,1,0,0,0,1,1,0,1,0,0,1,0,1,0,1,1,0,0,0,0,0,0,0,0,1,0,1,0,0,0,0,0,0,1,0,0,0,0,0,0,1,1,1,0,0,0,1,0,0,0,0,0,1,0,0,0,0,0,0,0,1,0,1,0,0,0,1,1,0,0,0,0,0,1,0,0,0,0,0,0,0,0,1,1,0,0,0,0
tramazoline,C13H17N3,215.29,C1CCC2=C(C1)C=CC=C2NC3=NCCN3,2.0,36.4,274,2,1,2,16,0,215.142247555,215.29999999999998,1.9365,36.42,2,3,1,3,1,1,0,0,0,1,0,0,0,0,0,0,0,0,0,0,1,1,0,0,0,0,0,0,1,0,0,0,0,0,0,1,0,1,0,0,0,0,0,0,0,0,1,0,0,1,0,0,0,0,1,0,0,0,0,1,0,0,1,0,0,0,0,0,0,1,0,0,0,1,0,0,0,1,0,1,0,0,0,0,0,0,1,0,0,1,0,1,0,0,1,1,0,0,0,0,0,0,0,1,0,1,0,0,0,0,1,0,1,0,0,0,1,0,1,0,0,0,0,0,1,0,0,1,0,1,0,0,0
trandolapril,C24H34N2O5,430.5,CCOC(=O)C(CCC1=CC=CC=C1)NC(C)C(=O)N2C3CCCCC3CC2C(=O)O,2.0,95.9,633,2,6,10,31,0,430.24677219,430.54500000000036,2.7733,95.94000000000001,2,5,9,3,1,1,1,0,0,1,1,0,0,0,0,1,1,1,0,0,0,0,1,0,1,1,1,0,1,0,1,1,1,0,0,1,0,0,1,0,0,0,0,1,1,1,0,1,0,1,1,0,1,0,0,0,1,0,0,0,1,0,0,1,0,0,1,0,0,1,0,0,0,0,0,0,0,0,1,0,0,0,0,0,0,1,1,0,1,0,0,1,0,0,0,1,1,1,1,0,0,1,1,0,1,1,0,0,0,0,0,0,0,1,0,0,0,0,0,1,0,1,0,0,0,0,0,1,1,0,1,0,1
tranylcypromine,C9H11N,133.19,C1C(C1N)C2=CC=CC=C2,1.5,26.0,116,1,1,1,10,0,133.089149355,133.19399999999996,1.5012,26.02,1,1,1,2,1,0,0,0,0,0,1,0,0,0,0,0,0,1,0,0,0,1,0,0,1,0,0,0,0,0,0,0,0,0,0,1,0,0,0,0,0,0,0,0,0,1,0,0,0,1,0,0,1,0,0,0,0,0,0,1,0,0,0,0,0,0,0,0,0,1,0,0,0,0,0,0,1,0,0,0,0,0,0,0,0,0,1,0,0,0,0,1,0,0,0,0,0,0,0,0,0,0,0,1,0,1,0,0,0,0,0,0,0,0,0,0,0,0,0,0,0,0,0,0,0,0,0,0,1,0,0,0,1
trazodone,C19H22ClN5O,371.9,C1CN(CCN1CCCN2C(=O)N3C=CC=CC3=N2)C4=CC(=CC=C4)Cl,2.8,42.4,611,0,4,5,26,0,371.151288,371.87200000000007,2.3617,45.78,0,4,5,4,3,1,0,0,1,0,0,0,0,0,0,1,0,0,1,0,1,0,0,0,1,0,0,0,1,0,1,0,1,0,0,1,0,0,1,0,0,1,1,0,1,0,0,0,0,0,0,0,1,0,1,0,1,1,0,0,0,1,0,1,0,0,0,0,0,1,0,0,0,0,0,0,0,1,0,1,0,0,1,0,0,1,1,0,0,0,0,1,0,1,0,0,0,0,0,0,0,1,0,0,0,1,0,0,0,0,0,0,1,0,0,0,0,1,0,0,0,0,0,0,1,0,1,1,0,0,0,0,1
triamcinolone,C21H27FO6,394.4,CC12CC(C3(C(C1CC(C2(C(=O)CO)O)O)CCC4=CC(=O)C=CC43C)F)O,1.2,115.0,807,4,7,2,28,0,394.17916674,394.4390000000001,0.6205000000000003,115.06000000000002,4,6,2,4,0,1,0,1,0,0,0,0,1,1,0,1,0,1,1,0,0,0,0,1,1,1,0,0,0,0,1,0,0,1,0,1,0,0,1,0,1,1,0,0,1,1,0,1,0,0,1,0,0,0,0,0,0,0,0,1,1,0,0,1,0,0,1,0,0,0,0,0,0,0,0,0,1,0,0,1,0,1,1,0,0,1,1,0,0,1,0,0,0,1,0,0,0,0,0,1,0,0,0,0,0,1,1,0,0,1,1,0,0,1,0,1,0,0,0,0,0,0,0,0,0,1,0,1,1,1,1,0,1
triamterene,C12H11N7,253.26,C1=CC=C(C=C1)C2=NC3=C(N=C(N=C3N=C2N)N)N,1.0,130.0,306,3,7,1,19,0,253.10759338,253.26899999999995,0.8333999999999999,129.62,3,7,1,3,3,0,0,0,0,0,1,0,1,1,0,0,0,0,0,0,0,0,0,0,1,0,0,0,0,0,1,0,0,0,0,0,0,0,0,0,0,0,1,0,0,0,1,1,0,0,0,0,1,0,1,0,1,0,0,0,0,0,0,0,0,1,0,0,1,1,0,0,1,0,0,0,0,0,0,0,0,0,0,0,0,0,1,0,0,0,0,1,1,1,0,0,0,0,0,0,0,1,0,0,0,1,0,0,0,0,0,0,0,0,0,0,1,0,0,0,0,0,0,0,1,0,1,1,0,0,0,0,0
triazolam,C17H12Cl2N4,343.2,CC1=NN=C2N1C3=C(C=C(C=C3)Cl)C(=NC2)C4=CC=CC=C4Cl,2.4,43.1,472,0,3,1,23,0,342.0439018,343.217,4.233520000000002,43.07,0,3,1,4,3,1,0,0,0,0,0,0,1,0,0,0,0,1,0,0,1,0,0,0,1,0,1,0,0,0,0,0,0,0,0,1,0,1,1,0,0,0,1,0,1,1,0,0,0,0,0,1,1,1,1,0,0,0,0,0,0,0,0,1,0,0,0,0,0,1,0,0,0,0,0,1,0,0,1,0,1,1,0,1,0,0,1,0,0,1,0,1,0,1,0,0,0,0,0,0,0,1,0,0,0,1,0,0,1,0,0,0,1,0,0,1,0,1,1,0,0,1,0,0,0,0,0,1,1,1,0,0,0
triclosan,C12H7Cl3O2,289.5,C1=CC(=C(C=C1Cl)O)OC2=C(C=C(C=C2)Cl)Cl,5.0,29.5,252,1,2,2,17,0,287.951163,289.54499999999996,5.144700000000002,29.46,1,2,2,2,2,0,0,0,0,0,0,0,0,0,0,0,0,0,0,0,0,0,0,0,1,0,0,0,0,0,0,1,0,0,0,0,0,0,0,0,0,0,1,0,1,1,0,0,0,0,0,0,0,1,1,1,1,0,0,0,1,0,1,0,0,0,0,0,0,1,0,1,0,0,0,0,1,0,0,0,0,0,0,0,0,0,1,0,0,0,0,1,0,1,0,0,0,0,0,1,0,1,0,0,0,1,0,0,0,0,0,0,1,0,0,1,0,0,0,0,0,0,0,0,0,0,0,0,0,0,0,0,0
trien,C6H18N4,146.23,C(CNCCNCCN)N,-2.5,76.1,49,4,4,7,10,0,146.153146591,146.238,-1.916999999999998,76.1,4,4,7,0,0,1,1,0,0,0,0,0,0,0,0,0,0,0,0,0,0,0,0,0,1,0,0,0,0,0,0,0,1,0,0,0,0,0,0,0,0,0,0,0,0,0,0,1,0,0,0,0,0,1,0,0,0,0,0,0,0,0,0,0,0,0,0,0,0,0,0,0,0,0,0,0,0,0,0,0,0,0,0,0,0,1,0,0,0,0,1,0,0,0,0,0,0,0,0,0,0,1,0,0,0,0,0,0,0,0,0,0,0,1,0,0,0,0,0,0,0,0,0,0,1,0,0,0,0,0,0,0,0
trifluoperazine,C21H24F3N3S,407.5,CN1CCN(CC1)CCCN2C3=CC=CC=C3SC4=C2C=C(C=C4)C(F)(F)F,5.0,35.0,510,0,7,4,28,0,407.16430344,407.5050000000001,4.945600000000004,9.72,0,4,4,4,2,0,1,0,0,1,0,0,0,1,1,0,0,0,1,1,1,0,0,0,0,0,1,0,0,0,0,0,0,0,0,1,0,0,1,0,1,1,0,0,1,0,1,0,0,0,1,0,1,0,1,0,0,0,1,0,0,0,0,0,0,0,0,1,0,1,0,0,0,0,0,0,0,1,0,1,0,1,1,0,1,1,1,0,0,1,0,1,0,0,0,0,0,0,0,0,0,0,0,1,0,1,0,0,0,1,0,0,1,1,0,0,1,0,0,1,0,0,0,0,1,0,1,0,0,1,0,0,1
trihexyphenidyl,C20H31NO,301.5,C1CCC(CC1)C(CCN2CCCCC2)(C3=CC=CC=C3)O,4.5,23.5,314,1,2,5,22,0,301.240564612,301.47399999999993,4.330500000000005,23.47,1,2,5,3,1,0,0,1,0,1,1,0,0,0,1,1,0,0,0,1,0,0,0,0,0,1,0,0,0,0,0,0,0,1,0,1,1,0,0,0,0,0,0,0,1,0,1,0,0,0,1,0,1,0,0,0,0,0,0,0,0,0,0,0,0,0,0,0,0,1,0,0,0,0,0,0,0,1,0,1,0,0,0,1,0,1,1,0,0,0,0,1,0,0,0,0,0,0,0,0,0,0,1,0,0,1,0,0,0,0,0,0,0,0,0,0,0,1,0,1,0,1,0,1,0,0,1,1,1,0,0,0,1
trimethadione,C6H9NO3,143.14,CC1(C(=O)N(C(=O)O1)C)C,0.3,46.6,197,0,3,0,10,0,143.058243149,143.14199999999997,0.37360000000000004,46.61,0,3,0,1,0,0,0,1,0,0,0,0,0,0,0,1,0,0,0,0,0,1,0,0,0,0,0,0,0,0,0,0,0,0,0,0,0,0,1,0,0,1,0,0,1,0,0,0,0,0,0,0,0,0,0,0,0,0,0,1,0,0,1,1,0,1,0,0,0,1,0,0,0,1,0,0,0,0,0,0,0,0,0,0,0,0,0,0,1,0,0,0,0,0,0,0,1,0,0,0,0,1,0,0,0,1,0,0,0,0,0,0,0,0,0,0,0,0,0,0,0,0,0,0,0,0,1,1,0,0,0,0,1
trimethobenzamide,C21H28N2O5,388.5,CN(C)CCOC1=CC=C(C=C1)CNC(=O)C2=CC(=C(C(=C2)OC)OC)OC,2.3,69.3,440,1,6,10,28,0,388.199822,388.46400000000017,2.5828000000000007,69.26,1,6,10,2,2,1,0,0,0,0,0,0,0,0,1,1,1,1,1,0,0,0,0,1,0,0,0,0,0,0,0,1,1,0,0,0,1,0,1,0,0,0,1,0,1,0,0,0,0,1,1,0,1,0,0,1,0,0,1,1,1,0,0,0,0,0,0,0,1,0,0,1,0,0,1,0,0,0,1,0,0,0,1,1,0,1,1,0,0,0,0,1,0,0,0,1,0,0,0,0,0,0,0,0,0,1,0,1,0,0,1,0,1,0,0,0,0,0,1,0,0,0,0,0,0,0,1,0,0,0,1,1,1
trimethoprim,C14H18N4O3,290.32,COC1=CC(=CC(=C1OC)OC)CC2=CN=C(N=C2N)N,0.9,106.0,307,2,7,5,21,0,290.13789045,290.32300000000004,1.2575999999999996,105.50999999999999,2,7,5,2,2,1,0,1,1,0,0,0,0,0,0,0,0,0,0,0,0,0,0,0,1,0,0,1,0,0,1,1,0,1,0,0,0,0,1,0,0,0,0,0,0,0,0,1,0,1,0,0,0,0,1,1,1,0,0,0,1,0,0,0,0,0,0,0,1,0,0,0,0,0,1,0,0,0,1,0,0,0,1,0,1,1,1,0,0,1,0,0,0,0,0,1,0,0,0,0,0,0,0,0,0,1,0,0,0,0,0,0,1,0,0,0,0,1,0,0,0,0,0,0,0,0,1,1,0,0,0,0,1
trimetrexate,C19H23N5O3,369.4,CC1=C(C=CC2=C1C(=NC(=N2)N)N)CNC3=CC(=C(C(=C3)OC)OC)OC,2.5,118.0,457,3,8,6,27,0,369.18008961,369.4250000000001,2.740520000000001,117.54,3,8,6,3,3,1,0,0,0,1,0,0,0,1,0,0,0,0,0,0,0,0,0,0,1,0,0,0,0,1,1,1,0,0,0,0,0,0,1,0,0,0,0,0,0,0,1,1,0,0,0,0,0,0,1,1,1,0,0,0,1,0,0,1,1,0,0,0,1,1,1,0,0,0,1,0,0,0,1,0,0,0,1,0,0,1,1,0,1,0,0,1,1,1,0,0,0,0,0,0,0,0,0,0,0,1,0,0,0,0,0,0,1,0,0,0,0,0,0,0,0,0,0,1,0,0,1,1,0,1,0,0,1
trimipramine,C20H26N2,294.4,CC(CN1C2=CC=CC=C2CCC3=CC=CC=C31)CN(C)C,5.8,6.5,317,0,2,4,22,0,294.209598838,294.44199999999995,4.121000000000003,6.48,0,2,4,3,2,0,1,1,0,0,0,0,0,0,0,0,1,1,0,0,1,0,0,0,0,0,0,0,0,0,0,0,1,0,0,1,0,0,1,0,0,0,0,0,1,0,0,0,1,1,0,0,1,0,1,0,0,0,0,0,0,0,0,0,1,0,0,0,0,1,0,0,0,1,0,0,0,0,0,1,1,1,0,0,0,1,1,0,0,1,0,1,1,0,0,0,0,0,0,0,0,0,1,1,0,1,0,0,0,0,0,0,0,0,0,1,1,0,1,0,0,0,0,0,0,0,0,0,0,0,0,0,0
troglitazone,C24H27NO5S,441.5,CC1=C(C2=C(CCC(O2)(C)COC3=CC=C(C=C3)CC4C(=O)NC(=O)S4)C(=C1O)C)C,5.1,110.0,681,2,6,5,31,0,441.16099414,441.54900000000015,4.374260000000003,84.86,2,6,5,4,2,1,0,1,0,0,0,1,0,0,0,1,0,0,0,1,0,1,0,0,0,0,0,0,0,0,0,0,0,0,0,1,1,1,1,0,1,1,0,0,1,1,1,1,0,1,0,0,0,1,0,0,0,0,0,1,1,0,0,1,0,0,1,0,0,0,0,1,0,0,0,0,0,0,0,1,0,0,0,1,0,1,1,0,0,0,0,1,0,1,0,1,1,0,0,1,0,0,0,0,0,1,0,1,0,1,1,0,0,1,0,0,0,1,0,0,0,0,0,0,0,0,0,1,1,1,0,0,0
tropicamide,C17H20N2O2,284.35,CCN(CC1=CC=NC=C1)C(=O)C(CO)C2=CC=CC=C2,1.5,53.4,310,1,3,6,21,0,284.152477885,284.359,2.2062,53.43000000000001,1,3,6,2,2,0,1,0,0,0,1,0,0,0,0,1,0,1,0,0,0,1,0,0,0,0,0,0,0,0,0,0,0,0,0,0,0,1,1,0,1,1,0,1,1,0,0,0,0,0,1,1,1,0,0,0,0,0,0,0,0,1,0,0,0,0,0,0,0,1,0,0,1,0,0,0,0,0,0,1,1,1,0,0,0,1,1,1,0,0,1,1,0,0,1,1,0,0,0,1,0,0,0,1,0,1,0,0,0,0,0,0,0,0,1,0,0,1,1,0,0,0,0,0,0,0,0,1,1,0,1,0,1
tropisetron,C17H20N2O2,284.35,CN1C2CCC1CC(C2)OC(=O)C3=CNC4=CC=CC=C43,3.8,45.3,400,1,3,3,21,0,284.152477885,284.35900000000004,2.9499000000000013,45.33,1,3,2,4,2,0,1,0,0,0,0,0,0,0,0,1,0,1,0,0,0,0,1,0,0,0,0,1,0,0,0,1,1,0,0,1,0,0,1,0,0,0,1,1,1,0,0,0,0,0,1,0,1,0,0,0,0,0,0,0,1,0,0,0,0,0,0,0,0,1,0,0,0,0,0,1,1,1,0,0,0,0,1,0,0,0,1,1,0,0,0,1,1,0,1,1,0,0,0,0,0,0,0,0,0,1,0,1,0,0,0,0,0,0,0,0,0,0,0,0,0,0,0,1,1,0,1,0,1,1,1,0,0
trospium,C25H30NO3+,392.5,C1CC[N+]2(C1)C3CCC2CC(C3)OC(=O)C(C4=CC=CC=C4)(C5=CC=CC=C5)O,4.4,46.5,553,1,3,5,29,1,392.22256882,392.519,3.7697000000000034,46.53,1,3,4,5,2,0,0,0,0,1,1,0,1,1,1,1,0,1,0,0,1,0,0,0,0,0,0,1,0,0,1,0,0,0,0,1,0,0,0,0,0,0,0,0,1,0,0,1,0,0,1,0,1,0,0,0,0,0,0,0,1,0,0,0,0,0,1,0,1,1,0,0,0,0,0,1,0,0,0,0,0,0,0,0,0,0,1,0,0,0,0,1,0,0,1,0,0,0,1,1,0,0,1,0,0,1,0,1,0,0,0,0,0,0,0,0,0,1,1,1,0,1,0,0,1,0,1,1,1,0,1,0,0
delavirdine,C22H28N6O3S,456.6,CC(C)NC1=C(N=CC=C1)N2CCN(CC2)C(=O)C3=CC4=C(N3)C=CC(=C4)NS(=O)(=O)C,2.4,119.0,749,3,7,6,32,0,456.19435995,456.5720000000001,2.7171000000000003,110.43,3,6,6,4,3,1,1,1,0,1,0,0,0,0,1,1,0,0,0,0,1,0,0,0,1,0,0,0,1,1,1,0,1,0,0,1,0,1,1,0,0,0,0,1,1,0,0,1,0,1,0,1,0,0,0,1,0,1,1,1,0,0,0,0,0,1,0,0,1,1,0,0,0,1,0,0,0,1,0,1,1,0,0,0,0,0,1,0,0,0,0,1,0,0,1,1,0,0,0,1,0,1,0,1,0,1,0,0,0,1,0,0,1,0,0,0,0,1,0,0,0,0,0,1,1,0,0,1,0,0,1,0,0
unoprostone,C22H38O5,382.5,CCCCCCCC(=O)CCC1C(CC(C1CC=CCCCC(=O)O)O)O,3.7,94.8,460,3,5,15,27,0,382.27192431,382.54100000000017,4.2553000000000045,94.83000000000001,3,4,15,1,0,1,0,0,0,0,1,0,1,0,0,1,0,1,0,0,0,0,1,0,1,0,0,0,0,1,0,1,0,1,0,1,0,0,1,0,0,1,0,1,1,0,0,0,0,0,0,0,0,0,0,0,0,0,0,1,0,1,0,0,0,1,0,0,0,1,0,0,0,0,1,0,0,0,1,0,0,1,0,0,1,1,1,0,0,0,0,1,0,1,0,0,1,0,0,0,0,0,0,0,0,0,1,0,0,0,1,0,0,0,0,0,0,0,0,0,1,0,0,0,1,0,0,0,1,0,1,0,1
UDCA,C24H40O4,392.6,CC(CCC(=O)O)C1CCC2C1(CCC3C2C(CC4C3(CCC(C4)O)C)O)C,4.9,77.8,605,3,4,4,28,0,392.29265975,392.58000000000015,4.477900000000006,77.76,3,3,4,4,0,0,1,0,0,0,1,0,1,1,0,1,0,1,0,0,0,1,1,0,1,0,0,0,0,0,0,1,1,1,1,1,1,0,1,0,0,1,0,0,1,0,0,0,0,0,1,0,0,0,0,1,0,0,0,0,0,0,0,0,1,0,0,0,0,0,0,0,0,1,1,0,0,0,1,0,0,0,0,1,0,1,1,0,0,0,0,1,0,0,0,0,0,0,0,0,0,0,0,0,1,0,0,0,0,0,1,0,0,0,0,0,0,0,1,0,1,1,1,0,0,0,0,1,1,0,1,0,0
valsartan,C24H29N5O3,435.5,CCCCC(=O)N(CC1=CC=C(C=C1)C2=CC=CC=C2C3=NNN=N3)C(C(C)C)C(=O)O,4.4,112.0,608,2,6,10,32,0,435.2270398,435.5280000000002,4.1617000000000015,112.07000000000001,2,5,10,3,3,1,1,0,0,0,1,0,0,1,0,1,0,1,0,0,0,0,0,0,0,0,0,0,0,0,0,1,1,1,0,1,0,0,1,0,0,0,0,1,1,0,0,0,0,0,0,0,1,0,1,0,0,1,0,1,0,0,0,0,0,0,0,0,0,1,0,1,0,0,1,0,0,0,0,0,0,0,0,0,1,1,1,0,0,1,1,1,0,1,0,1,0,0,0,1,0,1,0,0,0,1,0,1,0,0,1,0,1,0,1,0,0,0,1,0,0,0,0,0,1,0,0,1,1,0,1,0,0
Vancocine,C66H75Cl2N9O24,1449.2,CC1C(C(CC(O1)OC2C(C(C(OC2OC3=C4C=C5C=C3OC6=C(C=C(C=C6)C(C(C(=O)NC(C(=O)NC5C(=O)NC7C8=CC(=C(C=C8)O)C9=C(C=C(C=C9O)O)C(NC(=O)C(C(C1=CC(=C(O4)C=C1)Cl)O)NC7=O)C(=O)O)CC(=O)N)NC(=O)C(CC(C)C)NC)O)Cl)CO)O)O)(C)N)O,-2.6,530.0,2960,19,26,13,101,0,1447.4301997,1449.2710000000004,0.10620000000000607,530.4899999999999,19,25,13,12,5,1,1,0,1,0,1,0,0,0,0,1,1,1,0,1,0,1,1,1,1,1,0,1,1,0,1,0,1,0,1,1,0,0,1,0,0,1,0,1,1,1,0,0,1,1,1,0,1,0,1,0,1,1,1,0,1,1,1,1,0,1,1,1,1,1,0,1,1,0,0,0,1,0,1,1,0,1,1,1,1,1,1,1,1,0,1,1,0,0,1,1,0,0,0,1,0,1,1,1,1,1,1,0,1,0,1,1,1,1,0,1,0,0,1,1,1,0,0,0,1,0,0,1,1,1,1,0,1
venlafaxine,C17H27NO2,277.4,CN(C)CC(C1=CC=C(C=C1)OC)C2(CCCCC2)O,2.9,32.7,279,1,3,5,20,0,277.204179104,277.40799999999996,3.035600000000002,32.7,1,3,5,2,1,1,1,1,0,1,0,0,0,0,0,1,1,1,1,0,0,0,0,0,0,0,0,0,0,0,0,0,0,0,0,1,0,0,1,0,0,1,0,0,1,0,0,0,0,1,0,0,0,0,0,0,0,1,1,0,1,0,0,0,0,0,1,0,1,0,0,1,0,1,0,0,0,0,1,0,0,0,0,1,0,1,1,0,0,1,1,1,0,0,0,0,0,0,0,0,0,0,0,1,0,1,0,1,0,0,0,0,0,0,0,0,0,0,1,0,0,0,0,0,0,0,0,0,0,0,0,1,0
vigabatrin,C6H11NO2,129.16,C=CC(CCC(=O)O)N,-2.2,63.3,112,2,3,4,9,0,129.078978594,129.159,0.3645000000000001,63.31999999999999,2,2,4,0,0,0,1,0,0,0,1,0,1,1,0,1,0,0,0,0,0,0,0,1,1,0,0,0,0,0,0,0,0,1,0,0,0,0,0,0,0,0,0,0,1,0,0,0,1,0,0,0,0,0,0,0,0,0,0,1,0,1,1,0,1,0,0,0,0,0,0,0,0,0,0,0,0,0,1,0,0,1,0,0,0,1,0,0,0,0,0,1,0,0,0,0,0,0,0,0,0,0,0,0,1,0,0,0,0,0,0,0,0,0,1,0,0,0,0,0,0,0,0,0,0,0,0,0,0,0,1,0,0
vinorelbine,C45H54N4O8,778.9,CCC1=CC2CC(C3=C(CN(C2)C1)C4=CC=CC=C4N3)(C5=C(C=C6C(=C5)C78CCN9C7C(C=CC9)(C(C(C8N6C)(C(=O)OC)O)OC(=O)C)CC)OC)C(=O)OC,3.6,134.0,1690,2,11,10,57,0,778.39416469,778.9470000000002,4.753600000000004,133.87,2,11,7,9,3,1,0,1,0,0,0,0,1,1,1,1,1,0,0,1,1,0,0,0,1,1,0,1,1,0,0,1,0,0,1,1,0,1,1,1,1,1,1,1,1,0,0,1,0,0,0,1,1,0,0,1,1,0,1,1,1,0,0,1,0,1,0,1,0,1,1,0,1,0,1,1,1,1,1,1,0,1,1,0,0,1,1,1,0,1,0,1,1,0,0,1,0,0,0,0,1,1,0,1,1,1,0,1,1,1,1,1,1,1,0,1,0,1,0,0,0,0,0,0,1,1,1,1,1,1,1,1,0
zafirlukast,C31H33N3O6S,575.7,CC1=CC=CC=C1S(=O)(=O)NC(=O)C2=CC(=C(C=C2)CC3=CN(C4=C3C=C(C=C4)NC(=O)OC5CCCC5)C)OC,5.5,124.0,1010,2,6,9,41,0,575.20900695,575.6870000000001,5.6959200000000045,115.73000000000002,2,6,8,5,4,1,1,1,0,1,0,0,0,1,1,1,0,0,0,1,0,0,0,0,0,0,0,1,0,1,0,1,0,0,0,1,0,1,1,0,0,0,0,0,1,0,1,0,0,1,1,0,1,0,0,1,1,0,0,0,1,1,0,1,1,0,0,0,1,1,0,0,0,1,1,0,0,0,1,0,1,1,1,0,1,1,1,1,0,0,0,1,0,0,0,0,0,0,0,1,0,1,0,0,0,1,1,1,0,0,1,0,1,1,0,1,1,0,0,0,0,0,0,1,1,0,1,1,1,0,1,0,1
zalcitabine,C9H13N3O3,211.22,C1CC(OC1CO)N2C=CC(=NC2=O)N,-1.3,88.2,327,2,3,2,15,0,211.09569129,211.22099999999998,-0.5046000000000004,90.36999999999999,2,5,2,2,1,0,1,0,0,1,0,0,0,0,0,1,0,1,0,0,0,1,0,0,1,0,0,0,0,0,0,0,0,0,0,1,0,0,0,0,0,0,0,0,1,1,0,0,0,0,1,0,0,1,1,0,0,0,0,0,0,1,0,1,0,0,0,1,1,0,1,0,0,0,0,0,0,0,0,0,0,0,1,0,0,1,1,0,0,0,0,1,0,0,0,0,0,0,0,1,1,0,0,0,0,1,1,0,0,0,0,0,0,1,0,0,1,0,0,1,0,0,1,0,0,0,0,1,1,0,0,0,1
zaleplon,C17H15N5O,305.33,CCN(C1=CC=CC(=C1)C2=CC=NC3=C(C=NN23)C#N)C(=O)C,1.0,74.3,487,0,4,3,23,0,305.12766012,305.34100000000007,2.6407800000000003,74.29,0,4,3,3,3,0,0,0,1,0,0,0,0,1,0,1,0,0,0,0,1,0,0,0,1,0,0,1,1,0,0,0,0,1,0,0,0,1,1,1,0,1,0,1,1,0,0,0,1,1,0,0,0,0,1,0,0,1,1,0,0,0,0,0,0,0,0,0,0,1,0,0,0,1,0,1,0,1,0,1,0,1,0,0,0,1,1,1,0,0,0,1,0,0,0,0,0,0,0,0,0,1,0,0,0,1,0,0,0,1,1,0,1,0,0,0,0,1,1,0,0,0,0,0,1,0,1,1,1,0,1,0,1
zanamivir,C12H20N4O7,332.31,CC(=O)NC1C(C=C(OC1C(C(CO)O)O)C(=O)O)N=C(N)N,-3.2,201.0,518,7,8,6,23,0,332.13319899,332.3130000000001,-3.785499999999997,200.72000000000003,7,7,6,1,0,1,1,0,1,0,1,0,0,0,0,1,0,1,1,0,0,1,0,0,1,0,0,1,0,0,0,0,0,0,0,0,0,0,1,0,0,0,0,0,1,0,0,0,0,0,0,0,0,0,0,0,0,0,0,0,0,0,0,0,0,1,0,0,1,0,0,0,1,0,0,0,0,1,1,0,0,0,0,1,0,1,1,0,0,0,1,1,0,0,0,0,0,0,0,1,1,0,0,1,1,1,1,0,0,1,0,0,1,0,0,1,0,1,0,0,1,0,1,0,0,1,1,0,1,1,1,0,1
zidovudine,C10H13N5O4,267.24,CC1=CN(C(=O)NC1=O)C2CC(C(O2)CO)N=[N+]=[N-],0.0,93.2,484,2,6,3,19,0,267.09675391,267.245,-0.19627999999999995,133.08,2,5,3,2,1,1,1,1,0,1,0,1,0,0,0,1,0,1,0,0,0,1,0,0,0,0,0,0,0,1,0,0,1,0,0,1,0,1,1,0,0,0,0,0,1,0,1,0,0,0,0,1,0,1,0,0,1,0,0,0,1,0,0,1,0,0,1,0,0,0,1,0,0,0,0,0,0,0,0,0,0,0,0,0,0,1,1,0,0,0,1,1,0,0,0,1,0,0,1,1,0,0,0,1,0,1,0,0,1,1,0,0,0,1,0,1,1,0,0,0,0,0,0,1,0,0,1,0,1,0,0,0,0
ZnCl2,Cl2Zn,136.3,Cl[Zn]Cl,,0.0,2,0,0,0,3,0,133.866847,136.296,1.3765,0.0,0,0,0,0,0,0,0,0,0,0,0,1,0,0,0,0,0,0,0,0,0,0,0,0,1,0,0,0,0,0,0,0,0,0,1,0,0,0,0,0,0,0,0,0,0,0,0,0,0,0,0,0,0,0,0,0,0,0,0,0,0,0,0,0,0,0,0,0,0,0,0,0,0,0,0,0,0,0,0,0,0,0,0,0,0,0,0,0,0,0,0,0,0,0,0,0,0,0,0,0,0,0,0,0,0,0,0,0,0,0,0,0,0,0,0,0,0,0,0,0,0,0,0,0,0,0,0,0,0,0,0,0,1
zolmitriptan,C16H21N3O2,287.36,CN(C)CCC1=CNC2=C1C=C(C=C2)CC3COC(=O)N3,2.2,57.4,375,2,3,5,21,0,287.16337692,287.363,1.9228999999999998,57.36,2,3,5,3,2,0,0,0,1,0,0,0,0,1,0,1,1,1,0,0,0,1,1,0,1,0,0,0,0,0,0,0,0,0,0,1,1,0,1,1,0,0,0,1,0,0,0,0,0,0,1,0,0,0,0,0,0,0,1,1,0,1,1,1,0,0,0,0,1,0,0,0,0,0,1,0,0,1,0,1,0,0,1,0,0,1,1,0,0,0,1,1,1,1,0,1,1,1,0,0,0,0,0,0,0,1,0,0,0,0,0,0,1,1,0,0,0,0,1,1,0,1,0,0,1,0,0,0,1,0,0,1,0
zolpidem,C19H21N3O,307.4,CC1=CC=C(C=C1)C2=C(N3C=C(C=CC3=N2)C)CC(=O)N(C)C,2.5,37.6,417,0,2,3,23,0,307.168462302,307.39700000000005,3.2488400000000013,37.61000000000001,0,2,3,3,3,1,0,0,0,0,1,0,0,1,0,1,1,0,0,0,0,0,0,0,0,1,0,0,0,0,0,0,0,0,0,0,1,1,1,0,0,0,1,1,1,0,0,0,0,0,0,0,0,0,1,0,1,0,0,0,0,0,0,1,0,0,0,0,1,0,0,0,1,0,1,0,1,0,0,1,0,0,0,0,0,1,1,0,0,0,1,1,1,0,0,0,0,0,1,0,0,0,0,0,0,1,0,0,0,0,0,0,1,0,0,0,0,0,1,0,0,0,1,0,0,0,0,1,0,0,1,0,0
zonisamide,C8H8N2O3S,212.23,C1=CC=C2C(=C1)C(=NO2)CS(=O)(=O)N,0.2,94.6,298,1,5,2,14,0,212.0255633,212.22999999999996,0.6163,86.19,1,4,2,2,2,0,0,0,0,0,1,1,0,0,1,1,0,0,0,0,0,1,1,0,1,0,0,0,0,0,0,0,0,0,0,0,0,0,0,0,0,0,1,0,0,0,1,0,0,0,0,0,1,0,0,0,0,0,0,0,0,0,0,0,0,0,0,0,0,1,0,0,0,1,0,1,1,0,0,0,0,0,1,0,0,1,1,0,0,0,0,1,0,0,0,0,1,0,0,1,1,0,0,0,0,1,0,0,0,1,1,0,0,0,0,0,0,0,0,0,0,0,0,0,0,1,0,1,0,1,0,0,0
zopiclone,C17H17ClN6O3,388.8,CN1CCN(CC1)C(=O)OC2C3=NC=CN=C3C(=O)N2C4=NC=C(C=C4)Cl,0.5,91.8,573,0,7,3,27,0,388.1050661,388.81500000000005,1.5679999999999996,91.75999999999999,0,7,2,4,2,1,0,1,1,0,0,0,0,0,0,1,0,1,0,1,1,0,0,0,1,1,0,0,0,0,0,0,0,0,0,1,0,0,1,0,0,0,0,0,1,0,1,0,0,1,1,0,1,1,1,0,0,0,1,0,1,0,0,1,1,0,0,0,1,1,1,0,1,0,0,0,0,1,0,1,1,0,0,0,1,0,1,0,0,1,0,1,0,1,1,0,0,0,0,0,1,0,0,0,0,1,0,1,0,0,1,0,0,0,0,0,1,0,0,0,0,0,0,0,0,0,1,1,1,0,1,0,1
mitomycin,C15H18N4O5,334.33,CC1=C(C(=O)C2=C(C1=O)N3CC4C(C3(C2COC(=O)N)OC)N4)N,-0.4,147.0,757,3,8,4,24,0,334.12771969,334.33200000000005,-1.6511999999999976,146.89000000000001,3,8,3,4,0,0,0,0,0,0,0,0,0,0,0,1,0,1,0,0,0,0,0,1,1,1,0,0,0,0,0,1,0,0,1,1,0,1,1,1,0,1,1,0,1,0,1,0,0,0,0,1,1,0,1,1,1,1,1,0,1,0,0,1,0,0,0,0,0,1,0,0,0,1,1,0,0,0,1,0,0,1,0,0,0,1,0,0,0,0,0,0,0,1,0,1,1,0,0,0,0,1,0,1,1,1,0,0,1,0,0,0,0,0,0,0,0,1,0,0,1,0,0,0,1,0,0,0,1,0,1,1,0
oxytocin,C43H66N12O12S2,1007.2,CCC(C)C1C(=O)NC(C(=O)NC(C(=O)NC(CSSCC(C(=O)NC(C(=O)N1)CC2=CC=C(C=C2)O)N)C(=O)N3CCCC3C(=O)NC(CC(C)C)C(=O)NCC(=O)N)CC(=O)N)CCC(=O)N,-2.6,450.0,1870,12,15,17,69,0,1006.43645793,1007.2069999999992,-3.608600000000008,399.5299999999999,12,15,17,3,1,1,1,1,1,1,0,0,1,1,0,1,0,1,0,0,1,0,0,1,1,0,0,0,0,0,1,0,1,1,1,1,0,1,1,0,1,1,0,1,1,1,0,1,0,0,1,0,1,1,1,0,1,0,0,1,1,0,0,1,0,1,1,1,0,1,1,1,0,0,1,0,0,1,0,1,1,0,0,1,0,1,1,0,0,0,1,1,0,1,0,1,0,0,0,1,0,1,0,1,1,1,0,1,0,1,1,1,0,1,1,0,0,1,0,1,1,0,1,0,1,0,0,0,1,0,1,0,1
phentolamine,C17H19N3O,281.35,CC1=CC=C(C=C1)N(CC2=NCCN2)C3=CC(=CC=C3)O,2.6,47.9,363,2,3,4,21,0,281.152812238,281.359,2.8404200000000013,47.86,2,4,4,3,2,1,0,0,0,0,0,0,0,0,0,0,0,0,0,0,1,0,0,0,0,0,0,1,0,0,0,0,0,1,0,1,1,1,1,0,0,0,0,0,1,0,0,0,0,0,0,0,0,0,1,0,0,0,0,0,0,1,1,1,0,0,0,0,0,1,1,1,0,1,0,0,0,1,0,1,0,0,0,0,0,1,1,0,0,0,0,1,0,0,1,1,0,1,0,0,0,1,0,0,0,1,0,0,0,1,1,0,1,0,1,0,0,0,1,0,0,0,0,0,0,0,0,1,1,0,1,0,1
demethyl,C16H18ClNO3,307.77,C1CNC(C2=CC(=C(C=C21)O)O)CC3=CC=C(C=C3)O.Cl,,72.7,317,5,4,2,21,0,307.0975211,307.777,2.654700000000002,72.72,4,4,2,3,2,0,0,1,1,0,0,0,0,0,0,0,0,0,0,0,0,0,0,0,0,0,0,0,0,0,0,1,0,0,0,1,0,0,1,0,0,0,0,0,1,0,0,1,0,0,0,0,0,1,1,0,1,0,1,1,0,0,0,0,0,0,1,0,0,0,0,1,0,0,0,0,1,0,0,1,0,0,1,0,0,1,1,0,0,1,0,1,1,0,0,1,0,0,0,0,1,0,0,0,1,1,0,0,0,0,1,0,1,0,0,0,0,0,0,1,1,0,0,0,0,0,0,0,1,1,0,0,0
oxandrolone,C19H30O3,306.4,CC12CCC3C(C1CCC2(C)O)CCC4C3(COC(=O)C4)C,3.7,46.5,503,1,3,0,22,0,306.21949481,306.446,3.5431000000000026,46.53,1,3,0,4,0,0,0,1,0,0,0,0,1,0,0,1,0,0,0,1,0,1,1,0,0,0,0,0,0,0,0,0,0,1,0,1,0,0,1,1,0,1,0,0,1,0,0,0,1,0,1,0,0,1,0,0,0,0,1,0,0,0,1,1,0,1,0,0,0,0,0,0,0,0,1,0,1,1,0,1,0,0,0,0,0,0,0,1,0,0,0,0,0,0,0,0,0,0,0,0,0,0,0,0,0,1,0,0,1,0,1,0,0,1,1,1,0,0,0,0,1,0,0,0,0,0,0,1,1,0,0,0,0
biguanide,C2H7N5,101.11,C(=NC(=N)N)(N)N,-1.9,114.0,98,4,1,1,7,0,101.07014524,101.11300000000003,-1.84673,114.27,4,1,0,0,0,0,0,0,0,0,0,0,1,0,0,0,0,1,0,0,0,0,0,0,1,0,1,0,0,0,0,0,0,0,0,0,0,0,0,0,0,0,0,0,1,0,0,0,0,0,0,0,0,0,0,0,0,0,0,0,0,0,0,0,0,0,0,0,0,0,0,0,0,0,0,0,0,0,0,0,0,0,0,1,0,1,0,0,0,0,1,0,0,0,0,0,1,0,0,0,1,0,0,0,0,0,0,0,0,0,0,0,0,0,0,0,1,0,1,0,0,0,0,0,0,0,0,0,0,0,0,0,0
vincristine,C46H56N4O10,825.0,CCC1(CC2CC(C3=C(CCN(C2)C1)C4=CC=CC=C4N3)(C5=C(C=C6C(=C5)C78CCN9C7C(C=CC9)(C(C(C8N6C=O)(C(=O)OC)O)OC(=O)C)CC)OC)C(=O)OC)O,2.8,171.0,1750,3,12,10,60,0,824.399644,824.9720000000002,3.517500000000003,171.17000000000002,3,12,8,9,3,1,0,1,0,0,0,0,0,1,1,1,1,0,0,0,1,0,0,0,1,1,0,0,1,0,0,0,1,1,1,1,0,1,1,1,1,1,1,1,1,0,0,1,0,0,0,1,1,0,0,1,1,0,1,1,1,0,0,1,0,1,0,1,0,1,1,0,1,1,1,1,1,1,1,1,0,1,1,0,0,1,1,1,1,0,0,1,1,0,0,1,0,0,0,0,0,1,0,1,1,1,0,1,0,1,1,1,1,1,0,0,0,0,0,1,0,0,0,0,1,1,1,0,1,0,1,1,0
tetrabenazine,C19H27NO3,317.4,CC(C)CC1CN2CCC3=CC(=C(C=C3C2CC1=O)OC)OC,2.9,38.8,425,0,4,4,23,0,317.19909372,317.4290000000001,3.238100000000002,38.77,0,4,4,3,1,1,1,0,1,0,0,0,0,0,1,1,0,0,0,0,0,0,0,0,0,0,0,1,1,0,0,1,1,0,0,1,1,1,1,0,0,0,0,0,1,0,0,0,0,0,0,0,0,0,0,1,0,0,0,1,1,0,0,1,0,0,0,1,0,0,0,0,0,0,0,0,1,1,1,1,1,0,1,0,1,1,1,0,0,1,1,0,0,0,0,0,0,0,1,0,0,1,0,0,1,1,0,0,1,0,0,0,1,0,0,0,0,0,0,1,0,0,0,0,0,0,1,0,1,1,0,0,0
EDTA,C10H16N2O8,292.24,C(CN(CC(=O)O)CC(=O)O)N(CC(=O)O)CC(=O)O,-5.9,156.0,315,4,10,11,20,0,292.09066547,292.24399999999997,-2.0711999999999957,155.68,4,6,11,0,0,0,0,1,1,0,1,0,0,0,0,1,0,0,0,0,0,0,0,0,0,0,0,0,0,0,0,0,0,0,0,0,1,0,0,0,0,0,0,1,1,0,0,0,0,0,0,0,0,0,0,0,0,0,0,0,0,0,0,0,0,0,0,0,0,0,0,0,0,0,0,0,0,0,1,0,0,0,0,0,0,1,0,0,0,0,0,0,0,0,0,0,0,0,1,0,0,0,0,0,0,0,0,0,0,0,0,0,0,0,0,0,0,0,1,0,0,0,0,0,0,0,0,1,1,0,1,0,0
cysteamine,C2H7NS,77.15,C(CS)N,-0.4,27.0,10,2,2,1,4,0,77.0299204,77.152,-0.12509999999999988,26.02,2,2,1,0,0,0,0,0,0,0,0,0,0,0,0,0,0,1,0,0,0,0,0,0,1,0,0,0,0,0,0,0,0,0,0,0,0,0,0,0,0,0,0,0,0,0,0,0,0,0,0,0,0,1,0,0,1,0,0,0,0,0,0,0,0,0,0,0,0,0,0,0,0,0,0,0,0,0,0,0,0,0,0,0,0,1,0,0,0,0,1,0,0,0,0,0,1,0,0,0,0,0,0,0,0,0,1,0,0,0,0,0,0,0,0,0,0,0,0,0,0,0,0,0,0,0,0,0,0,0,0,0,0
17-hydroxyprogesterone,C21H30O3,330.5,CC(=O)C1(CCC2C1(CCC3C2CCC4=CC(=O)CCC34C)C)O,3.2,54.4,635,1,3,1,24,0,330.21949481,330.4680000000001,3.838400000000003,54.370000000000005,1,3,1,4,0,0,0,1,0,0,1,1,1,0,0,1,0,0,0,0,0,1,1,0,0,0,0,1,0,1,0,0,0,1,0,1,0,0,1,0,0,1,0,0,1,0,0,0,1,0,1,0,0,0,0,0,0,0,0,1,0,0,0,1,0,0,0,0,0,0,0,0,1,1,0,0,1,0,1,1,0,1,0,0,0,0,1,0,0,1,0,0,0,1,0,0,0,1,0,0,1,0,0,1,0,1,0,0,0,1,0,0,0,0,0,1,0,0,0,1,0,0,0,0,0,1,1,1,1,0,1,0,0
trifluorothymidine,C10H11F3N2O5,296.2,C1C(C(OC1N2C=C(C(=O)NC2=O)C(F)(F)F)CO)O,-0.5,99.1,464,3,8,2,20,0,296.06200594,296.201,-0.8039000000000005,104.55000000000001,3,5,2,2,1,1,1,0,0,1,0,1,0,1,0,1,0,1,0,0,0,1,0,0,0,0,0,0,0,0,0,0,1,0,0,1,0,0,0,0,1,1,0,0,1,0,1,0,0,0,1,0,0,0,0,0,0,0,0,0,1,0,0,1,0,0,1,0,0,0,1,0,0,0,0,0,0,0,0,0,0,0,0,0,0,1,1,0,1,0,0,0,0,0,1,1,0,1,1,1,0,0,0,1,0,1,0,0,0,0,1,0,0,1,0,1,0,1,0,1,0,0,0,1,0,0,1,0,1,0,0,0,0
phencyclidine,C17H25N,243.4,C1CCC(CC1)(C2=CC=CC=C2)N3CCCCC3,3.6,3.2,242,0,1,2,18,0,243.198699802,243.39399999999995,4.331900000000004,3.24,0,1,2,3,1,0,0,1,0,1,1,0,0,0,0,1,0,0,0,0,0,0,0,0,0,0,1,0,0,0,0,0,0,0,0,1,0,0,0,0,0,1,0,0,1,0,0,1,0,1,0,1,1,0,0,0,0,0,0,0,0,1,0,0,0,0,0,0,0,1,0,0,0,0,0,0,0,1,0,0,0,0,0,1,0,0,1,0,0,0,0,1,1,0,0,0,0,0,0,0,0,0,0,0,0,1,0,1,0,0,0,0,0,0,0,0,0,0,0,0,0,0,0,0,0,0,0,0,0,0,0,0,0
methsuximide,C12H13NO2,203.24,CC1(CC(=O)N(C1=O)C)C2=CC=CC=C2,1.2,37.4,294,0,2,1,15,0,203.094628657,203.241,1.3329999999999997,37.38,0,2,1,2,1,0,0,0,0,1,1,0,0,0,0,1,0,1,0,0,0,0,0,0,0,0,0,0,0,1,0,0,0,0,0,1,0,0,1,1,0,1,0,0,1,0,0,0,0,1,0,1,1,0,0,1,0,0,0,0,0,0,0,1,0,0,0,0,0,1,0,1,0,0,0,0,0,0,0,0,0,0,0,0,0,0,1,0,0,0,0,1,0,0,0,0,1,0,0,0,0,0,0,0,0,1,0,0,0,0,0,0,0,0,0,0,1,0,0,0,0,0,0,0,0,0,1,1,0,0,0,0,1
tris,C4H11NO3,121.14,C(C(CO)(CO)N)O,-2.9,86.7,54,4,4,3,8,0,121.07389321,121.136,-2.339199999999999,86.71000000000001,4,4,3,0,0,0,0,0,0,0,0,0,0,0,0,0,0,0,0,0,0,0,0,0,1,0,0,0,0,0,0,0,0,0,0,0,1,0,1,0,1,0,0,0,1,0,0,0,0,0,0,0,0,0,0,0,0,0,0,0,0,0,0,0,0,0,0,0,0,0,0,0,0,0,0,0,0,0,0,0,0,0,0,0,0,1,0,0,0,0,0,0,0,0,0,0,1,0,0,1,0,0,0,0,0,0,0,0,0,0,0,0,0,0,0,0,0,0,0,1,1,0,0,0,0,0,0,0,0,0,0,0,0
cyclizine,C18H22N2,266.4,CN1CCN(CC1)C(C2=CC=CC=C2)C3=CC=CC=C3,3.6,6.5,253,0,2,3,20,0,266.17829871,266.38800000000003,3.0234000000000014,6.48,0,2,3,3,2,0,1,0,0,0,1,0,0,0,0,0,0,0,0,1,1,0,0,0,0,0,0,0,0,0,0,0,0,0,0,1,0,0,1,0,0,0,0,0,1,0,1,0,0,0,1,0,1,0,0,0,0,0,0,0,0,0,0,0,0,0,0,0,0,1,0,0,0,0,0,0,0,1,0,0,0,0,1,0,1,0,1,0,0,1,1,1,0,0,0,0,1,0,0,0,0,0,0,0,0,1,0,0,0,0,0,0,0,0,0,0,0,0,1,0,0,0,0,0,0,0,1,0,0,0,0,0,0
diethylpropion,C13H19NO,205.3,CCN(CC)C(C)C(=O)C1=CC=CC=C1,2.8,20.3,193,0,2,5,15,0,205.14666423,205.30100000000002,2.5996000000000006,20.310000000000002,0,2,5,1,1,0,1,1,0,0,1,0,0,0,0,1,1,0,0,0,0,0,0,0,0,0,0,0,0,0,0,0,1,0,0,0,0,0,1,1,0,1,0,1,1,0,0,0,0,0,0,0,1,0,0,0,0,0,0,0,1,0,0,0,0,0,0,0,0,1,1,0,0,0,0,0,0,0,0,0,0,0,0,0,0,1,1,0,0,0,0,1,0,0,0,0,0,1,0,0,0,0,0,0,0,1,0,0,0,0,1,0,0,0,0,0,0,0,1,0,0,0,0,0,0,0,0,0,0,1,1,0,0
benzoyl,C14H10O4,242.23,C1=CC=C(C=C1)C(=O)OOC(=O)C2=CC=CC=C2,3.5,52.6,258,0,4,5,18,0,242.0579088,242.23,2.615400000000001,52.6,0,4,2,2,2,0,0,0,0,0,1,0,0,0,0,1,0,0,0,0,0,0,1,0,0,0,0,1,0,0,0,0,0,0,0,0,0,0,0,0,0,0,0,0,1,0,0,0,0,1,0,0,1,0,0,0,0,0,0,0,1,0,0,0,0,0,0,0,0,1,1,1,0,0,0,0,0,0,0,0,0,0,0,0,0,0,1,0,0,0,0,1,0,0,0,0,0,0,0,1,0,0,0,0,0,1,0,0,0,0,1,0,0,0,0,0,0,0,0,0,0,0,0,0,0,0,0,0,0,0,1,0,0
monobenzone,C13H12O2,200.23,C1=CC=C(C=C1)COC2=CC=C(C=C2)O,3.4,29.5,167,1,2,3,15,0,200.083729621,200.237,2.9712000000000027,29.46,1,2,3,2,2,0,0,0,0,0,1,0,0,0,0,0,0,0,0,1,0,0,0,0,0,0,0,0,0,0,0,0,0,0,0,0,0,0,1,0,0,0,0,0,1,0,0,1,0,1,0,0,1,0,0,0,0,0,0,0,1,0,0,0,0,0,0,0,0,1,0,1,0,0,0,0,0,0,0,0,0,0,0,1,0,1,1,0,0,0,0,1,0,0,0,1,0,0,0,0,0,0,0,0,0,1,0,1,0,0,1,0,1,0,0,0,0,0,0,1,0,0,0,0,0,0,0,1,0,0,0,0,0
benzonatate,C30H53NO11,603.7,CCCCNC1=CC=C(C=C1)C(=O)OCCOCCOCCOCCOCCOCCOCCOCCOCCOC,2.4,121.0,565,1,12,33,42,0,603.36186151,603.7500000000003,2.8346000000000027,121.40000000000003,1,12,32,1,1,1,0,0,0,0,0,0,0,1,0,1,0,0,1,0,0,0,1,0,1,0,0,0,0,0,0,1,1,0,0,0,0,0,1,0,0,0,0,1,1,0,0,0,0,0,0,0,0,0,0,0,1,1,0,0,1,1,0,0,0,0,0,1,1,0,0,0,0,0,0,0,0,1,1,0,1,0,0,0,1,1,1,0,0,0,0,1,0,0,0,0,1,0,0,1,0,0,0,0,0,1,0,1,0,0,1,0,0,0,1,0,0,0,1,1,0,0,0,0,1,0,0,0,0,0,1,0,1
tetraen,C8H23N5,189.3,C(CNCCNCCNCCN)N,-2.9,88.1,78,5,5,10,13,0,189.19534575,189.307,-2.3273999999999972,88.13,5,5,10,0,0,1,1,0,0,0,0,0,0,0,0,0,0,0,0,0,0,0,0,0,1,0,0,0,0,0,0,0,1,0,0,0,0,0,0,0,0,0,0,0,0,0,0,1,0,0,0,0,0,1,0,0,0,0,0,0,0,0,0,0,0,0,0,0,0,0,0,0,0,0,0,0,0,0,0,0,0,0,0,0,0,1,0,0,0,0,1,0,0,0,0,0,0,0,0,0,0,1,0,0,0,0,0,0,0,0,0,0,0,1,0,0,0,0,0,0,0,0,0,0,1,0,0,0,0,0,0,0,0
chloroprocaine,C13H19ClN2O2,270.75,CCN(CC)CCOC(=O)C1=C(C=C(C=C1)N)Cl,2.9,55.6,259,1,4,7,18,0,270.1135055,270.76,2.4208,55.56,1,4,6,1,1,0,0,0,0,1,0,0,1,0,1,1,0,0,1,0,0,1,1,0,1,0,0,0,0,0,0,0,0,1,0,0,1,0,1,0,0,1,0,1,1,0,0,0,0,1,0,0,0,0,1,0,0,0,0,0,1,1,0,0,0,0,1,0,0,0,0,0,1,0,0,0,1,0,0,0,0,0,0,0,0,1,1,0,0,0,0,1,0,0,0,0,0,0,0,0,0,0,0,0,0,1,0,0,0,1,0,0,1,1,0,1,0,0,1,0,0,0,0,0,0,1,0,0,1,0,1,0,0
nafcillin,C21H22N2O5S,414.5,CCOC1=C(C2=CC=CC=C2C=C1)C(=O)NC3C4N(C3=O)C(C(S4)(C)C)C(=O)O,2.9,121.0,699,2,6,5,29,0,414.12494298,414.4830000000002,2.4837999999999996,95.94000000000001,2,5,5,4,2,1,0,1,1,0,1,0,0,0,0,1,0,0,1,0,0,0,1,1,0,0,0,0,1,0,0,0,0,0,0,0,0,0,1,0,1,1,1,1,1,1,1,0,0,1,0,0,1,0,0,1,0,0,1,0,1,0,1,1,0,0,0,0,1,1,0,0,0,0,0,0,0,0,0,1,1,0,1,0,0,1,1,0,0,0,0,1,0,0,0,0,0,0,0,1,0,0,0,0,1,1,0,1,0,0,1,1,0,0,1,0,0,0,1,0,1,0,0,0,0,0,0,1,1,0,1,1,1
methohexital,C14H18N2O3,262.3,CCC#CC(C)C1(C(=O)NC(=O)N(C1=O)C)CC=C,2.3,66.5,497,1,3,3,19,0,262.13174244,262.30899999999997,1.3065999999999998,66.48,1,3,3,1,0,0,1,0,0,0,0,0,0,0,0,1,0,0,0,0,0,0,0,0,0,0,0,0,1,0,0,0,1,0,0,0,1,0,1,1,1,1,0,1,1,0,0,0,0,1,0,0,1,0,0,0,0,1,0,1,1,1,0,1,0,0,1,0,0,0,0,0,0,1,0,0,0,0,1,0,0,1,0,0,0,1,0,0,0,0,1,1,0,0,0,1,1,0,0,0,0,0,0,0,0,1,0,1,0,0,0,0,0,0,1,0,0,0,0,0,0,0,1,0,0,0,1,0,0,0,0,0,1
aminophylline,C16H24N10O4,420.43,CN1C2=C(C(=O)N(C1=O)C)NC=N2.CN1C2=C(C(=O)N(C1=O)C)NC=N2.C(CN)N,,191.0,273,4,8,1,30,0,420.19819929,420.4340000000002,-3.1755999999999975,197.40000000000003,4,8,1,4,4,1,0,0,1,0,0,0,0,0,0,1,0,0,1,0,0,1,0,0,1,0,0,0,0,0,0,0,0,0,0,0,0,1,1,1,0,0,0,1,1,0,0,0,0,1,0,0,0,1,1,0,0,1,0,0,0,0,0,1,0,0,0,0,0,0,0,1,0,0,0,0,0,0,1,0,0,0,0,0,0,1,1,0,0,0,1,0,0,0,0,1,0,1,0,0,0,0,0,0,0,1,0,0,0,0,1,1,0,0,0,0,0,0,0,0,0,0,0,0,1,1,1,1,0,0,0,0,0
propoxyphene,C22H29NO2,339.5,CCC(=O)OC(CC1=CC=CC=C1)(C2=CC=CC=C2)C(C)CN(C)C,4.2,29.5,397,0,3,9,25,0,339.219829168,339.47900000000016,4.275500000000004,29.54,0,3,8,2,2,0,1,1,0,0,1,0,1,0,1,1,1,1,0,0,0,0,1,0,0,0,0,0,0,0,0,0,1,0,0,0,0,0,1,0,0,0,0,1,1,0,0,1,0,0,0,0,1,0,0,0,0,0,1,0,1,0,0,0,0,0,0,1,0,1,0,0,0,1,0,0,0,1,0,0,0,0,0,0,0,1,1,0,0,0,0,1,0,1,0,1,0,0,0,0,0,0,1,1,0,1,0,0,1,0,0,1,0,0,0,0,0,0,1,1,0,1,0,0,0,1,0,0,0,0,1,0,0
hydroxybutyrate,C4H7O3-,103.1,C(CC(=O)[O-])CO,0.0,60.4,54,1,3,2,7,-1,103.039519081,103.097,-1.4912,60.36,1,3,3,0,0,0,0,0,0,0,0,0,0,0,0,1,0,0,0,0,0,0,1,0,0,0,0,0,0,0,0,0,0,1,0,0,0,0,0,0,0,0,0,0,1,0,0,0,0,0,0,1,0,0,0,0,0,0,0,0,0,0,0,0,0,0,0,0,0,0,0,0,0,0,0,0,0,0,0,1,1,0,0,0,0,1,0,0,0,0,0,0,0,0,1,0,0,0,1,1,1,0,0,0,0,0,0,0,0,0,0,1,0,0,0,0,0,0,0,0,0,0,0,0,1,0,0,0,0,0,1,0,0
echothiophate,C9H23NO3PS+,256.33,CCOP(=O)(OCC)SCC[N+](C)(C)C,1.0,60.8,208,0,4,8,15,1,256.11362677,256.328,2.6069000000000004,35.53,0,4,8,0,0,0,0,0,0,0,0,0,0,0,0,1,0,0,0,0,0,0,1,0,0,0,0,0,0,0,0,0,1,0,0,1,0,0,1,0,0,0,0,1,0,1,0,0,0,0,0,0,0,1,0,0,1,1,0,0,1,0,0,0,0,0,1,0,1,1,0,0,0,0,0,0,0,1,0,1,0,0,0,0,0,1,0,0,0,0,1,1,0,0,0,0,0,0,0,0,0,0,0,0,0,0,0,1,0,0,0,0,0,0,0,0,0,0,0,0,0,1,0,0,0,0,0,0,0,0,0,0,0
dimenhydrinate,C24H28ClN5O3,470.0,CN1C2=C(C(=O)N(C1=O)C)NC(=N2)Cl.CN(C)CCOC(C1=CC=CC=C1)C2=CC=CC=C2,,81.8,509,1,5,6,33,0,469.1880675,469.9730000000002,2.967900000000001,85.15,1,5,6,4,4,1,1,1,1,0,1,0,0,0,0,1,1,1,1,0,0,1,1,1,1,0,0,0,0,0,0,0,0,0,0,0,1,1,1,0,0,0,0,0,1,0,0,0,0,0,1,1,1,0,1,1,1,1,1,1,1,0,0,1,0,1,0,0,1,1,1,0,0,0,0,0,0,0,0,1,0,0,0,0,0,1,1,0,0,0,1,1,0,0,1,1,0,0,0,0,0,0,0,0,0,1,0,0,0,0,0,1,0,0,0,0,0,0,1,0,0,0,0,0,1,1,1,1,0,0,0,0,0
lithium,Li,7.0,[Li],,0.0,0,0,0,0,1,0,7.01600343,6.941,-0.3808,0.0,0,0,0,0,0,1,0,0,0,0,0,0,0,0,0,0,0,0,0,0,0,0,0,0,0,0,0,0,0,0,0,0,0,0,0,0,0,0,0,0,0,0,0,0,0,0,0,0,0,0,0,0,0,0,0,0,0,0,0,0,0,0,0,0,0,0,0,0,0,0,0,0,0,0,0,0,0,0,0,0,0,0,0,0,0,0,0,0,0,0,0,0,0,0,0,0,0,0,0,0,0,0,0,0,0,0,0,0,0,0,0,0,0,0,0,0,0,0,0,0,0,0,0,0,0,0,0,0,0,0,0,0,0
Brolene,C19H24Br2N4O6S,596.3,C1=CC(=C(C=C1C(=N)N)Br)OCCCOC2=C(C=C(C=C2)C(=N)N)Br.C(CS(=O)(=O)O)O,,201.0,543,6,8,10,32,0,595.97628,596.2980000000003,2.4941400000000002,192.79999999999998,6,7,10,2,2,0,0,0,0,0,0,0,0,1,0,1,0,1,1,0,0,0,0,0,1,0,0,0,0,0,0,0,0,0,0,0,0,0,1,0,0,0,0,0,1,0,1,0,0,1,0,0,0,0,0,1,0,0,1,0,1,0,0,1,0,0,0,0,0,0,1,0,0,1,0,0,0,0,1,0,0,0,0,0,0,1,1,1,0,0,0,1,0,1,1,0,0,0,0,1,1,1,1,0,0,1,0,0,1,0,1,0,1,0,0,1,1,0,0,0,0,0,0,0,1,0,0,0,0,0,0,0,0
zuclopenthixol,C22H25ClN2OS,401.0,C1CN(CCN1CCC=C2C3=CC=CC=C3SC4=C2C=C(C=C4)Cl)CCO,4.3,52.0,509,1,4,5,27,0,400.1376123,400.9750000000002,4.236300000000004,26.71,1,4,5,4,2,0,0,1,0,0,0,0,0,0,0,0,0,0,1,0,0,0,1,0,1,0,1,0,0,0,0,0,0,0,0,1,0,1,0,0,1,0,1,0,1,0,0,1,0,0,1,0,1,1,1,0,0,0,1,1,0,0,0,0,0,0,0,0,0,1,1,0,0,0,0,0,0,1,0,1,1,0,1,0,0,1,1,0,0,0,0,1,0,1,1,0,0,0,0,1,0,1,0,0,0,1,0,0,0,1,0,0,1,0,1,0,0,0,0,0,0,0,0,1,0,0,1,0,0,1,0,0,1
phendimetrazine,C12H17NO,191.27,CC1C(OCCN1C)C2=CC=CC=C2,1.9,12.5,177,0,2,1,14,0,191.131014166,191.27400000000003,2.0782,12.47,0,2,1,2,1,0,0,0,0,0,1,0,0,1,0,0,0,0,0,0,0,1,0,1,0,1,0,0,0,0,0,0,0,0,1,1,0,0,1,1,0,0,0,0,1,0,0,0,0,0,0,0,1,0,0,0,0,0,0,1,0,0,0,0,0,0,0,0,0,1,0,0,0,0,0,0,1,1,1,0,0,0,0,0,0,0,1,0,0,1,0,1,1,0,0,0,0,0,0,0,0,0,0,0,0,1,0,1,0,0,0,0,0,0,0,0,0,0,0,0,0,0,0,0,0,0,1,0,1,0,0,0,1
desonide,C24H32O6,416.5,CC1(OC2CC3C4CCC5=CC(=O)C=CC5(C4C(CC3(C2(O1)C(=O)CO)C)O)C)C,2.7,93.1,873,2,6,2,30,0,416.21988874,416.51400000000024,2.3267000000000007,93.06,2,6,2,5,0,1,0,0,0,0,1,0,1,0,1,1,0,1,0,1,0,1,1,1,1,1,0,0,0,1,0,0,0,1,0,1,0,0,1,1,1,1,0,0,1,0,0,0,0,0,1,1,0,0,0,0,1,0,0,1,0,0,0,1,0,0,0,0,1,1,0,1,0,0,0,0,1,0,0,1,0,1,1,1,0,1,1,0,0,1,0,0,0,0,0,0,0,0,0,1,1,1,0,0,0,1,1,0,0,0,1,0,0,0,0,1,0,1,1,0,0,0,1,0,0,1,0,1,1,0,1,0,0
benzydamine,C19H23N3O,309.4,CN(C)CCCOC1=NN(C2=CC=CC=C21)CC3=CC=CC=C3,3.9,30.3,344,0,3,7,23,0,309.184112366,309.413,3.4151000000000016,30.29,0,3,7,3,3,0,0,0,0,0,1,0,0,0,0,0,1,1,1,0,0,0,1,0,1,0,0,0,0,0,0,0,0,0,0,1,1,0,1,0,0,1,1,0,1,0,0,1,0,1,1,0,1,1,0,1,0,0,1,0,1,0,0,0,0,0,0,0,0,1,1,0,0,0,0,0,0,0,0,0,0,0,1,1,0,1,1,1,0,0,0,1,0,0,0,1,0,0,0,0,0,1,0,1,0,1,1,0,0,0,0,0,0,0,0,0,0,0,1,0,0,0,0,0,1,0,0,1,0,0,0,0,0
isomannide,C6H10O4,146.14,C1C(C2C(O1)C(CO2)O)O,-1.4,58.9,122,2,4,0,10,0,146.0579088,146.142,-1.4942000000000002,58.92,2,4,0,2,0,0,0,0,1,0,0,0,0,0,0,0,0,0,0,0,0,1,0,0,0,0,0,0,0,0,0,0,0,0,0,1,0,0,0,1,0,0,0,0,1,0,1,0,0,0,0,0,0,0,0,0,0,0,0,0,0,0,0,1,0,0,0,0,0,0,0,1,0,0,0,0,0,0,0,0,0,0,0,0,0,0,1,0,0,0,0,0,0,0,0,0,0,0,1,0,0,0,0,0,0,0,0,0,0,0,1,0,0,0,0,1,0,0,0,0,0,0,0,0,0,0,0,0,1,0,0,0,0
Tadenan,C22H46O,326.6,CCCCCCCCCCCCCCCCCCCCCCO,10.5,20.2,190,1,1,20,23,0,326.354866087,326.60900000000004,7.800600000000008,20.23,1,1,20,0,0,0,0,0,0,0,0,0,0,0,0,0,0,0,0,0,0,0,0,0,0,0,0,0,0,0,0,1,0,0,1,0,0,0,1,0,0,1,0,1,1,0,0,0,0,0,0,0,0,0,0,0,0,0,0,0,0,0,0,0,0,0,0,0,0,0,0,0,0,0,0,0,0,0,0,0,0,0,0,0,1,1,0,0,0,0,0,0,0,0,1,0,0,0,0,1,0,0,0,0,0,0,0,0,0,0,0,1,0,0,0,0,0,0,0,0,0,0,0,0,1,0,0,0,0,0,0,0,0
lormetazepam,C16H12Cl2N2O2,335.2,CN1C2=C(C=C(C=C2)Cl)C(=NC(C1=O)O)C3=CC=CC=C3Cl,2.4,52.9,471,1,3,1,22,0,334.027583,335.19000000000005,3.125600000000002,52.900000000000006,1,3,1,3,2,1,0,0,0,0,1,0,1,0,0,1,0,0,0,0,1,0,0,0,1,0,0,0,0,0,0,0,0,0,0,0,0,0,1,0,0,0,1,0,1,0,0,0,0,0,1,0,1,1,1,0,0,0,0,0,0,0,0,1,0,0,0,0,1,1,0,0,0,0,0,1,1,0,1,0,1,1,0,1,0,0,1,0,0,1,0,1,0,1,0,0,1,0,0,0,0,1,0,0,0,1,0,0,0,0,1,1,1,0,0,1,0,0,0,0,0,0,0,0,1,0,1,1,1,0,0,0,0
vinblastine,C46H58N4O9,811.0,CCC1(CC2CC(C3=C(CCN(C2)C1)C4=CC=CC=C4N3)(C5=C(C=C6C(=C5)C78CCN9C7C(C=CC9)(C(C(C8N6C)(C(=O)OC)O)OC(=O)C)CC)OC)C(=O)OC)O,3.7,154.0,1700,3,12,10,59,0,810.42037944,810.9890000000001,3.990900000000004,154.1,3,12,7,9,3,1,0,1,0,0,0,0,0,1,1,1,1,0,0,1,1,0,0,0,1,1,0,0,1,0,0,0,0,1,1,1,0,1,1,1,1,1,1,1,1,0,0,1,0,0,0,1,1,0,0,1,1,0,1,1,1,0,0,1,0,1,0,1,0,1,1,0,1,1,1,1,1,1,1,1,0,1,1,0,0,1,1,1,1,0,0,1,1,0,0,1,0,0,0,0,1,1,0,1,1,1,0,1,0,1,1,1,1,1,0,1,0,0,0,0,0,0,0,0,1,1,1,0,1,0,1,1,0
ferumoxytol,Fe3O4,231.53,[O-2].[O-2].[O-2].[O-2].[Fe+2].[Fe+3].[Fe+3],,4.0,0,0,4,0,7,0,231.784465,231.531,-0.4827,114.0,0,0,0,0,0,0,0,0,0,0,0,0,0,0,0,0,0,0,0,0,0,0,0,0,0,0,0,0,0,0,0,0,0,0,0,0,0,0,0,0,0,0,0,0,0,0,0,0,0,0,0,0,0,0,0,0,0,0,0,0,0,0,0,0,0,0,0,1,0,0,0,0,0,0,0,0,0,0,0,0,0,0,0,0,0,0,0,0,0,0,0,0,0,0,0,0,0,0,0,0,1,0,0,0,0,0,0,0,0,0,0,0,0,0,0,0,0,0,0,0,0,0,0,0,0,0,0,0,0,0,0,0,1
arsenic,As,74.92159,[As],,0.0,0,0,0,0,1,0,74.921595,74.922,-0.3808,0.0,0,0,0,0,0,0,0,0,0,0,0,0,0,0,0,0,0,0,0,0,0,0,0,0,0,0,0,0,0,0,0,0,0,0,0,0,0,0,0,0,0,0,0,0,0,0,0,0,1,0,0,0,0,0,0,0,0,0,0,0,0,0,0,0,0,0,0,0,0,0,0,0,0,0,0,0,0,0,0,0,0,0,0,0,0,0,0,0,0,0,0,0,0,0,0,0,0,0,0,0,0,0,0,0,0,0,0,0,0,0,0,0,0,0,0,0,0,0,0,0,0,0,0,0,0,0,0,0,0,0,0,0,0
fluoride,F-,18.99840316,[F-],0.6,0.0,0,0,1,0,1,-1,18.998403162,18.998,-2.996,0.0,0,0,0,0,0,0,0,0,0,0,0,0,0,0,0,0,0,0,0,0,0,0,0,0,0,0,0,0,0,0,0,0,0,0,0,0,0,0,0,0,0,0,0,0,0,0,0,0,0,0,0,0,0,0,0,0,0,0,0,0,0,0,0,0,0,0,0,1,0,0,0,0,0,0,0,0,0,0,0,0,0,0,0,0,0,0,0,0,0,0,0,0,0,0,0,0,0,0,0,0,0,0,0,0,0,0,0,0,0,0,0,0,0,0,0,0,0,0,0,0,0,0,0,0,0,0,0,0,0,0,0,0,0
benzathine,C16H20N2,240.34,C1=CC=C(C=C1)CNCCNCC2=CC=CC=C2,2.4,24.1,171,2,2,7,18,0,240.162648646,240.35,2.5660000000000007,24.06,2,2,7,2,2,1,1,0,0,0,1,0,0,0,0,0,0,0,0,0,0,0,0,0,0,0,0,0,0,0,0,0,1,0,0,0,0,0,0,0,0,0,0,0,0,0,0,1,0,0,0,0,1,0,0,0,0,0,0,0,0,0,0,0,0,0,0,0,0,1,0,0,0,0,0,1,0,0,0,0,0,0,0,0,0,1,1,0,0,0,0,1,0,0,0,1,0,0,0,0,0,0,0,0,1,1,0,0,0,0,0,0,0,1,0,0,0,0,0,0,0,0,0,0,0,0,0,0,0,0,0,1,1
metaxalone,C12H15NO3,221.25,CC1=CC(=CC(=C1)OCC2CNC(=O)O2)C,2.2,47.6,247,1,3,3,16,0,221.10519334,221.25599999999997,1.7906399999999996,47.56,1,3,3,2,1,1,0,0,0,0,0,0,0,1,0,1,0,0,0,0,0,1,0,0,0,0,0,0,0,0,0,0,0,0,0,1,1,0,1,0,0,0,0,0,0,0,0,1,0,1,0,0,0,0,0,0,0,0,0,0,1,0,0,1,0,1,0,0,0,0,0,1,0,0,0,0,0,0,0,1,0,0,0,0,0,1,1,0,0,0,0,1,0,0,0,1,0,1,0,0,0,0,0,1,0,1,0,0,0,0,0,0,1,0,1,1,1,1,0,0,0,1,0,0,1,1,0,0,1,0,0,0,0
amiloride,C6H8ClN7O,229.63,C1(=C(N=C(C(=N1)Cl)N)N)C(=O)N=C(N)N,-0.7,159.0,279,4,5,1,15,0,229.0478856,229.63099999999997,-1.2919999999999998,159.29,4,5,1,1,1,0,0,0,0,0,0,0,0,0,1,1,0,1,0,0,0,0,0,0,1,0,0,0,0,0,0,0,0,0,0,0,0,0,0,0,0,0,0,0,1,0,0,0,0,0,0,0,0,0,1,0,1,0,0,0,0,0,0,0,0,1,0,0,1,0,0,0,0,0,1,1,0,0,0,0,1,0,0,0,0,0,0,1,1,0,1,0,0,0,0,0,1,0,0,0,1,0,0,0,0,1,0,0,0,0,0,1,0,0,1,0,0,0,1,0,0,1,0,0,0,0,0,1,0,0,1,0,0
pimozide,C28H29F2N3O,461.5,C1CN(CCC1N2C3=CC=CC=C3NC2=O)CCCC(C4=CC=C(C=C4)F)C5=CC=C(C=C5)F,6.3,35.6,632,1,4,7,34,0,461.22786888,461.55600000000015,5.8570000000000055,41.03,1,2,7,5,4,0,1,1,0,0,1,1,0,1,0,1,0,0,1,0,0,0,0,0,0,0,0,0,0,0,0,0,0,0,0,1,0,0,0,0,0,1,0,0,1,0,0,0,0,0,1,0,1,0,0,0,1,0,0,0,0,0,0,1,1,0,1,0,0,1,0,0,0,0,0,0,0,1,0,1,1,0,0,0,1,1,1,0,0,0,1,1,0,1,0,1,1,0,0,1,0,0,0,0,1,1,0,0,0,0,0,0,0,0,1,0,0,0,0,0,0,1,0,1,1,0,1,1,1,0,0,1,1
betamethasone,C22H29FO5,392.5,CC1CC2C3CCC4=CC(=O)C=CC4(C3(C(CC2(C1(C(=O)CO)O)C)O)F)C,1.9,94.8,805,3,6,2,28,0,392.19990218,392.4670000000001,1.8957,94.83000000000001,3,5,2,4,0,1,0,1,0,0,0,0,1,1,0,1,0,1,1,0,0,0,0,1,1,1,0,0,0,0,0,0,0,1,1,1,0,0,1,0,1,1,0,0,1,1,0,1,0,0,1,0,0,0,0,0,0,0,0,1,1,0,0,1,0,0,1,0,0,0,0,0,0,0,0,0,1,0,1,1,0,1,1,0,0,1,1,0,0,1,0,0,0,1,0,0,0,0,0,1,0,0,0,0,0,1,1,0,0,0,1,1,0,1,0,1,0,0,0,0,0,0,1,0,0,1,0,1,1,1,1,0,1
fluorescein,C20H12O5,332.3,C1=CC=C2C(=C1)C(=O)OC23C4=C(C=C(C=C4)O)OC5=C3C=CC(=C5)O,3.4,76.0,522,2,5,0,25,0,332.06847348,332.31100000000004,3.665800000000002,75.99000000000001,2,5,0,5,3,0,1,1,0,0,0,0,0,0,0,1,0,0,0,0,0,1,0,1,0,0,0,0,0,0,0,0,0,0,0,0,0,0,1,0,0,1,1,0,1,1,0,1,0,0,0,0,1,0,0,0,0,1,0,0,0,0,0,1,0,1,0,0,0,1,0,1,0,0,0,0,0,1,0,0,0,1,0,0,0,0,1,1,0,1,0,1,0,1,0,0,0,0,0,0,0,1,0,0,0,1,0,0,0,0,1,0,1,0,0,0,0,0,1,0,0,0,0,0,1,0,0,0,0,0,1,0,0
5-aza-2'-deoxycytidine,C8H12N4O4,228.21,C1C(C(OC1N2C=NC(=NC2=O)N)CO)O,-1.2,121.0,356,3,4,2,16,0,228.08585488,228.20799999999997,-2.1387999999999985,123.49000000000001,3,7,2,2,1,1,1,0,0,1,0,0,0,0,0,1,0,1,0,0,0,1,0,0,1,0,0,0,0,0,1,0,1,0,0,1,0,0,0,0,0,1,0,0,1,0,0,0,0,1,0,0,0,0,1,0,0,0,0,0,1,0,0,1,0,0,0,0,1,0,1,1,0,0,0,0,0,0,0,0,0,0,0,0,0,1,1,0,0,0,0,0,0,0,1,0,0,0,0,1,1,0,0,1,0,1,0,1,0,0,1,0,0,1,0,0,0,1,0,0,0,0,0,0,0,0,0,1,1,0,0,0,0
SonoVue,F6S,146.06,FS(F)(F)(F)(F)F,4.2,1.0,62,0,6,0,7,0,145.96249015,146.055,3.1693999999999996,0.0,0,0,0,0,0,0,0,0,0,0,0,0,0,1,0,0,0,0,0,0,0,0,0,0,0,0,0,0,0,0,0,0,0,0,0,0,0,0,0,0,0,0,0,0,0,0,0,0,0,0,0,0,0,0,0,0,0,0,0,0,0,0,0,0,0,0,0,0,0,0,0,0,0,0,0,1,0,0,0,0,0,0,0,0,1,0,0,0,0,1,0,0,0,0,0,0,0,0,0,0,0,0,0,0,0,0,0,0,0,0,0,0,0,0,0,0,0,0,0,0,0,0,0,0,0,0,0,0,0,0,0,0,0
clocortolone,C22H28ClFO4,410.9,CC1CC2C3CC(C4=CC(=O)C=CC4(C3(C(CC2(C1C(=O)CO)C)O)Cl)C)F,2.5,74.6,793,2,5,2,28,0,410.1660152,410.9130000000001,2.9981000000000018,74.60000000000001,2,4,2,4,0,1,0,0,0,0,0,0,1,1,0,1,0,1,1,1,1,1,0,0,1,1,0,1,0,1,0,0,0,0,1,1,0,1,1,1,1,1,1,0,1,0,0,1,0,0,0,0,0,0,0,0,0,0,0,0,0,0,0,1,0,0,0,0,0,0,0,1,1,0,1,1,1,0,0,0,0,0,0,0,0,1,1,0,0,1,0,0,0,0,0,0,0,1,0,1,0,0,0,0,0,1,1,0,0,0,1,0,0,0,1,1,0,0,1,0,0,0,0,0,1,1,0,1,1,0,1,0,1
hydrocodone,C18H21NO3,299.4,CN1CCC23C4C1CC5=C2C(=C(C=C5)OC)OC3C(=O)CC4,2.2,38.8,509,0,4,1,22,0,299.15214353,299.37000000000006,1.9333,38.77,0,4,1,5,1,1,0,0,0,0,0,0,1,0,0,1,0,0,0,1,1,1,0,0,1,1,0,0,0,0,1,0,0,0,1,1,0,0,1,1,0,1,0,0,1,0,0,0,0,1,1,0,0,0,0,1,0,0,1,0,1,0,0,1,0,1,1,0,0,0,0,0,1,1,0,0,0,1,1,1,0,0,0,0,0,1,1,0,0,1,0,1,0,0,0,0,0,0,1,1,0,0,0,0,0,1,0,1,1,0,1,0,0,0,0,1,0,0,0,1,0,0,0,0,0,1,1,0,1,0,0,1,0
gold,Au,196.96657,[Au],,0.0,0,0,0,0,1,0,196.96657,196.967,-0.0025,0.0,0,0,0,0,0,0,0,0,0,0,0,0,0,0,0,0,0,0,0,0,0,0,0,0,0,0,0,0,0,0,0,0,0,0,1,0,0,0,0,0,0,0,0,0,0,0,0,0,0,0,0,0,0,0,0,0,0,0,0,0,0,0,0,0,0,0,0,0,0,0,0,0,0,0,0,0,0,0,0,0,0,0,0,0,0,0,0,0,0,0,0,0,0,0,0,0,0,0,0,0,0,0,0,0,0,0,0,0,0,0,0,0,0,0,0,0,0,0,0,0,0,0,0,0,0,0,0,0,0,0,0,0,0
ogen,C22H32N2O5S,436.6,CC12CCC3C(C1CCC2=O)CCC4=C3C=CC(=C4)OS(=O)(=O)O.C1CNCCN1,,113.0,650,3,7,2,30,0,436.2031933,436.5740000000002,2.4726,104.73,3,6,2,5,1,0,0,0,1,0,0,0,1,0,0,1,0,0,0,0,1,0,1,0,0,0,0,0,0,1,0,0,0,1,0,1,0,0,1,0,0,1,0,0,1,0,0,0,0,0,1,0,0,0,1,0,0,0,0,0,1,0,0,1,0,0,1,0,1,0,0,1,0,1,0,0,1,0,1,1,0,0,0,1,0,1,1,0,0,1,0,1,0,0,1,1,1,1,0,1,0,0,0,0,0,1,0,0,0,0,0,0,1,1,0,1,1,0,0,0,0,0,0,1,0,0,1,1,1,1,0,0,0
molindone,C16H24N2O2,276.37,CCC1=C(NC2=C1C(=O)C(CC2)CN3CCOCC3)C,1.7,45.3,354,1,3,3,20,0,276.183778013,276.37999999999994,1.96282,45.33,1,3,3,3,1,0,0,0,0,0,0,0,1,0,0,1,1,1,0,0,0,1,0,0,0,1,0,0,0,1,0,1,0,0,0,1,0,0,1,0,0,1,1,1,1,0,0,0,0,0,1,0,0,0,0,1,0,1,0,1,0,0,1,1,0,0,0,0,0,0,0,0,0,1,0,0,0,1,0,1,1,0,0,0,1,1,1,0,1,0,0,0,0,0,0,1,0,0,0,0,1,0,1,0,0,1,0,0,0,0,0,0,0,0,0,1,0,0,0,1,0,0,0,0,0,0,0,1,1,0,1,0,1
lanthanum,La,138.9055,[La],,0.0,0,0,0,0,1,0,138.906363,138.906,0.0,0.0,0,0,0,0,0,0,0,0,0,0,0,0,0,0,0,0,0,0,0,0,0,0,0,0,0,0,0,0,0,0,0,0,0,0,0,0,0,0,0,0,0,0,0,0,0,0,0,0,0,0,0,0,0,0,0,0,0,0,0,0,0,0,0,0,0,0,0,0,0,0,0,0,0,0,0,0,0,0,0,0,0,0,0,0,0,0,0,0,0,0,0,0,0,0,0,0,0,1,0,0,0,0,0,0,0,0,0,0,0,0,0,0,0,0,0,0,0,0,0,0,0,0,0,0,0,0,0,0,0,0,0,0,0
samarium,Sm,150.4,[Sm],,0.0,0,0,0,0,1,0,151.91974,150.36,0.0,0.0,0,0,0,0,0,0,0,0,0,0,0,0,0,0,0,0,0,0,0,0,0,0,0,0,0,0,0,0,0,0,0,0,0,0,0,0,0,0,0,0,0,0,0,0,0,0,0,0,0,0,0,0,0,0,0,0,1,0,0,0,0,0,0,0,0,0,0,0,0,0,0,0,0,0,0,0,0,0,0,0,0,0,0,0,0,0,0,0,0,0,0,0,0,0,0,0,0,0,0,0,0,0,0,0,0,0,0,0,0,0,0,0,0,0,0,0,0,0,0,0,0,0,0,0,0,0,0,0,0,0,0,0,0
technetium-99m,Tc,98.90625,[Tc],,0.0,0,0,0,0,1,0,98.90625,98.0,-0.0025,0.0,0,0,0,0,0,0,0,0,0,0,0,0,0,0,0,0,0,0,0,0,0,0,0,0,0,0,0,0,0,0,0,0,0,0,0,0,0,0,0,0,0,0,0,0,0,0,0,0,0,0,0,0,0,0,0,0,0,0,0,0,0,0,0,0,0,0,0,0,0,0,0,0,0,0,0,0,0,0,0,0,0,0,0,0,0,0,0,0,0,0,0,0,0,0,0,0,0,0,0,0,0,0,0,0,0,0,0,0,0,0,0,0,0,0,0,0,0,0,0,0,0,0,0,0,0,0,0,0,0,0,0,0,1
chromium,Cr,51.996,[Cr],,0.0,0,0,0,0,1,0,51.940505,51.996,-0.0025,0.0,0,0,0,0,0,0,0,0,0,0,0,0,0,0,0,0,0,0,0,0,0,0,0,0,0,0,0,0,0,0,0,0,0,0,0,0,0,0,0,0,0,0,0,0,0,0,0,0,0,0,0,0,0,0,1,0,0,0,0,0,0,0,0,0,0,0,0,0,0,0,0,0,0,0,0,0,0,0,0,0,0,0,0,0,0,0,0,0,0,0,0,0,0,0,0,0,0,0,0,0,0,0,0,0,0,0,0,0,0,0,0,0,0,0,0,0,0,0,0,0,0,0,0,0,0,0,0,0,0,0,0,0,0
copper,Cu,63.55,[Cu],,0.0,0,0,0,0,1,0,62.929597,63.546,-0.0025,0.0,0,0,0,0,0,0,0,0,0,0,0,0,0,0,0,0,0,0,0,0,0,0,0,0,0,0,0,0,0,0,0,0,0,0,0,0,0,0,0,0,0,0,0,0,0,0,0,0,0,0,0,0,0,1,0,0,0,0,0,0,0,0,0,0,0,0,0,0,0,0,0,0,0,0,0,0,0,0,0,0,0,0,0,0,0,0,0,0,0,0,0,0,0,0,0,0,0,0,0,0,0,0,0,0,0,0,0,0,0,0,0,0,0,0,0,0,0,0,0,0,0,0,0,0,0,0,0,0,0,0,0,0,0
gadolinium,Gd,157.25,[Gd],,0.0,0,0,0,0,1,0,157.92411,157.25,0.0,0.0,0,0,0,0,0,0,0,0,1,0,0,0,0,0,0,0,0,0,0,0,0,0,0,0,0,0,0,0,0,0,0,0,0,0,0,0,0,0,0,0,0,0,0,0,0,0,0,0,0,0,0,0,0,0,0,0,0,0,0,0,0,0,0,0,0,0,0,0,0,0,0,0,0,0,0,0,0,0,0,0,0,0,0,0,0,0,0,0,0,0,0,0,0,0,0,0,0,0,0,0,0,0,0,0,0,0,0,0,0,0,0,0,0,0,0,0,0,0,0,0,0,0,0,0,0,0,0,0,0,0,0,0,0
yttrium,Y,88.90584,[Y],,0.0,0,0,0,0,1,0,88.905838,88.906,-0.0025,0.0,0,0,0,0,0,0,0,0,0,0,0,0,0,0,0,0,0,0,0,0,0,0,0,0,0,0,0,0,0,0,0,0,0,0,0,0,0,0,0,0,0,0,0,0,0,0,0,0,0,0,0,0,0,0,0,0,0,0,0,0,0,0,0,0,0,0,0,0,0,0,0,0,0,0,0,0,0,0,0,1,0,0,0,0,0,0,0,0,0,0,0,0,0,0,0,0,0,0,0,0,0,0,0,0,0,0,0,0,0,0,0,0,0,0,0,0,0,0,0,0,0,0,0,0,0,0,0,0,0,0,0,0,0
zinc,Zn,65.4,[Zn],,0.0,0,0,0,0,1,0,63.929142,65.39,-0.0025,0.0,0,0,0,0,0,0,0,0,0,0,0,0,0,0,0,0,0,0,0,0,0,0,0,0,0,0,0,0,0,0,0,0,0,0,0,0,0,0,0,0,0,0,0,0,0,0,0,0,0,0,0,0,0,0,0,0,0,0,0,0,0,0,0,0,0,0,0,0,0,0,0,0,0,0,0,0,0,0,0,0,0,0,0,0,0,1,0,0,0,0,0,0,0,0,0,0,0,0,0,0,0,0,0,0,0,0,0,0,0,0,0,0,0,0,0,0,0,0,0,0,0,0,0,0,0,0,0,0,0,0,0,0,0
selenium,Se,78.97,[Se],,0.0,0,0,0,0,1,0,79.91652,78.96,-0.3808,0.0,0,0,0,0,0,0,0,0,0,0,0,0,0,0,1,0,0,0,0,0,0,0,0,0,0,0,0,0,0,0,0,0,0,0,0,0,0,0,0,0,0,0,0,0,0,0,0,0,0,0,0,0,0,0,0,0,0,0,0,0,0,0,0,0,0,0,0,0,0,0,0,0,0,0,0,0,0,0,0,0,0,0,0,0,0,0,0,0,0,0,0,0,0,0,0,0,0,0,0,0,0,0,0,0,0,0,0,0,0,0,0,0,0,0,0,0,0,0,0,0,0,0,0,0,0,0,0,0,0,0,0,0,0
barium,Ba,137.33,[Ba],,0.0,0,0,0,0,1,0,137.905247,137.328,-0.3808,0.0,0,0,0,0,0,0,0,0,0,0,0,0,0,0,0,0,0,0,0,0,0,0,0,0,0,0,0,1,0,0,0,0,0,0,0,0,0,0,0,0,0,0,0,0,0,0,0,0,0,0,0,0,0,0,0,0,0,0,0,0,0,0,0,0,0,0,0,0,0,0,0,0,0,0,0,0,0,0,0,0,0,0,0,0,0,0,0,0,0,0,0,0,0,0,0,0,0,0,0,0,0,0,0,0,0,0,0,0,0,0,0,0,0,0,0,0,0,0,0,0,0,0,0,0,0,0,0,0,0,0,0,0,0
iodide,I-,126.9045,[I-],0.9,0.0,0,0,1,0,1,-1,126.90447,126.904,-2.996,0.0,0,0,0,0,0,0,0,0,0,0,0,0,0,0,0,0,0,0,0,0,0,0,0,0,1,0,0,0,0,0,0,0,0,0,0,0,0,0,0,0,0,0,0,0,0,0,0,0,0,0,0,0,0,0,0,0,0,0,0,0,0,0,0,0,0,0,0,0,0,0,0,0,0,0,0,0,0,0,0,0,0,0,0,0,0,0,0,0,0,0,0,0,0,0,0,0,0,0,0,0,0,0,0,0,0,0,0,0,0,0,0,0,0,0,0,0,0,0,0,0,0,0,0,0,0,0,0,0,0,0,0,0,0
clodronate,CH4Cl2O6P2,244.89,C(P(=O)(O)O)(P(=O)(O)O)(Cl)Cl,-2.1,115.0,211,4,6,2,11,0,243.8860172,244.89100000000002,0.4306999999999997,115.06,4,2,2,0,0,0,0,0,0,0,0,0,1,0,0,1,0,0,0,0,0,0,0,0,1,0,0,0,0,0,0,0,0,0,0,0,0,0,0,0,1,0,0,0,1,0,0,0,0,0,0,1,0,0,0,0,0,0,0,0,0,0,0,0,0,0,1,1,0,1,0,0,0,0,0,0,0,0,0,0,0,0,0,0,0,0,0,0,0,0,0,0,0,0,0,0,0,0,0,0,0,0,0,0,0,0,0,1,0,0,0,1,0,0,0,0,0,0,0,1,0,0,0,0,0,0,0,0,0,0,0,0,0
HMDP,CH6O7P2,192.0,C(O)(P(=O)(O)O)P(=O)(O)O,-3.9,135.0,174,5,7,2,10,0,191.95887652,191.99999999999997,-1.3823,135.29000000000002,5,3,2,0,0,0,1,0,0,0,0,0,0,0,0,1,0,0,0,0,0,0,0,0,0,0,0,0,0,0,0,0,0,0,0,0,0,0,0,0,0,0,1,0,1,0,0,0,0,0,0,1,0,0,0,1,0,0,0,0,0,0,0,0,0,0,0,0,0,1,0,0,0,0,0,0,0,0,0,0,0,0,0,0,0,0,0,0,0,0,0,0,0,0,0,0,0,0,1,0,0,0,0,0,1,0,0,1,0,0,0,0,0,0,0,0,0,0,0,0,0,0,0,0,0,0,0,0,0,0,1,0,0
pizotifen,C19H21NS,295.4,CN1CCC(=C2C3=C(CCC4=CC=CC=C42)SC=C3)CC1,3.8,31.5,406,0,2,0,21,0,295.13947085,295.4510000000001,4.374200000000004,3.24,0,2,0,4,2,1,1,0,0,0,0,0,0,0,0,0,1,0,0,1,0,0,0,0,0,0,0,0,0,0,0,0,0,0,0,1,1,0,1,0,1,0,0,1,1,0,0,1,0,1,0,0,1,0,0,0,0,0,0,0,0,0,0,1,0,0,0,0,0,1,0,0,0,0,0,1,0,1,1,1,0,0,0,0,1,0,1,0,0,1,0,1,1,1,0,0,0,0,0,0,0,1,1,0,0,1,0,0,0,0,0,0,0,0,0,0,0,0,0,1,0,0,0,0,0,0,1,0,0,1,0,0,0
isosorbide-5-mononitrate,C6H9NO6,191.14,C1C(C2C(O1)C(CO2)O[N+](=O)[O-])O,-0.4,93.7,216,1,6,1,13,0,191.04298701,191.13899999999998,-1.2782,91.06,1,6,2,2,0,0,0,0,1,0,0,0,0,1,1,1,0,0,0,0,0,1,0,0,0,0,0,0,0,0,0,0,0,0,0,1,0,0,0,1,0,0,0,0,1,0,1,1,1,0,0,0,0,0,0,0,0,0,0,0,1,0,0,1,0,0,0,0,0,0,0,1,0,0,0,1,0,1,0,0,1,0,0,0,0,0,1,0,0,1,0,0,0,0,0,0,0,0,1,0,0,0,0,0,0,0,0,0,0,0,1,0,0,0,0,1,0,0,1,0,0,0,0,0,0,0,0,0,1,1,0,0,0
desmopressin,C46H64N14O12S2,1069.2,C1CC(N(C1)C(=O)C2CSSCCC(=O)NC(C(=O)NC(C(=O)NC(C(=O)NC(C(=O)N2)CC(=O)N)CCC(=O)N)CC3=CC=CC=C3)CC4=CC=C(C=C4)O)C(=O)NC(CCCN=C(N)N)C(=O)NCC(=O)N,-4.0,489.0,2040,13,15,19,74,0,1068.42695588,1069.2379999999994,-4.341700000000017,437.9099999999999,13,15,19,4,2,1,1,0,1,1,1,1,0,1,0,1,0,1,0,0,1,1,0,1,1,0,1,0,0,0,1,0,0,1,0,1,0,1,1,0,1,1,0,0,1,0,0,1,0,1,1,0,1,1,1,0,1,0,1,1,0,0,0,1,0,1,1,1,0,1,1,1,0,0,1,0,0,1,1,1,0,0,0,1,0,1,1,1,0,1,1,1,0,0,0,1,0,0,0,1,1,1,0,1,1,1,0,0,0,1,1,1,0,1,0,0,0,1,1,1,1,0,1,0,1,0,0,0,1,0,1,0,1
dexrazoxane,C11H16N4O4,268.27,CC(CN1CC(=O)NC(=O)C1)N2CC(=O)NC(=O)C2,-1.4,98.8,404,2,6,3,19,0,268.117155,268.27299999999997,-2.708299999999996,98.82,2,6,3,2,0,0,1,1,0,0,0,0,0,0,0,1,1,0,0,0,0,0,0,0,0,0,1,0,0,0,0,1,1,1,0,1,0,0,1,1,0,1,0,0,1,0,0,0,0,0,0,0,0,0,0,0,0,0,0,0,0,0,0,1,0,0,0,0,1,0,0,0,1,1,0,0,0,0,0,0,0,1,0,0,0,1,0,0,0,0,0,0,0,0,0,1,0,0,0,0,0,0,0,0,0,1,0,0,0,0,0,0,0,0,0,0,0,0,1,0,0,0,0,0,0,0,1,0,0,0,0,0,1
carbimazole,C7H10N2O2S,186.23,CCOC(=O)N1C=CN(C1=S)C,0.7,64.9,240,0,3,2,12,0,186.04629874,186.236,1.5606900000000001,36.16,0,3,1,1,1,0,1,1,0,0,0,0,0,0,0,1,0,0,0,0,0,0,0,0,1,0,1,0,0,0,0,0,0,0,0,0,0,0,1,0,0,0,0,1,1,0,1,0,0,0,0,0,0,0,0,0,0,0,1,0,1,0,0,1,0,0,0,0,0,0,0,0,0,0,0,0,0,0,0,0,0,0,1,1,0,1,1,0,0,0,0,1,0,0,0,0,0,0,0,0,1,0,1,0,0,1,0,0,0,0,0,0,0,1,0,0,0,0,0,0,0,0,0,0,0,0,1,0,0,0,1,0,0
paraldehyde,C6H12O3,132.16,CC1OC(OC(O1)C)C,0.7,27.7,63,0,3,0,9,0,132.078644241,132.159,1.0877999999999999,27.69,0,3,0,1,0,0,1,0,0,0,0,0,0,1,0,0,0,0,0,0,0,1,0,0,0,0,0,0,0,0,0,0,0,0,1,0,0,0,1,0,0,0,0,0,0,0,0,0,0,0,0,0,0,0,0,0,0,0,0,0,0,1,0,0,0,0,0,0,0,0,0,0,0,0,0,0,0,0,0,0,0,0,0,0,0,0,0,0,0,0,0,0,0,0,0,0,0,0,0,1,0,0,0,0,0,0,0,0,0,0,0,0,0,0,0,0,0,0,0,0,0,0,0,0,0,0,0,0,1,0,0,0,0
metipranolol,C17H27NO4,309.4,CC1=CC(=C(C(=C1OC(=O)C)C)C)OCC(CNC(C)C)O,2.7,67.8,348,2,5,8,22,0,309.19400834,309.406,2.27486,67.79,2,5,7,1,1,1,1,0,0,1,0,0,0,0,0,1,1,0,0,1,0,0,0,1,0,0,0,0,0,0,0,1,1,0,1,0,0,0,1,0,0,0,0,1,1,0,1,0,0,1,0,1,0,0,0,1,0,0,0,0,1,0,1,1,0,0,0,0,0,0,1,0,0,0,0,0,0,0,1,0,0,0,1,0,0,1,1,0,0,0,0,0,0,0,0,0,0,0,0,1,0,0,0,0,1,1,0,1,0,0,0,0,1,0,0,1,1,0,0,0,0,0,0,1,0,0,1,0,0,1,1,0,0
articaine,C13H20N2O3S,284.38,CCCNC(C)C(=O)NC1=C(SC=C1C)C(=O)OC,2.8,95.7,325,2,5,7,19,0,284.11946368,284.38100000000003,2.16972,67.43,2,5,6,1,1,1,1,0,0,0,0,0,0,0,0,1,0,0,1,1,0,0,1,0,0,0,0,0,0,1,0,1,1,0,0,0,1,0,1,0,1,0,0,1,1,1,0,0,0,0,0,1,0,0,0,0,0,0,0,0,1,0,0,1,0,0,1,0,0,0,1,0,0,0,0,0,1,0,1,0,0,0,1,0,0,1,1,0,0,0,0,0,0,0,0,0,0,0,1,0,0,1,0,0,0,1,0,0,0,0,0,0,0,0,0,0,1,1,1,1,0,0,0,0,0,0,0,0,0,0,1,0,0
Protirelin,C16H22N6O4,362.38,C1CC(N(C1)C(=O)C(CC2=CN=CN2)NC(=O)C3CCC(=O)N3)C(=O)N,-2.5,150.0,597,4,5,6,26,0,362.1702532,362.3900000000002,-1.808099999999997,150.28,4,5,6,3,1,1,1,0,0,1,0,0,0,0,0,1,0,1,0,0,0,0,1,0,1,0,1,1,0,0,1,0,1,0,0,1,0,0,0,0,0,0,0,1,1,0,0,0,0,0,1,0,0,0,1,0,0,0,0,0,0,0,0,1,0,1,0,1,0,0,1,0,1,0,1,0,0,1,1,1,0,0,1,0,1,1,1,0,0,0,0,0,0,1,1,1,0,0,0,1,0,1,0,1,1,1,0,0,1,1,0,1,0,1,0,0,0,0,0,1,0,0,1,0,0,0,0,1,1,1,1,0,1
Asp-Tyr(SO3H)-Met-Gly-Trp-Met-Asp-Phe-NH2,C49H62N10O16S3,1143.3,CSCCC(C(=O)NCC(=O)NC(CC1=CNC2=CC=CC=C21)C(=O)NC(CCSC)C(=O)NC(CC(=O)O)C(=O)NC(CC3=CC=CC=C3)C(=O)N)NC(=O)C(CC4=CC=C(C=C4)OS(=O)(=O)O)NC(=O)C(CC(=O)O)N,-2.6,486.0,2180,13,19,33,78,0,1142.35073945,1143.2900000000004,-1.329399999999998,426.79999999999995,13,16,33,4,4,1,1,0,0,0,1,0,1,1,0,1,1,1,0,0,0,0,1,1,1,0,0,1,0,0,0,0,0,0,0,1,0,1,1,0,0,0,1,1,1,0,1,1,0,0,1,0,1,0,0,1,1,0,0,1,1,0,1,0,0,1,1,0,0,1,0,1,0,1,1,1,1,1,1,0,0,0,1,1,1,1,1,1,0,1,0,1,1,0,1,1,0,1,0,1,0,1,0,0,1,1,0,0,0,0,0,1,1,1,0,0,0,0,0,0,0,1,1,0,1,0,0,1,0,0,1,0,0
oxcarbazepine,C15H12N2O2,252.27,C1C2=CC=CC=C2N(C3=CC=CC=C3C1=O)C(=O)N,1.7,63.4,382,1,2,0,19,0,252.08987763,252.273,2.6422,63.400000000000006,1,2,0,3,2,0,1,0,0,0,0,0,0,0,0,1,0,1,0,0,1,0,0,0,1,1,1,0,0,0,0,0,0,1,0,1,0,0,0,0,0,0,0,0,1,0,0,1,0,1,0,0,1,0,0,0,1,0,0,0,0,0,0,1,0,0,0,0,0,1,0,0,0,0,0,0,0,0,0,0,1,0,1,0,0,0,1,0,0,1,0,1,0,1,0,0,0,0,0,0,0,1,0,0,0,1,0,0,0,0,0,0,0,0,0,0,1,0,0,0,0,0,0,0,0,0,0,0,1,0,1,0,0
etomidate,C14H16N2O2,244.29,CCOC(=O)C1=CN=CN1C(C)C2=CC=CC=C2,3.0,44.1,277,0,3,5,18,0,244.121177757,244.294,2.669100000000001,44.12,0,3,4,2,2,0,1,0,0,0,1,0,0,0,0,1,0,0,0,1,0,0,1,0,1,0,0,0,0,0,0,0,1,0,0,0,1,0,1,0,0,1,0,1,1,0,0,0,1,0,1,0,1,0,0,0,0,0,0,0,1,0,0,1,0,0,0,0,0,1,0,1,1,0,0,0,0,0,0,0,0,0,0,0,0,1,1,0,0,0,1,1,0,0,0,1,0,1,0,1,0,0,0,0,0,1,0,0,0,1,0,0,0,0,0,0,0,0,0,0,0,0,0,0,1,0,0,1,0,0,1,0,1
gonadorelin,C55H75N17O13,1182.3,CC(C)CC(C(=O)NC(CCCN=C(N)N)C(=O)N1CCCC1C(=O)NCC(=O)N)NC(=O)CNC(=O)C(CC2=CC=C(C=C2)O)NC(=O)C(CO)NC(=O)C(CC3=CNC4=CC=CC=C43)NC(=O)C(CC5=CN=CN5)NC(=O)C6CCC(=O)N6,-2.4,475.0,2390,16,15,31,85,0,1181.57302551,1182.3110000000004,-4.387400000000027,474.6299999999999,16,15,31,6,4,1,1,0,0,1,0,1,0,1,0,1,0,1,0,0,0,1,1,0,1,0,1,1,1,1,1,0,1,0,0,1,1,1,1,0,0,0,1,1,1,1,1,0,0,0,1,0,1,0,1,1,1,0,0,1,1,0,0,1,0,1,1,1,0,1,1,1,1,0,1,0,1,1,1,1,0,0,1,0,1,1,1,1,0,1,1,1,1,0,1,1,1,0,0,1,1,1,0,1,1,1,0,0,1,1,1,1,1,1,0,0,0,1,1,1,0,0,1,0,1,0,0,1,1,1,1,0,1
dobutamine,C18H23NO3,301.4,CC(CCC1=CC=C(C=C1)O)NCCC2=CC(=C(C=C2)O)O,3.4,72.7,305,4,4,7,22,0,301.1677936,301.38599999999997,2.956800000000002,72.72,4,4,7,2,2,1,1,0,0,0,0,0,0,0,0,0,0,0,0,1,0,0,0,0,0,0,1,0,0,0,0,0,1,0,0,0,0,0,1,0,0,0,0,0,1,0,0,0,0,0,0,0,0,0,0,0,0,0,0,1,0,0,0,0,1,0,1,0,0,0,1,1,1,0,0,0,1,0,0,0,0,0,1,0,0,1,1,0,0,0,0,1,0,0,0,1,1,1,0,0,0,0,0,1,1,1,0,0,0,1,1,0,1,1,0,0,0,0,0,1,0,0,0,0,0,0,0,0,1,0,1,0,0
halofantrine,C26H30Cl2F3NO,500.4,CCCCN(CCCC)CCC(C1=C2C=CC(=CC2=C3C=C(C=C(C3=C1)Cl)Cl)C(F)(F)F)O,8.6,23.5,584,1,5,10,33,0,499.1656545,500.4320000000001,8.644300000000001,23.47,1,2,10,3,3,1,1,0,0,0,0,0,0,1,1,1,0,0,0,0,0,0,0,0,1,1,1,0,0,0,0,1,0,0,0,0,1,0,1,0,0,0,0,1,1,0,1,0,0,0,1,0,0,0,1,0,0,0,0,0,0,0,1,0,0,0,0,0,0,0,0,0,0,0,1,0,0,0,0,0,1,0,1,0,1,1,1,1,1,0,0,1,0,1,1,0,1,1,0,0,0,0,0,0,1,1,0,1,0,0,0,0,1,1,1,1,0,1,1,1,0,0,0,0,1,0,0,0,1,0,1,0,0
pentosan,C29H38Na10O50S9,1705.1,COC1COC(C(C1OS(=O)(=O)[O-])OS(=O)(=O)[O-])OC2COC(C(C2OS(=O)(=O)[O-])OS(=O)(=O)[O-])OC3COC(C(C3OS(=O)(=O)[O-])OC4C(C(C(C(O4)C(=O)[O-])OC)OS(=O)(=O)[O-])OS(=O)(=O)[O-])OC5COC(C(C5OS(=O)(=O)[O-])OS(=O)(=O)[O-])OC.[Na+].[Na+].[Na+].[Na+].[Na+].[Na+].[Na+].[Na+].[Na+].[Na+],,824.0,3290,0,50,20,98,0,1703.6894156,1705.076000000001,-43.2478000000001,748.7600000000002,0,50,30,5,0,0,1,0,1,0,0,0,0,0,1,1,0,0,1,0,1,1,0,0,1,0,1,0,1,0,0,0,1,1,1,1,0,0,1,1,0,0,0,0,1,0,1,1,1,0,0,0,0,0,0,1,0,0,1,0,1,0,0,0,0,0,1,0,0,1,1,0,0,1,0,0,0,0,1,1,1,1,0,0,0,0,0,0,0,0,0,1,0,0,0,0,0,0,0,1,0,0,1,1,0,0,1,0,0,0,0,0,0,0,0,1,0,1,0,0,0,0,0,0,0,1,0,0,1,1,1,0,0
carboplatin,C6H12N2O4Pt,371.25,C1CC(C1)(C(=O)O)C(=O)O.[NH2-].[NH2-].[Pt+2],,76.6,177,4,6,0,13,0,371.044501,371.25,1.7575999999999996,141.6,2,2,2,1,0,0,0,0,0,1,1,0,0,0,0,1,0,0,0,0,0,0,0,0,0,0,0,0,0,0,0,0,0,0,0,1,0,0,0,0,0,1,0,0,1,0,0,0,0,0,0,1,0,0,0,0,0,0,0,0,0,1,0,0,0,0,0,0,0,0,0,0,0,0,0,0,1,0,0,0,0,0,0,0,0,0,0,0,0,0,0,1,0,0,0,0,0,0,0,0,0,0,0,0,0,0,0,0,0,0,0,0,0,1,0,0,0,1,0,0,0,0,0,0,0,0,0,0,0,1,1,0,0
bezafibrate,C19H20ClNO4,361.8,CC(C)(C(=O)O)OC1=CC=C(C=C1)CCNC(=O)C2=CC=C(C=C2)Cl,3.8,75.6,452,2,4,7,25,0,361.1080858,361.82500000000005,3.5545000000000018,75.63,2,3,7,2,2,1,1,1,0,0,1,0,0,1,1,1,0,0,0,0,0,0,0,0,1,0,1,0,0,0,0,0,1,0,0,0,0,0,1,0,0,1,1,0,1,0,0,0,0,0,0,1,0,1,1,0,0,0,0,1,1,0,1,0,0,1,1,0,0,0,0,1,0,0,1,0,0,0,0,0,0,0,0,1,0,1,1,0,0,0,0,1,0,1,0,1,1,0,0,0,0,0,0,0,1,1,0,1,0,0,1,0,0,0,0,0,0,0,0,1,0,0,0,0,0,0,0,0,0,0,1,0,0
rimexolone,C24H34O3,370.5,CCC(=O)C1(C(CC2C1(CC(C3C2CCC4=CC(=O)C=CC34C)O)C)C)C,3.5,54.4,749,1,3,2,27,0,370.25079494,370.5330000000001,4.496500000000005,54.370000000000005,1,3,2,4,0,0,0,1,0,0,1,0,1,0,0,1,0,1,0,1,0,0,0,1,1,1,0,0,0,1,0,0,0,1,1,1,0,0,1,0,1,1,0,1,1,0,0,0,0,0,1,0,0,0,0,0,1,0,0,1,0,0,0,1,0,0,0,0,1,0,0,0,0,0,0,0,1,0,0,1,0,0,1,1,1,1,1,0,0,1,0,0,0,0,0,0,0,0,0,0,0,0,0,0,0,1,1,0,0,1,1,1,0,0,0,1,0,1,1,0,0,0,1,0,0,1,0,1,1,0,1,1,0
stiripentol,C14H18O3,234.29,CC(C)(C)C(C=CC1=CC2=C(C=C1)OCO2)O,3.6,38.7,280,1,3,3,17,0,234.125594432,234.29499999999996,2.835500000000002,38.69,1,3,2,2,1,0,1,0,0,0,0,0,0,1,1,0,1,0,0,0,0,1,0,0,0,0,0,0,1,0,1,0,0,1,0,1,0,0,1,0,0,0,0,0,1,0,0,0,0,0,0,0,0,0,0,0,0,0,0,1,0,0,1,0,0,0,0,0,0,0,0,0,1,0,1,0,1,0,0,0,0,0,0,0,0,0,1,0,0,0,0,1,0,1,0,0,0,0,0,0,0,0,0,1,1,1,0,0,0,0,0,0,1,0,1,0,1,0,1,1,0,0,0,1,0,0,1,0,0,0,0,0,0
vecuronium,C34H57N2O4+,557.8,CC(=O)OC1CC2CCC3C(C2(CC1N4CCCCC4)C)CCC5(C3CC(C5OC(=O)C)[N+]6(CCCCC6)C)C,6.5,55.8,958,0,5,6,40,1,557.4318333,557.8400000000004,5.965900000000007,55.839999999999996,0,5,4,6,0,0,0,1,0,1,1,0,1,0,1,1,1,1,0,0,1,1,1,0,0,0,0,0,0,0,1,0,0,0,0,1,1,0,1,0,0,1,0,0,1,0,0,1,0,0,1,0,0,0,0,0,0,1,0,0,1,0,0,0,1,1,0,1,1,0,1,0,0,1,1,0,1,1,1,0,0,0,0,1,0,0,1,0,0,1,0,0,0,0,0,0,0,0,0,1,0,0,0,0,0,0,0,1,1,0,1,0,0,1,0,1,0,0,0,0,0,1,0,1,0,1,1,1,1,0,1,0,1
nabilone,C24H36O3,372.5,CCCCCCC(C)(C)C1=CC(=C2C3CC(=O)CCC3C(OC2=C1)(C)C)O,6.4,46.5,524,1,3,6,27,0,372.26644501,372.54900000000015,6.264000000000007,46.53,1,3,6,3,1,0,0,1,0,0,0,0,1,1,1,1,0,0,0,0,1,1,1,0,0,0,0,0,0,0,0,1,0,1,1,1,0,0,1,0,0,1,0,1,1,0,0,0,0,0,1,0,0,0,0,0,0,1,0,0,0,0,0,1,1,0,1,0,0,0,0,1,0,0,0,0,1,0,0,1,0,0,0,0,1,1,1,0,0,0,0,1,0,0,0,0,0,1,0,0,0,0,1,0,0,1,0,1,1,0,0,0,1,0,0,0,0,1,1,1,0,0,0,0,1,0,0,1,1,0,0,0,1
permethrin,C21H20Cl2O3,391.3,CC1(C(C1C(=O)OCC2=CC(=CC=C2)OC3=CC=CC=C3)C=C(Cl)Cl)C,6.5,35.5,521,0,3,7,26,0,390.0789499,391.29400000000004,6.113300000000003,35.53,0,3,6,3,2,0,0,1,0,0,1,0,0,0,0,1,0,1,0,0,1,0,0,0,1,0,0,1,0,0,0,0,0,0,0,0,0,0,1,0,0,1,1,0,1,0,0,1,0,0,0,0,1,0,0,1,0,0,0,1,1,0,0,0,0,0,0,0,0,1,1,1,0,0,0,1,1,0,0,0,0,0,1,0,0,1,1,0,0,0,0,1,0,0,0,1,0,0,1,1,0,0,0,0,0,1,0,0,0,0,1,0,1,0,0,0,0,0,1,0,0,1,0,0,0,0,0,1,1,0,1,0,0
pirfenidone,C12H11NO,185.22,CC1=CN(C(=O)C=C1)C2=CC=CC=C2,1.9,20.3,285,0,1,1,14,0,185.084063974,185.226,2.1459200000000003,22.0,0,1,1,2,2,0,0,0,0,0,1,0,0,0,0,1,0,0,0,0,0,0,0,0,0,0,0,0,0,0,1,0,0,0,1,0,1,0,1,0,0,0,0,0,1,0,0,0,0,0,0,0,1,0,0,0,0,1,0,0,0,0,0,1,0,0,0,0,0,1,0,0,0,0,0,0,0,0,0,0,0,0,0,0,0,1,1,0,0,0,0,1,0,0,0,0,0,0,0,0,0,1,0,0,0,1,0,0,0,0,0,0,1,1,0,0,0,0,0,0,0,0,1,1,0,1,0,0,0,0,0,0,0
pinaverium,C26H41BrNO4+,511.5,CC1(C2CCC(C1C2)CCOCC[N+]3(CCOCC3)CC4=CC(=C(C=C4Br)OC)OC)C,5.4,36.9,596,0,4,10,32,1,510.2219,511.52100000000024,5.292300000000005,36.92,0,4,10,5,1,1,0,0,0,0,0,1,1,1,0,0,1,1,1,0,0,1,0,0,0,1,0,0,1,0,0,0,0,0,0,1,0,0,1,1,1,1,1,0,0,0,0,1,0,0,1,0,0,0,1,1,1,0,0,1,1,0,0,0,0,1,0,0,1,1,1,0,0,0,1,0,0,1,1,0,0,0,1,0,0,1,1,0,0,0,0,0,0,1,0,0,0,0,1,0,1,1,0,1,0,1,1,0,0,1,1,0,1,0,0,0,0,0,0,1,0,1,0,0,0,1,1,1,1,0,1,0,0
desogestrel,C22H30O,310.5,CCC12CC(=C)C3C(C1CCC2(C#C)O)CCC4=CCCCC34,4.9,20.2,605,1,1,2,23,0,310.229665576,310.48100000000005,4.869700000000004,20.23,1,1,1,4,0,0,0,1,0,1,0,0,1,0,1,1,0,0,1,0,0,0,1,0,1,0,0,1,0,1,0,0,0,0,0,1,1,1,1,1,1,1,0,1,1,0,0,0,0,1,1,0,0,1,1,0,0,0,0,0,0,0,1,0,0,0,0,1,0,0,0,0,0,0,0,0,1,0,0,1,1,0,1,1,1,1,1,0,0,0,0,1,0,0,0,1,0,0,0,1,0,0,0,0,0,1,0,0,0,0,0,0,0,1,0,1,0,0,0,0,1,1,1,0,0,0,0,0,1,1,0,1,0
Implanon,C22H28O2,324.5,CCC12CC(=C)C3C(C1CCC2(C#C)O)CCC4=CC(=O)CCC34,3.3,37.3,677,1,2,2,24,0,324.208930132,324.46400000000006,4.048700000000003,37.3,1,2,1,4,0,0,0,1,0,0,0,0,1,0,1,1,0,0,1,0,0,0,1,0,1,0,0,1,0,1,0,0,0,0,0,1,0,1,1,1,1,1,0,1,1,0,0,0,0,1,1,0,0,1,1,0,0,1,0,0,0,0,1,1,0,0,0,1,0,0,0,0,0,0,0,0,1,0,1,1,1,0,1,1,0,1,1,0,0,1,0,1,0,0,0,1,0,0,0,0,0,0,0,0,0,1,0,0,0,0,0,0,0,1,0,1,0,0,0,1,1,1,0,0,0,0,0,0,1,1,1,1,1
acitretin,C21H26O3,326.4,CC1=CC(=C(C(=C1C=CC(=CC=CC(=CC(=O)O)C)C)C)C)OC,6.1,46.5,539,1,3,6,24,0,326.18819469,326.4360000000001,5.167060000000005,46.53,1,2,6,1,1,1,0,1,0,0,1,0,0,1,0,1,0,1,0,0,0,0,0,0,0,0,0,0,1,0,0,0,0,0,0,0,1,0,1,0,0,0,1,1,1,0,0,0,0,0,1,0,0,1,0,1,0,0,0,1,1,0,0,1,0,0,0,0,0,0,0,0,1,0,0,0,0,0,1,0,0,0,1,1,0,1,1,0,0,1,0,0,0,0,0,1,0,1,0,1,0,1,0,0,0,1,0,0,0,1,0,0,1,0,0,0,1,0,0,0,0,0,0,0,0,0,1,0,0,1,1,1,0
nitazoxanide,C12H9N3O5S,307.28,CC(=O)OC1=CC=CC=C1C(=O)NC2=NC=C(S2)[N+](=O)[O-],2.0,142.0,428,1,7,4,21,0,307.02629157,307.28700000000003,2.2289000000000003,111.43,1,7,4,2,2,1,1,1,0,0,0,0,0,0,0,1,1,0,1,0,0,0,0,0,0,0,0,0,0,1,0,0,0,0,0,0,0,0,1,1,1,1,0,0,1,0,0,0,1,1,0,0,1,0,0,1,0,0,0,0,1,0,0,0,0,1,1,0,0,1,1,0,1,0,0,1,1,0,0,0,1,0,0,0,1,0,1,0,0,0,0,1,0,0,0,0,0,0,0,0,0,0,0,0,0,1,0,1,0,0,0,0,0,1,0,0,1,1,1,0,0,0,0,1,0,1,1,1,0,0,1,1,1
sufentanil,C22H30N2O2S,386.6,CCC(=O)N(C1=CC=CC=C1)C2(CCN(CC2)CCC3=CC=CS3)COC,4.0,61.0,459,0,4,8,27,0,386.20279938,386.5610000000001,4.214800000000004,32.78,0,4,8,3,2,1,0,1,0,0,1,0,0,0,0,1,0,0,0,1,0,1,0,0,1,1,0,0,0,0,0,0,0,0,0,1,1,1,1,0,1,1,0,1,1,0,1,0,0,0,0,0,1,0,0,0,0,0,0,0,1,0,0,0,0,0,0,0,0,1,0,0,0,1,0,0,0,1,1,1,0,0,0,0,0,1,1,0,0,0,0,1,0,0,0,1,1,0,1,0,0,0,0,0,0,1,0,0,0,1,0,0,0,0,1,0,0,1,1,0,0,0,1,0,0,0,1,0,1,0,1,0,1
valrubicin,C34H36F3NO13,723.6,CCCCC(=O)OCC(=O)C1(CC(C2=C(C1)C(=C3C(=C2O)C(=O)C4=C(C3=O)C=CC=C4OC)O)OC5CC(C(C(O5)C)O)NC(=O)C(F)(F)F)O,4.0,215.0,1350,5,16,11,51,0,723.21387469,723.6500000000005,2.462200000000001,215.21999999999997,5,13,10,5,2,1,1,1,1,0,0,0,0,1,0,1,1,1,0,0,1,1,0,1,1,0,0,0,1,0,0,1,0,1,1,1,0,0,1,1,0,1,1,1,1,0,1,1,0,1,1,1,1,0,0,1,0,1,1,0,1,0,1,1,0,0,1,0,0,1,1,1,0,1,0,0,0,0,1,1,1,0,1,0,1,1,1,1,1,1,0,1,0,1,0,0,0,1,0,0,1,1,0,0,0,1,1,0,0,0,1,1,0,0,0,0,1,1,0,1,0,0,0,0,1,0,1,0,1,0,1,0,1
acarbose,C25H43NO18,645.6,CC1C(C(C(C(O1)OC2C(OC(C(C2O)O)OC(C(CO)O)C(C(C=O)O)O)CO)O)O)NC3C=C(C(C(C3O)O)O)CO,-8.8,329.0,945,14,19,13,44,0,645.24801352,645.6080000000004,-8.721900000000005,329.01000000000005,14,19,13,3,0,1,1,0,0,0,0,0,1,0,0,1,0,0,0,0,0,1,0,0,0,0,0,1,0,1,1,0,0,0,1,1,0,0,1,0,0,1,0,0,1,0,0,0,1,0,0,0,0,0,0,1,0,0,1,1,1,0,1,1,1,0,1,1,1,1,0,0,0,1,1,1,0,0,1,0,0,0,0,1,1,1,1,1,1,0,0,0,1,0,0,0,0,1,0,1,0,0,1,1,1,1,1,0,0,0,1,0,0,1,0,0,0,0,0,1,0,1,0,0,0,1,0,0,1,1,1,0,1
torasemide,C16H20N4O3S,348.4,CC1=CC(=CC=C1)NC2=C(C=NC=C2)S(=O)(=O)NC(=O)NC(C)C,2.7,109.0,518,3,5,5,24,0,348.12561169,348.42800000000005,2.5299200000000006,100.19,3,5,5,2,2,1,1,0,0,1,0,0,0,1,0,1,0,0,0,0,1,0,0,0,0,0,0,0,0,0,0,0,1,0,0,0,1,0,1,0,1,0,0,0,1,0,0,0,0,0,0,0,0,0,0,1,1,0,0,0,0,1,0,1,0,0,0,0,1,1,1,0,1,1,1,1,0,1,1,1,1,0,0,0,0,0,1,0,0,0,0,1,0,1,0,0,0,0,0,1,0,0,0,0,0,1,0,0,1,0,0,0,1,0,0,1,0,0,0,0,0,0,1,1,0,0,0,1,0,1,1,0,1
desflurane,C3H2F6O,168.04,C(C(F)(F)F)(OC(F)F)F,2.6,9.2,97,0,7,2,10,0,168.00098366,168.03599999999997,2.0835,9.23,0,1,2,0,0,0,1,0,0,0,0,0,0,1,0,0,0,0,0,0,0,0,0,0,0,0,0,1,0,0,0,1,0,0,0,0,0,0,0,0,0,0,0,1,0,0,0,0,0,0,1,0,0,0,0,0,0,0,1,0,1,0,0,0,0,0,0,0,0,0,0,0,0,0,0,0,0,0,0,0,0,0,0,0,0,0,0,0,1,0,0,0,0,0,0,0,0,0,0,0,0,0,0,1,0,0,0,0,1,0,0,0,0,0,0,0,0,0,0,1,0,0,0,0,0,0,0,0,0,0,0,0,0
Westcort,C26H38O6,446.6,CCCCC(=O)OC1(CCC2C1(CC(C3C2CCC4=CC(=O)CCC34C)O)C)C(=O)CO,3.8,101.0,832,2,6,7,32,0,446.26683893,446.5840000000003,3.5227000000000026,100.90000000000002,2,6,6,4,0,1,1,0,0,0,1,1,1,0,0,1,0,0,0,0,0,0,1,1,0,0,0,0,0,1,0,1,1,1,0,1,0,0,1,0,0,1,0,1,1,0,0,0,0,0,1,0,0,0,0,0,1,0,0,1,1,0,0,1,0,1,0,0,0,0,0,0,1,0,0,0,0,0,1,1,0,1,1,1,1,1,1,0,0,1,0,1,0,1,0,0,0,1,0,1,1,0,0,0,0,1,0,0,0,0,1,1,0,0,0,1,0,0,1,1,0,0,0,0,1,1,0,1,1,0,1,0,0
misoprostol,C22H38O5,382.5,CCCCC(C)(CC=CC1C(CC(=O)C1CCCCCCC(=O)OC)O)O,3.7,83.8,487,2,5,14,27,0,382.27192431,382.54100000000017,3.9536000000000047,83.83000000000001,2,5,13,1,0,1,0,0,0,0,0,0,0,1,0,1,0,0,0,1,0,1,0,0,0,0,0,0,0,0,0,1,0,1,0,1,0,0,1,1,0,0,1,1,1,0,0,0,0,0,0,0,0,0,0,1,0,0,0,1,1,0,0,1,1,0,0,0,0,1,0,0,1,0,0,0,0,0,1,0,0,1,1,1,1,1,1,0,0,0,0,0,0,0,0,0,0,0,1,0,0,0,1,0,0,1,0,0,1,0,1,1,0,0,0,0,0,0,0,1,1,1,0,0,1,0,0,0,1,1,1,0,1
lodoxamide,C11H6ClN3O6,311.63,C1=C(C=C(C(=C1NC(=O)C(=O)O)Cl)NC(=O)C(=O)O)C#N,0.5,157.0,489,4,7,4,21,0,310.9945126,311.63700000000006,0.25787999999999983,156.58999999999997,4,5,2,1,1,1,0,0,0,0,1,0,1,0,0,1,0,0,0,0,0,0,0,0,1,0,0,1,0,1,0,0,0,0,0,0,0,0,0,1,0,0,0,0,1,0,0,0,0,0,0,0,0,0,1,0,0,0,0,0,0,0,0,1,0,0,0,1,0,0,0,0,0,1,0,0,0,1,0,0,0,0,0,0,0,0,1,0,1,0,0,0,0,0,0,0,0,0,0,0,0,0,0,0,0,1,0,1,0,1,0,0,1,0,1,0,0,1,0,1,1,0,0,0,0,0,0,0,0,0,1,0,0
atracurium,C53H72N2O12+2,929.1,C[N+]1(CCC2=CC(=C(C=C2C1CC3=CC(=C(C=C3)OC)OC)OC)OC)CCC(=O)OCCCCCOC(=O)CC[N+]4(CCC5=CC(=C(C=C5C4CC6=CC(=C(C=C6)OC)OC)OC)OC)C,7.9,126.0,1390,0,12,26,67,2,928.50852574,929.1609999999998,8.06550000000001,126.44000000000003,0,12,24,6,4,1,0,0,1,0,0,0,0,0,1,1,0,1,1,0,0,0,0,1,1,0,0,0,0,0,0,0,0,1,0,1,0,0,1,0,1,0,1,0,1,1,0,1,0,0,0,0,0,0,0,1,0,0,0,1,1,0,0,1,0,0,0,0,1,0,0,0,1,0,0,1,1,0,1,1,0,0,0,0,0,1,1,0,0,1,0,1,0,0,0,1,0,0,1,1,0,1,1,0,0,1,0,0,0,0,0,1,1,0,0,0,0,0,0,0,0,0,0,1,1,0,1,1,1,1,1,0,1
cisatracurium,C53H72N2O12+2,929.1,C[N+]1(CCC2=CC(=C(C=C2C1CC3=CC(=C(C=C3)OC)OC)OC)OC)CCC(=O)OCCCCCOC(=O)CC[N+]4(CCC5=CC(=C(C=C5C4CC6=CC(=C(C=C6)OC)OC)OC)OC)C,7.9,126.0,1390,0,12,26,67,2,928.50852574,929.1609999999998,8.06550000000001,126.44000000000003,0,12,24,6,4,1,0,0,1,0,0,0,0,0,1,1,0,1,1,0,0,0,0,1,1,0,0,0,0,0,0,0,0,1,0,1,0,0,1,0,1,0,1,0,1,1,0,1,0,0,0,0,0,0,0,1,0,0,0,1,1,0,0,1,0,0,0,0,1,0,0,0,1,0,0,1,1,0,1,1,0,0,0,0,0,1,1,0,0,1,0,1,0,0,0,1,0,0,1,1,0,1,1,0,0,1,0,0,0,0,0,1,1,0,0,0,0,0,0,0,0,0,0,1,1,0,1,1,1,1,1,0,1
butoconazole,C19H17Cl3N2S,411.8,C1=CC(=C(C(=C1)Cl)SC(CCC2=CC=C(C=C2)Cl)CN3C=CN=C3)Cl,6.4,43.1,383,0,2,7,25,0,410.017803,411.78499999999997,6.637000000000005,17.82,0,2,7,3,3,0,1,1,0,0,0,0,0,0,0,0,1,0,0,0,1,0,0,0,1,0,1,0,0,0,0,0,1,0,0,0,1,0,0,0,0,1,0,0,1,0,0,0,0,0,0,1,0,1,1,0,0,1,0,1,1,1,1,0,0,0,1,0,0,1,0,1,1,0,0,0,0,0,0,1,1,1,1,1,0,1,1,0,0,0,0,1,0,1,0,1,1,0,1,0,0,0,0,0,1,1,0,0,0,0,0,0,0,0,0,1,0,0,0,0,0,1,0,1,0,0,1,1,0,0,0,0,0
nicorandil,C8H9N3O4,211.17,C1=CC(=CN=C1)C(=O)NCCO[N+](=O)[O-],0.8,97.0,228,1,5,4,15,0,211.05930578,211.17699999999994,0.019699999999999884,94.36,1,5,5,1,1,1,0,0,0,0,0,0,0,1,1,1,0,0,1,0,0,0,0,0,1,0,0,0,0,0,0,0,1,0,0,0,0,0,0,0,1,0,0,0,1,0,0,1,1,0,0,0,0,0,0,1,0,1,1,0,1,0,0,0,0,0,0,0,0,1,1,0,1,0,1,1,0,0,0,1,1,0,0,0,0,1,1,0,0,0,0,1,0,0,0,0,0,0,0,0,0,0,0,1,0,1,0,1,0,0,1,0,0,0,0,0,0,1,1,0,0,0,0,0,0,0,0,1,0,0,1,1,1
naftifine,C21H21N,287.4,CN(CC=CC1=CC=CC=C1)CC2=CC=CC3=CC=CC=C32,5.1,3.2,342,0,1,5,22,0,287.167399674,287.406,4.985000000000004,3.24,0,1,5,3,3,0,0,0,0,1,1,0,0,0,1,0,1,0,0,0,1,0,0,0,0,0,0,0,0,0,0,0,0,1,1,0,0,0,1,0,0,0,1,0,0,0,0,0,0,0,0,0,1,0,1,0,0,0,0,1,0,0,0,0,0,0,1,0,1,1,1,0,1,0,1,0,1,0,1,0,0,1,1,0,0,1,1,0,0,1,0,1,0,0,0,0,0,0,0,0,0,0,0,1,0,1,0,0,0,0,0,0,0,0,0,1,0,0,1,0,0,0,0,0,0,0,0,0,1,0,0,0,0
Goserelin,C59H84N18O14,1269.4,CC(C)CC(C(=O)NC(CCCN=C(N)N)C(=O)N1CCCC1C(=O)NNC(=O)N)NC(=O)C(COC(C)(C)C)NC(=O)C(CC2=CC=C(C=C2)O)NC(=O)C(CO)NC(=O)C(CC3=CNC4=CC=CC=C43)NC(=O)C(CC5=CN=CN5)NC(=O)C6CCC(=O)N6,-1.5,496.0,2560,17,16,32,91,0,1268.64143943,1269.4330000000004,-3.1057000000000246,495.8899999999999,17,16,31,6,4,1,1,0,0,1,0,1,0,1,0,1,0,1,0,0,1,1,1,0,1,0,1,1,1,0,1,0,1,0,0,1,1,0,1,0,0,0,1,1,1,1,0,0,0,0,1,0,1,0,1,1,0,0,0,1,1,0,0,1,0,1,1,1,0,1,1,1,1,0,1,0,1,1,1,1,0,0,1,0,1,1,1,1,0,1,1,1,1,0,1,1,0,0,0,1,1,1,0,1,1,1,0,0,1,1,1,1,0,1,0,0,0,1,1,1,0,0,1,1,1,1,0,1,1,1,1,1,1
nedocromil,C19H17NO7,371.3,CCCC1=C2C(=CC3=C1OC(=CC3=O)C(=O)O)C(=O)C=C(N2CC)C(=O)O,2.2,121.0,753,2,8,5,27,0,371.10050188,371.34500000000014,2.4767,126.81000000000002,2,5,5,3,3,0,0,0,0,0,1,0,1,0,0,1,0,0,0,0,0,1,0,1,0,0,0,0,0,1,0,1,1,0,0,0,0,1,1,1,1,0,0,1,1,0,0,0,0,0,0,0,0,0,0,1,0,0,0,0,0,1,0,1,0,0,0,1,0,0,0,0,0,1,0,0,0,1,0,0,0,0,1,0,1,1,1,1,0,0,0,0,1,0,0,1,1,0,0,1,0,0,0,1,0,1,0,0,0,1,0,0,1,0,1,0,1,0,0,1,0,1,0,0,0,0,0,0,0,0,1,1,0
cefotetan,C17H17N7O8S4,575.6,CN1C(=NN=N1)SCC2=C(N3C(C(C3=O)(NC(=O)C4SC(=C(C(=O)N)C(=O)O)S4)OC)SC2)C(=O)O,0.1,321.0,1090,4,15,9,36,0,575.00214522,575.6320000000002,-1.3974999999999989,219.92999999999995,4,13,9,4,1,1,1,1,1,0,1,0,1,1,0,1,0,1,0,0,1,0,0,0,1,0,0,0,0,0,0,0,0,0,0,1,0,0,1,0,1,1,0,0,1,1,0,0,0,1,0,0,0,0,1,1,1,0,0,1,1,1,0,1,0,0,0,1,0,1,0,0,1,1,0,0,0,1,1,0,0,0,0,1,0,1,1,1,1,0,1,1,1,1,1,1,1,0,0,0,0,0,0,0,0,1,1,1,0,1,0,0,1,0,0,0,0,0,0,1,0,1,0,0,1,0,1,1,1,0,1,0,1
alfentanil,C21H32N6O3,416.5,CCC(=O)N(C1=CC=CC=C1)C2(CCN(CC2)CCN3C(=O)N(N=N3)CC)COC,2.2,81.1,614,0,6,9,30,0,416.2535889,416.5260000000002,1.3839000000000006,85.49000000000001,0,6,9,3,2,1,0,1,1,0,1,0,0,0,0,1,0,0,0,0,0,0,0,0,1,1,0,0,0,0,0,1,0,0,0,1,1,1,1,1,0,1,0,1,1,0,1,0,0,0,0,0,1,0,0,0,1,0,0,0,1,0,0,1,0,0,1,0,0,1,0,0,0,0,0,0,0,1,1,1,1,0,0,0,0,1,1,0,0,0,0,1,0,0,0,0,0,0,1,0,0,0,0,0,0,1,0,0,0,1,0,0,0,0,1,0,0,1,1,0,0,0,1,0,1,1,1,1,0,0,1,0,1
miglitol,C8H17NO5,207.22,C1C(C(C(C(N1CCO)CO)O)O)O,-2.6,104.0,179,5,6,3,14,0,207.11067264,207.226,-3.2620999999999976,104.39000000000001,5,6,3,1,0,0,0,0,1,0,0,0,0,0,0,0,0,0,0,0,0,1,0,0,0,0,0,0,0,1,0,0,0,0,0,1,0,0,0,0,0,0,0,0,1,0,0,0,0,0,0,0,0,0,0,0,0,0,0,0,1,0,0,0,0,0,1,0,0,0,0,0,0,0,0,0,0,0,0,0,0,0,1,0,1,1,1,0,0,0,0,0,0,0,1,0,0,0,0,1,0,0,1,0,1,0,1,1,0,0,1,0,0,1,0,0,0,0,0,0,0,1,0,0,0,0,1,0,1,0,0,0,0
miglustat,C10H21NO4,219.28,CCCCN1CC(C(C(C1CO)O)O)O,-0.6,84.2,190,4,5,4,15,0,219.14705815,219.28099999999998,-1.4542999999999995,84.16000000000001,4,5,4,1,0,0,0,0,1,0,0,0,0,0,0,0,0,0,0,0,0,1,0,0,0,0,0,0,0,1,0,1,0,0,0,1,0,0,1,0,0,0,0,1,1,1,0,0,0,0,0,0,0,0,0,0,0,0,0,0,1,0,0,0,0,0,0,0,0,0,0,0,0,0,0,0,0,0,0,0,0,0,0,0,1,1,1,0,0,0,0,0,0,0,0,1,0,0,0,1,0,0,1,0,1,0,1,1,0,0,1,0,0,1,0,0,0,0,0,0,0,1,0,0,1,0,1,0,1,0,0,0,0
prednicarbate,C27H36O8,488.6,CCC(=O)OCC(=O)C1(CCC2C1(CC(C3C2CCC4=CC(=O)C=CC34C)O)C)OC(=O)OCC,4.2,116.0,982,1,8,9,35,0,488.2410181,488.57700000000034,3.6993000000000027,116.2,1,8,6,4,0,0,1,1,0,0,0,0,1,1,0,1,0,0,0,0,0,0,1,1,1,1,0,0,0,1,0,0,1,1,0,1,0,0,1,0,1,1,0,1,1,1,0,0,0,0,1,0,1,0,0,0,1,0,1,1,1,0,0,1,0,1,0,0,0,0,0,0,0,0,0,0,1,0,0,1,0,0,1,1,0,1,1,0,0,1,0,1,0,0,0,0,0,1,0,0,1,0,0,0,0,1,1,0,0,0,1,1,0,0,0,1,0,1,1,0,0,0,1,0,0,1,0,1,1,0,1,0,1
mebrofenin,C15H19BrN2O5,387.23,CC1=CC(=C(C(=C1NC(=O)CN(CC(=O)O)CC(=O)O)C)Br)C,-0.1,107.0,443,3,6,7,23,0,386.04773,387.23,1.7840599999999998,106.94000000000001,3,4,7,1,1,1,0,0,0,0,1,0,0,0,1,1,1,1,0,0,0,0,0,0,0,1,0,0,0,1,0,0,0,1,0,0,0,0,1,0,0,0,0,1,1,0,1,0,0,0,0,0,0,0,0,1,0,0,0,0,0,0,0,1,0,1,0,0,0,0,0,0,1,0,0,0,0,0,1,0,0,0,0,0,0,1,1,0,0,0,0,0,0,1,0,1,0,0,1,0,1,0,0,0,0,1,0,0,0,0,0,0,1,0,0,0,1,0,1,0,0,0,0,0,1,0,0,1,1,1,1,0,0
iloprost,C22H32O4,360.5,CC#CCC(C)C(C=CC1C(CC2C1CC(=CCCCC(=O)O)C2)O)O,2.8,77.8,606,3,4,8,26,0,360.2300595,360.4940000000001,3.5413000000000032,77.76,3,3,8,2,0,0,1,1,0,0,1,0,1,0,1,1,0,1,1,0,0,1,1,0,0,0,0,1,1,0,0,0,1,1,0,1,0,0,1,1,0,0,0,1,1,0,0,0,0,0,1,0,0,0,0,0,0,0,0,1,0,0,0,0,0,0,1,0,1,0,0,0,0,0,0,0,0,0,1,0,0,1,1,0,0,1,1,0,1,0,0,1,1,1,1,0,0,0,1,0,1,0,0,1,1,1,0,0,1,0,1,1,0,0,0,1,1,0,0,0,1,1,0,0,1,1,1,0,1,0,1,0,0
Octreotide,C49H66N10O10S2,1019.2,CC(C1C(=O)NC(CSSCC(C(=O)NC(C(=O)NC(C(=O)NC(C(=O)N1)CCCCN)CC2=CNC3=CC=CC=C32)CC4=CC=CC=C4)NC(=O)C(CC5=CC=CC=C5)N)C(=O)NC(CO)C(C)O)O,1.0,383.0,1740,13,14,17,71,0,1018.44048069,1019.2610000000002,-0.8053999999999939,332.22,13,14,17,5,4,1,1,0,1,0,1,0,1,0,0,1,0,0,0,0,0,0,1,1,1,0,1,0,0,0,1,1,1,0,1,1,0,1,1,0,1,1,1,1,1,0,0,1,0,1,1,0,1,1,1,0,1,1,0,0,0,0,1,1,0,1,1,1,0,1,0,0,0,0,1,1,1,1,1,1,1,0,1,1,1,1,1,0,0,0,1,1,1,0,1,1,0,1,0,1,0,1,0,1,1,1,0,0,0,0,0,1,0,1,1,1,0,0,0,0,1,0,1,0,1,0,1,0,1,0,1,0,0
simvastatin,C25H38O5,418.6,CCC(C)(C)C(=O)OC1CC(C=C2C1C(C(C=C2)C)CCC3CC(CC(=O)O3)O)C,4.7,72.8,706,1,5,7,30,0,418.27192431,418.5740000000003,4.585600000000006,72.83000000000001,1,5,6,3,0,1,0,0,1,0,1,0,0,1,0,1,0,1,1,0,0,1,0,0,0,0,1,1,0,0,0,0,0,1,1,1,0,1,1,0,1,0,0,1,1,1,0,0,0,0,0,0,1,0,1,0,0,0,0,0,1,0,1,1,1,0,0,1,0,1,0,0,0,0,0,1,0,0,0,1,0,0,0,1,1,1,1,1,0,0,1,0,1,0,0,0,0,0,1,0,0,0,0,0,0,1,0,1,1,0,1,0,0,1,0,1,1,0,0,1,0,0,1,0,1,0,0,0,1,1,1,0,0
cefpodoxime,C15H17N5O6S2,427.5,COCC1=C(N2C(C(C2=O)NC(=O)C(=NOC)C3=CSC(=N3)N)SC1)C(=O)O,-1.4,210.0,744,3,11,7,28,0,427.06202563,427.4640000000001,-0.5391999999999988,156.44,3,10,7,3,1,1,0,1,1,0,1,0,0,0,0,1,1,0,1,1,0,0,0,0,1,0,0,1,0,1,0,0,0,0,0,1,1,0,1,0,1,0,0,0,1,1,0,0,0,0,0,0,1,0,1,0,0,0,0,0,1,1,0,1,0,0,0,0,1,0,1,0,1,0,0,0,0,1,1,0,0,0,0,0,0,1,1,0,0,0,1,1,1,0,0,0,1,0,0,0,0,0,0,0,0,1,1,1,0,1,1,0,1,0,1,0,0,1,1,1,0,0,0,0,0,0,0,1,1,0,1,0,1
clarithromycin,C38H69NO13,748.0,CCC1C(C(C(C(=O)C(CC(C(C(C(C(C(=O)O1)C)OC2CC(C(C(O2)C)O)(C)OC)C)OC3C(C(CC(O3)C)N(C)C)O)(C)OC)C)C)O)(C)O,3.2,183.0,1190,4,14,8,52,0,747.47689126,747.9640000000002,2.439700000000005,182.91,4,14,8,3,0,0,1,1,0,1,0,0,0,0,1,1,1,1,1,0,1,1,0,0,1,0,1,1,0,1,1,0,0,0,1,1,0,0,1,0,0,1,0,1,1,0,0,1,1,0,1,1,1,1,0,0,0,0,0,1,1,0,0,1,0,0,1,0,0,1,1,0,0,0,0,0,1,0,1,0,0,0,0,1,1,1,0,1,1,0,0,1,0,0,0,1,0,0,1,0,0,0,0,0,1,1,1,0,1,0,1,0,0,0,0,1,0,0,1,1,1,0,0,1,1,0,0,1,1,1,0,0,0
treprostinil,C23H34O5,390.5,CCCCCC(CCC1C(CC2C1CC3=C(C2)C(=CC=C3)OCC(=O)O)O)O,4.5,87.0,495,3,5,10,28,0,390.24062418,390.5200000000001,3.5832000000000024,86.99000000000001,3,4,10,3,1,0,1,1,1,0,1,0,0,0,0,1,1,1,0,0,1,0,0,0,0,0,0,0,0,0,0,1,1,0,0,1,0,1,1,0,1,1,0,1,1,0,0,0,0,1,1,0,0,0,0,1,0,0,0,0,1,0,0,0,0,0,0,0,0,1,0,0,0,0,0,0,0,0,1,0,0,0,0,0,1,1,1,0,0,1,0,1,0,0,0,0,0,0,0,0,0,1,0,0,1,1,0,0,1,0,1,1,1,0,0,1,0,0,0,0,0,0,0,1,1,0,0,0,1,0,1,1,1
loteprednol,C21H27ClO5,394.9,CC12CC(C3C(C1CCC2(C(=O)OCCl)O)CCC4=CC(=O)C=CC34C)O,2.6,83.8,745,2,5,3,27,0,394.1547017,394.89500000000015,2.735700000000002,83.83,2,5,2,4,0,0,0,1,0,0,0,0,1,0,0,1,0,0,0,0,0,0,1,1,1,1,0,0,0,1,0,0,0,1,0,1,0,0,1,0,1,1,0,0,1,0,0,0,0,0,1,0,0,0,0,0,1,0,0,1,1,0,0,1,1,0,0,0,0,0,1,1,0,1,0,0,1,0,0,1,0,0,0,1,0,1,1,0,0,1,1,0,0,1,0,0,0,0,0,0,0,0,0,1,0,1,1,0,0,0,1,1,0,0,0,1,0,1,1,0,0,0,1,0,0,1,0,1,1,0,1,0,0
atomoxetine,C17H21NO,255.35,CC1=CC=CC=C1OC(CCNC)C2=CC=CC=C2,3.7,21.3,237,1,2,6,19,0,255.162314293,255.361,3.7246200000000025,21.259999999999998,1,2,6,2,2,1,1,1,0,0,1,0,0,0,0,0,0,0,0,0,0,0,0,0,0,0,0,1,0,1,0,1,1,0,0,0,1,0,1,0,0,0,0,0,0,0,0,0,0,0,1,0,1,0,0,1,0,1,0,0,1,0,0,1,0,0,0,0,0,1,0,0,0,0,0,0,0,0,0,0,1,0,0,1,1,1,1,0,0,0,1,1,0,0,0,0,0,1,0,0,0,0,1,0,1,1,0,0,0,0,0,0,0,0,0,0,1,1,0,0,0,0,0,1,1,0,0,0,0,0,0,0,0
NSC,C21H20N6O,372.4,CC1=CC(=C2C=C(C=CC2=N1)NC(=O)NC3=CC4=C(C=C(N=C4C=C3)C)N)N,2.5,119.0,513,4,5,2,28,0,372.16985928,372.43200000000013,4.208240000000001,118.94999999999999,4,5,2,4,4,1,0,0,0,0,1,1,0,0,0,1,0,0,0,1,0,0,0,0,1,0,0,0,0,1,0,1,0,0,0,0,0,0,1,0,0,0,0,0,1,0,0,0,1,0,0,0,0,0,1,0,0,0,0,0,0,1,0,1,0,0,0,0,1,0,1,0,1,0,1,1,1,0,1,0,1,0,1,0,0,0,1,1,0,0,0,1,0,0,0,0,0,0,0,0,0,0,0,0,0,1,0,0,0,0,0,0,1,0,0,0,0,1,0,0,0,0,0,0,0,0,0,1,0,0,1,0,0
moexiprilat,C25H30N2O7,470.5,CC(C(=O)N1CC2=CC(=C(C=C2CC1C(=O)O)OC)OC)NC(CCC3=CC=CC=C3)C(=O)O,0.5,125.0,711,3,8,10,34,0,470.2053013,470.5220000000002,2.1057999999999995,125.40000000000002,3,6,10,3,2,1,1,0,0,0,1,0,0,0,1,1,0,0,0,0,0,0,0,0,1,0,1,0,1,1,1,1,1,1,0,1,0,0,1,0,0,0,0,0,1,1,0,1,0,0,0,0,1,0,0,1,0,1,0,0,1,0,0,0,0,0,1,0,0,1,0,1,0,0,0,0,0,0,1,0,0,0,0,1,0,1,1,0,1,1,0,1,0,1,0,1,1,0,1,1,0,1,0,0,1,1,0,0,1,0,0,0,1,1,0,0,0,0,0,1,0,0,0,0,0,0,1,0,1,0,1,0,0
milnacipran,C15H22N2O,246.35,CCN(CC)C(=O)C1(CC1CN)C2=CC=CC=C2,1.4,46.3,295,1,2,5,18,0,246.17321333,246.354,1.7713999999999996,46.33,1,2,5,2,1,0,0,0,0,1,1,0,0,0,0,1,1,0,0,1,1,1,0,0,1,0,0,0,0,0,0,0,0,0,0,1,0,0,1,0,0,1,1,1,1,0,0,1,0,1,0,0,1,0,0,0,0,0,0,0,0,0,0,0,0,0,0,0,0,1,0,0,0,0,0,0,0,0,0,1,0,1,0,1,0,1,1,1,0,0,1,1,0,0,0,0,0,0,0,0,0,0,0,0,0,1,0,0,0,0,0,0,0,0,0,0,0,1,1,0,0,0,1,0,0,0,0,0,1,0,1,0,1
fosphenytoin,C16H15N2O6P,362.27,C1=CC=C(C=C1)C2(C(=O)N(C(=O)N2)COP(=O)(O)O)C3=CC=CC=C3,0.6,116.0,547,3,6,5,25,0,362.0667732,362.27799999999996,1.5487999999999997,116.17000000000002,3,4,5,3,2,0,0,1,0,1,1,1,0,0,0,1,1,0,0,0,0,0,0,0,0,0,0,0,0,0,0,0,1,0,0,0,1,0,0,0,0,1,0,0,1,0,0,0,0,1,0,1,1,0,0,0,0,1,0,0,1,0,0,1,0,0,0,0,0,1,1,0,0,0,0,0,0,0,0,0,0,1,1,0,0,1,1,0,0,1,0,1,0,0,0,1,0,0,0,0,0,0,0,0,0,1,0,1,0,0,0,0,0,0,0,0,0,0,0,0,0,1,0,0,0,0,0,0,0,0,0,0,1
ranolazine,C24H33N3O4,427.5,CC1=C(C(=CC=C1)C)NC(=O)CN2CCN(CC2)CC(COC3=CC=CC=C3OC)O,2.7,74.3,531,2,6,9,31,0,427.24710654,427.54500000000013,2.3080400000000005,74.27000000000001,2,6,9,3,2,1,1,1,0,1,0,0,0,0,0,1,0,1,0,0,1,0,0,1,0,0,1,0,0,1,0,0,1,0,0,1,0,1,1,0,0,0,0,0,1,0,1,0,0,1,0,0,1,0,0,1,0,1,0,0,1,0,0,1,0,0,0,0,0,1,0,0,1,0,0,0,0,1,1,1,0,0,1,0,1,1,1,0,0,0,1,1,0,0,0,0,1,0,0,0,0,0,0,0,1,1,0,0,0,0,0,0,0,0,0,0,1,0,0,0,0,0,0,1,0,0,1,0,0,0,1,0,1
Photofrin,C70H82N8O11,1211.4,CC=C1C(=C(C(=N1)C=C2C(=C(C(=CC3=C(C(=C(N3)C=C4C(=C(C=N4)C)CCC(=O)O)CCC(=O)O)C)N2)C(C)OC(C)C5=C(C=NC5=CC6=C(C(=C(N6)C=C7C(=C(C(=CC8=NC(=CC)C(=C8C)C(C)O)N7)C)CCC(=O)O)CCC(=O)O)C)C)C)C(C)O)C,3.0,304.0,3540,10,17,24,89,0,1210.61030546,1211.470999999999,9.128980000000002,311.49,10,11,24,8,4,0,1,0,0,1,1,1,1,0,0,1,1,0,0,1,0,0,0,0,0,0,1,1,0,0,1,0,1,1,0,1,1,0,1,0,0,0,0,0,1,1,0,0,0,0,0,0,1,1,1,0,0,0,0,1,1,1,1,1,1,0,0,1,1,0,0,0,1,0,1,1,0,1,1,0,1,1,0,1,0,1,1,1,0,0,0,0,0,0,1,1,1,0,1,0,1,0,0,0,1,1,0,0,1,0,1,1,0,0,0,0,0,0,0,1,1,0,1,0,1,1,0,1,0,1,1,0,0
imiquimod,C14H16N4,240.3,CC(C)CN1C=NC2=C1C3=CC=CC=C3N=C2N,2.6,56.7,294,1,3,2,18,0,240.137496527,240.31,2.8227,56.730000000000004,1,3,2,3,3,0,1,1,1,0,1,0,0,0,0,0,0,0,0,0,0,0,0,0,1,0,1,0,1,0,0,0,1,0,0,1,0,1,1,0,0,1,1,0,1,0,0,0,0,1,0,0,1,0,1,0,1,0,0,0,1,0,0,0,0,1,0,0,1,1,0,0,0,1,0,0,1,0,1,0,0,0,1,0,0,1,1,0,0,0,0,1,0,0,0,0,0,0,0,0,1,0,0,0,0,1,0,0,0,0,0,1,0,0,0,0,0,0,0,0,0,0,0,0,0,0,0,1,0,0,0,0,0
rotigotine,C19H25NOS,315.5,CCCN(CCC1=CC=CS1)C2CCC3=C(C2)C=CC=C3O,4.9,51.7,337,1,3,6,22,0,315.16568559,315.48199999999997,4.265700000000004,23.47,1,3,6,3,2,0,0,1,0,0,0,0,0,0,0,0,0,1,0,1,1,1,0,0,0,0,0,0,0,0,0,1,0,0,0,1,1,0,1,0,1,0,0,1,1,0,1,0,0,1,1,1,0,0,0,0,0,0,0,0,0,0,0,0,0,0,1,0,0,1,0,1,0,1,0,0,1,0,0,1,0,0,0,0,0,1,1,0,0,1,0,1,0,0,0,1,1,0,1,0,0,0,1,0,0,1,1,0,1,1,1,0,0,0,0,0,0,0,1,0,0,1,0,0,0,0,0,0,1,0,0,0,1
pemirolast,C10H8N6O,228.21,CC1=CC=CN2C1=NC=C(C2=O)C3=NNN=N3,-0.3,87.1,489,1,5,1,17,0,228.0759589,228.21500000000003,0.1830199999999998,88.83,1,5,1,3,3,0,1,0,0,0,0,0,0,0,0,1,0,1,0,0,0,0,0,0,0,0,0,0,0,0,0,1,0,0,0,0,0,1,1,0,0,0,0,0,1,0,0,0,0,1,0,0,0,0,1,0,0,0,0,1,0,0,0,1,0,1,0,0,1,1,0,1,1,0,0,0,0,0,0,0,0,0,1,0,1,1,1,1,0,1,0,1,0,1,0,1,0,0,0,0,1,1,0,0,0,1,0,0,1,0,1,0,0,0,0,0,1,0,0,0,0,0,0,0,0,1,0,1,0,0,0,0,1
levetiracetam,C8H14N2O2,170.21,CCC(C(=O)N)N1CCCC1=O,-0.3,63.4,203,1,2,3,12,0,170.105527694,170.212,-0.12729999999999997,63.400000000000006,1,2,3,1,0,0,1,0,0,1,0,0,0,1,0,1,0,1,0,0,0,0,0,0,1,0,0,0,0,0,0,0,0,0,0,1,0,0,1,0,0,0,0,1,1,0,0,0,0,0,0,0,0,0,0,0,0,0,0,0,0,0,1,1,0,1,0,0,0,0,0,0,0,0,0,0,0,1,0,1,0,0,0,0,0,1,0,0,0,0,0,0,0,0,0,0,0,0,0,0,0,0,0,0,0,1,0,0,0,1,0,0,0,0,0,0,0,0,0,1,0,0,0,0,1,0,0,1,0,0,1,0,0
esmolol,C16H25NO4,295.37,CC(C)NCC(COC1=CC=C(C=C1)CCC(=O)OC)O,1.9,67.8,288,2,5,10,21,0,295.17835828,295.379,1.5298999999999998,67.79,2,5,9,1,1,1,1,0,0,1,0,0,0,0,0,1,0,0,0,1,0,0,0,1,0,0,1,0,0,0,0,0,1,1,0,0,0,0,1,0,0,0,1,1,1,0,1,0,0,1,0,1,0,0,0,0,0,0,0,1,1,0,0,0,0,0,0,0,0,0,0,1,1,0,0,0,0,0,1,0,0,0,0,1,0,1,1,0,0,0,0,1,0,0,0,1,1,0,0,1,0,0,0,0,1,1,0,1,0,0,0,1,0,0,0,1,0,0,0,0,0,0,0,1,0,0,0,0,0,0,1,1,0
tamsulosin,C20H28N2O5S,408.5,CCOC1=CC=CC=C1OCCNC(C)CC2=CC(=C(C=C2)OC)S(=O)(=O)N,2.7,108.0,539,2,7,11,28,0,408.17189317,408.5200000000001,2.3409,99.88,2,6,11,2,2,1,1,1,0,0,0,0,0,1,0,1,0,0,1,1,0,0,0,0,1,0,0,0,0,0,1,0,1,0,0,0,0,0,1,0,0,0,0,1,0,0,1,0,0,1,0,1,1,0,0,1,1,0,0,1,1,0,0,0,0,0,0,0,0,1,1,0,0,1,0,1,1,0,1,0,0,0,1,0,1,1,1,0,0,0,0,1,0,0,0,1,0,0,0,1,0,0,0,1,0,1,0,0,0,0,0,1,1,0,1,1,0,0,0,0,0,0,0,0,0,0,1,0,0,1,1,0,0
adapalene,C28H28O3,412.5,COC1=C(C=C(C=C1)C2=CC3=C(C=C2)C=C(C=C3)C(=O)O)C45CC6CC(C4)CC(C6)C5,7.7,46.5,644,1,3,4,31,0,412.20384475,412.5290000000003,6.681400000000005,46.53,1,2,4,7,3,1,0,1,0,0,1,0,1,1,0,1,0,1,0,0,0,0,1,0,0,0,0,0,0,0,0,0,0,0,0,1,0,1,1,0,1,1,0,1,1,0,0,0,0,0,0,0,0,0,0,1,0,0,0,0,1,1,0,0,0,1,0,0,1,0,0,1,0,0,0,0,0,1,1,0,1,1,0,0,0,0,1,0,0,1,0,1,0,0,0,0,0,0,0,1,0,0,1,0,0,1,0,0,0,0,1,0,1,0,0,0,0,0,0,1,0,0,0,0,0,0,1,1,1,0,1,0,0
adefovir,C8H12N5O4P,273.19,C1=NC(=C2C(=N1)N(C=N2)CCOCP(=O)(O)O)N,-2.0,136.0,327,3,8,5,18,0,273.06269088,273.18899999999996,-0.43970000000000015,136.38000000000002,3,6,5,2,2,0,0,0,0,0,0,0,0,0,1,1,0,0,1,0,0,0,1,1,1,0,0,1,0,0,0,0,0,0,0,0,0,1,0,0,0,1,0,0,1,0,0,0,0,1,0,1,1,0,1,0,1,0,0,0,1,0,0,0,0,1,1,1,1,1,0,1,0,0,0,0,1,1,0,0,0,0,0,0,0,1,1,0,0,0,0,0,0,0,0,0,0,0,1,0,1,0,1,0,0,1,0,1,0,0,1,0,0,0,0,0,0,0,0,0,0,1,0,0,0,0,1,1,0,0,0,0,0
perindopril,C19H32N2O5,368.5,CCCC(C(=O)OCC)NC(C)C(=O)N1C2CCCCC2CC1C(=O)O,0.9,95.9,524,2,6,9,26,0,368.23112213,368.47400000000016,1.9405999999999999,95.94000000000001,2,5,8,2,0,1,1,0,0,1,1,0,0,0,0,1,1,1,0,0,0,0,1,0,1,1,0,0,1,0,1,1,1,0,0,1,0,1,1,0,0,0,0,1,1,1,0,0,0,1,1,0,1,0,0,0,1,0,0,0,1,0,0,1,0,0,0,0,0,0,0,0,0,0,0,0,0,0,1,0,0,0,0,0,0,1,0,0,1,0,0,1,0,0,0,0,0,1,1,0,0,1,1,0,1,1,1,0,0,0,0,0,0,1,0,0,0,0,0,1,0,1,0,0,0,0,0,1,1,0,1,0,1
exemestane,C20H24O2,296.4,CC12CCC3C(C1CCC2=O)CC(=C)C4=CC(=O)C=CC34C,3.1,34.1,653,0,2,0,22,0,296.177630004,296.40999999999997,4.029500000000003,34.14,0,2,0,4,0,0,0,0,0,0,0,0,1,0,0,1,0,1,0,0,0,0,1,0,1,0,0,0,0,0,0,0,0,0,1,1,0,0,1,0,1,1,0,0,1,0,0,0,1,0,1,0,0,0,0,0,0,0,0,0,0,0,0,1,0,0,1,0,1,1,0,0,0,0,0,0,1,0,0,1,0,0,0,0,0,0,1,0,0,1,0,1,0,0,1,0,1,1,0,0,0,0,1,0,0,1,1,0,1,0,0,0,0,0,0,1,1,1,0,0,0,0,0,1,0,0,1,1,1,0,0,0,0
zileuton,C11H12N2O2S,236.29,CC(C1=CC2=CC=CC=C2S1)N(C(=O)N)O,1.6,94.8,275,2,3,2,16,0,236.0619488,236.29599999999996,2.7321999999999997,66.56,2,3,2,2,2,0,1,0,0,0,0,0,0,0,0,1,1,1,0,0,0,0,0,0,1,0,0,0,0,0,0,1,1,0,0,0,1,1,1,1,1,0,0,0,1,0,0,0,0,1,0,0,1,0,0,0,0,0,0,0,0,0,0,0,0,0,0,0,1,1,0,0,0,0,0,0,0,0,0,0,0,0,1,0,0,0,1,0,0,0,0,1,0,0,0,1,0,0,0,0,0,0,0,0,0,1,0,0,0,1,0,0,1,0,0,1,0,1,1,0,1,0,1,0,0,0,0,0,0,1,1,1,0
dexmedetomidine,C13H16N2,200.28,CC1=C(C(=CC=C1)C(C)C2=CN=CN2)C,3.1,28.7,205,1,1,2,15,0,200.131348519,200.285,3.1783400000000013,28.68,1,1,2,2,2,0,1,0,0,0,0,0,1,0,0,1,0,0,1,0,1,0,0,0,0,0,0,1,0,0,0,0,1,0,0,0,0,0,1,0,0,0,0,1,0,1,0,0,0,0,1,0,0,0,0,0,0,0,0,0,0,0,0,1,0,0,0,0,0,1,0,0,1,0,1,0,0,0,1,0,0,0,1,1,1,0,1,0,0,0,0,1,0,0,0,1,0,0,0,0,0,1,0,0,0,1,0,0,0,0,0,0,0,0,1,0,1,0,0,0,0,0,0,0,0,0,0,1,0,1,1,0,1
cidofovir,C8H14N3O6P,279.19,C1=CN(C(=O)N=C1N)CC(CO)OCP(=O)(O)O,-3.6,146.0,417,4,6,6,18,0,279.06202217,279.18899999999996,-1.6617999999999997,147.9,4,6,6,1,1,0,1,1,0,0,0,0,0,0,0,1,0,1,0,0,1,0,0,0,1,0,0,1,0,0,0,0,0,0,0,0,0,0,0,0,0,0,0,0,1,1,0,0,0,0,0,1,1,1,1,0,0,0,0,0,1,0,1,1,1,1,1,1,1,1,0,0,0,0,0,0,0,0,0,0,0,0,1,0,0,1,1,0,0,0,0,1,0,0,0,0,0,0,1,1,1,0,0,1,0,1,1,1,0,0,0,0,0,1,0,0,0,0,0,0,0,0,0,1,0,0,0,1,0,0,1,0,0
rocuronium,C32H53N2O4+,529.8,CC(=O)OC1C(CC2C1(CCC3C2CCC4C3(CC(C(C4)O)N5CCOCC5)C)C)[N+]6(CCCC6)CC=C,5.0,59.0,898,1,5,6,38,1,529.40053318,529.7860000000004,4.407500000000004,59.0,1,5,5,6,0,0,0,0,0,1,1,0,1,0,1,1,1,1,0,1,0,1,1,0,0,0,0,0,0,0,1,0,0,0,0,1,1,0,1,0,0,1,0,0,1,0,0,1,0,1,1,0,0,0,0,0,1,1,0,1,1,0,0,0,1,1,0,1,1,0,0,0,0,1,1,0,1,1,1,0,0,0,0,0,0,1,1,0,0,0,0,1,0,0,0,1,0,0,0,1,0,0,0,0,0,0,0,1,1,0,1,0,0,1,1,1,0,0,0,1,0,0,0,0,0,0,1,1,1,0,1,0,1
meropenem,C17H25N3O5S,383.5,CC1C2C(C(=O)N2C(=C1SC3CC(NC3)C(=O)N(C)C)C(=O)O)C(C)O,-2.4,135.0,679,3,7,5,26,0,383.15149208,383.47000000000014,-0.30799999999999755,110.18,3,6,5,3,0,1,1,1,0,0,1,0,1,0,0,1,1,1,0,0,0,0,0,0,0,0,0,1,0,0,1,0,1,0,1,1,0,0,1,0,0,0,0,1,1,1,1,0,0,0,0,1,1,0,0,0,0,0,0,1,0,0,0,1,0,0,0,0,1,1,1,0,0,1,0,1,0,1,0,0,1,0,0,0,0,1,0,0,0,1,0,1,0,0,0,1,0,0,0,0,0,0,0,0,1,1,0,1,1,0,0,1,0,1,0,0,0,0,1,0,0,1,1,0,0,0,0,0,1,0,1,0,0
gadoteridol,C17H29GdN4O7,558.7,CC(CN1CCN(CCN(CCN(CC1)CC(=O)[O-])CC(=O)[O-])CC(=O)[O-])O.[Gd+3],,154.0,471,1,11,5,29,0,559.12774,558.6900000000002,-6.161500000000002,153.57999999999998,1,11,8,1,0,0,1,1,0,0,0,0,0,0,0,1,0,0,0,1,0,0,1,0,0,0,1,0,0,1,1,0,1,0,0,1,0,1,1,0,0,0,0,0,1,0,0,0,0,0,0,0,0,0,0,0,0,0,0,0,0,0,0,0,0,0,0,0,0,0,0,0,0,0,0,0,0,1,0,1,1,0,0,0,0,1,1,0,0,0,0,0,0,0,0,0,0,0,0,0,0,0,0,0,1,0,0,0,1,0,0,0,0,0,0,0,0,0,0,0,0,0,0,0,0,0,0,0,0,0,1,0,1
bromfenac,C15H12BrNO3,334.16,C1=CC(=C(C(=C1)C(=O)C2=CC=C(C=C2)Br)N)CC(=O)O,3.3,80.4,366,2,4,4,20,0,333.00006,334.1690000000001,2.8894,80.39,2,3,4,2,2,0,0,0,0,0,1,0,0,0,1,1,0,0,1,0,1,0,0,1,1,0,1,1,0,0,0,0,0,0,0,0,0,0,1,0,0,0,0,0,1,0,0,0,0,0,0,0,0,0,1,0,0,0,0,0,0,0,0,0,0,0,1,0,0,1,0,0,0,0,1,0,1,0,1,0,0,0,0,0,0,1,1,0,0,0,0,1,0,1,0,0,0,0,0,0,1,0,0,0,0,1,0,0,0,0,1,0,0,0,0,0,1,0,1,0,0,0,0,0,0,0,0,0,0,0,1,0,1
mTHPC,C44H32N4O4,680.7,C1CC2=NC1=C(C3=CC=C(N3)C(=C4C=CC(=N4)C(=C5C=CC(=C2C6=CC(=CC=C6)O)N5)C7=CC(=CC=C7)O)C8=CC(=CC=C8)O)C9=CC(=CC=C9)O,8.8,138.0,1090,6,6,4,52,0,680.24235551,680.7640000000002,9.760799999999994,138.28,6,6,4,9,7,0,0,0,0,0,1,1,0,1,0,0,0,0,0,0,1,0,0,0,1,0,1,0,0,0,0,1,0,1,0,1,0,0,0,0,1,0,0,1,1,0,0,0,0,0,0,0,0,0,0,0,0,0,0,1,0,0,0,0,0,0,0,0,1,1,1,1,0,0,0,0,0,0,0,1,1,0,0,0,0,0,1,0,1,0,0,1,0,0,1,1,0,0,0,0,0,1,0,0,1,1,1,0,0,0,1,0,1,0,1,0,0,0,0,0,0,0,0,0,1,0,0,1,1,0,1,0,0
ibutilide,C20H36N2O3S,384.6,CCCCCCCN(CC)CCCC(C1=CC=C(C=C1)NS(=O)(=O)C)O,4.0,78.0,442,2,5,14,26,0,384.24466419,384.58600000000007,4.164000000000004,69.64,2,4,14,1,1,1,1,0,0,0,1,0,1,0,0,1,0,0,0,0,0,0,1,0,0,0,1,0,0,0,1,1,0,0,0,0,1,0,1,0,0,1,0,1,1,0,0,0,0,0,1,0,0,0,0,0,0,1,0,0,0,0,0,0,0,1,1,0,1,0,0,0,0,1,0,0,0,0,0,0,1,0,0,0,1,1,1,1,0,0,1,1,0,0,0,0,0,0,0,1,0,0,0,0,1,1,0,0,0,1,0,0,0,0,0,0,0,1,1,0,0,0,0,1,1,0,0,0,1,0,0,0,0
gadodiamide,C16H26GdN5O8,573.66,CNC(=O)CN(CCN(CCN(CC(=O)NC)CC(=O)[O-])CC(=O)[O-])CC(=O)[O-].[Gd+3],,188.0,527,2,11,13,30,0,574.10225,573.6610000000003,-7.3659000000000106,188.31,2,11,16,0,0,1,0,1,1,0,0,1,0,0,0,1,0,1,0,0,0,0,1,0,0,0,0,1,0,0,0,0,0,0,0,0,1,0,1,0,0,0,0,1,1,0,1,0,0,0,0,0,0,0,0,0,0,0,0,0,0,0,0,0,0,0,0,0,0,0,0,0,0,0,0,0,0,0,0,1,1,0,0,0,0,1,0,0,0,0,0,0,0,0,1,1,0,0,1,0,0,0,0,0,0,0,0,0,1,0,0,0,0,0,0,0,0,0,1,0,0,0,0,0,0,0,0,0,1,0,1,0,0
saquinavir,C38H50N6O5,670.8,CC(C)(C)NC(=O)C1CC2CCCCC2CN1CC(C(CC3=CC=CC=C3)NC(=O)C(CC(=O)N)NC(=O)C4=NC5=CC=CC=C5C=C4)O,4.2,167.0,1140,5,7,13,49,0,670.38426872,670.8550000000001,3.0924000000000027,166.74999999999997,5,7,12,5,3,1,1,1,0,1,1,0,1,1,0,1,0,1,0,0,0,0,0,1,1,1,0,0,0,0,0,1,1,0,0,1,1,0,1,0,1,0,0,0,1,0,0,1,0,0,1,0,1,0,1,1,1,0,0,0,0,0,1,0,0,0,1,0,1,1,0,0,0,0,1,0,0,0,1,0,1,0,0,0,1,1,1,0,0,0,0,1,1,0,1,1,1,1,0,0,0,1,0,1,1,1,0,1,0,1,0,1,1,1,0,0,0,0,0,1,0,0,1,0,1,1,0,1,1,1,1,0,0
aripiprazole,C23H27Cl2N3O2,448.4,C1CC(=O)NC2=C1C=CC(=C2)OCCCCN3CCN(CC3)C4=C(C(=CC=C4)Cl)Cl,4.6,44.8,559,1,4,7,30,0,447.1480325,448.3940000000001,4.859300000000005,44.81,1,4,7,4,2,0,1,0,1,0,0,0,0,0,0,1,0,0,1,0,1,0,0,0,1,0,0,0,1,0,0,0,0,0,0,1,0,0,0,0,0,1,0,0,1,0,0,0,0,1,0,0,0,0,1,0,0,0,0,0,1,0,0,1,0,1,0,1,0,1,0,1,0,0,0,0,0,1,0,1,0,0,1,1,0,1,1,0,0,1,0,1,0,0,0,1,0,1,1,0,0,1,1,1,0,1,0,0,1,0,0,0,1,0,0,1,1,0,0,0,1,0,1,0,1,0,1,0,0,0,1,0,1
remifentanil,C20H28N2O5,376.4,CCC(=O)N(C1=CC=CC=C1)C2(CCN(CC2)CCC(=O)OC)C(=O)OC,1.9,76.2,522,0,6,9,27,0,376.199822,376.45300000000015,2.0002999999999997,76.15000000000002,0,6,7,2,1,1,0,1,0,0,1,0,0,0,0,1,1,0,0,1,0,0,0,0,0,0,0,0,0,0,0,0,0,1,0,1,0,1,1,0,0,1,0,1,1,0,0,0,0,0,0,0,1,0,0,0,0,0,0,0,1,0,0,0,0,0,0,0,0,1,1,0,1,0,0,0,1,1,1,1,0,0,0,0,1,1,1,0,0,0,0,1,0,0,0,0,0,0,1,0,0,0,0,1,0,1,0,1,0,0,1,1,0,0,0,0,0,1,1,0,0,0,1,0,0,0,1,0,1,1,1,0,1
tiotropium,C19H22NO4S2+,392.5,C[N+]1(C2CC(CC1C3C2O3)OC(=O)C(C4=CC=CS4)(C5=CC=CS5)O)C,2.3,116.0,564,1,6,5,26,1,392.09902553,392.52200000000005,2.3457,59.06,1,6,4,5,2,0,1,0,0,0,0,0,0,1,0,1,0,1,0,1,0,1,0,0,0,0,0,1,0,0,0,0,0,0,0,1,1,0,1,0,1,0,0,0,1,0,1,0,0,0,0,0,1,0,0,0,1,0,0,0,1,0,0,0,0,0,0,0,1,1,1,0,1,0,0,1,0,0,0,0,0,0,0,0,0,0,1,0,0,0,0,1,0,0,0,0,0,0,1,1,0,0,0,0,0,1,0,1,0,0,0,0,1,0,0,0,0,1,1,1,0,1,0,0,1,0,1,0,1,1,1,0,1
duloxetine,C18H19NOS,297.4,CNCCC(C1=CC=CS1)OC2=CC=CC3=CC=CC=C32,4.3,49.5,312,1,3,6,21,0,297.1187354,297.423,4.630900000000003,21.259999999999998,1,3,6,3,3,1,1,1,0,0,0,0,0,0,1,0,0,0,0,1,1,0,0,0,0,0,0,1,0,1,0,0,1,0,0,0,1,0,1,0,1,0,1,0,0,0,0,0,0,0,0,0,1,0,0,1,0,0,0,0,1,0,0,0,0,0,0,0,1,1,0,0,0,0,0,0,0,0,0,0,1,1,1,1,0,1,1,0,0,0,0,1,0,1,0,0,0,1,0,1,0,0,1,0,1,1,0,0,0,0,0,0,0,0,0,0,0,0,1,0,0,0,0,1,0,0,0,0,0,0,0,0,1
pemetrexed,C20H21N5O6,427.4,C1=CC(=CC=C1CCC2=CNC3=C2C(=O)NC(=N3)N)C(=O)NC(CCC(=O)O)C(=O)O,0.2,187.0,748,6,7,9,31,0,427.14918341,427.4170000000002,0.6664,191.25999999999996,6,6,9,3,3,1,1,0,0,0,1,0,1,0,0,1,0,0,0,0,0,0,0,0,1,0,1,0,0,0,0,1,1,1,0,1,0,0,1,0,0,0,0,1,1,0,0,0,0,0,0,0,0,0,1,0,0,1,0,1,0,0,1,1,1,0,0,0,1,1,0,0,0,0,1,0,0,0,1,0,0,0,0,1,0,1,1,0,0,0,0,1,1,1,0,1,1,0,0,0,1,1,0,0,1,1,0,1,0,1,1,0,0,1,0,1,0,0,0,0,1,0,1,0,0,0,0,1,0,1,1,0,0
ibandronate,C9H23NO7P2,319.23,CCCCCN(C)CCC(O)(P(=O)(O)O)P(=O)(O)O,-4.1,139.0,342,5,8,9,19,0,319.09497607,319.23100000000005,0.4999999999999996,138.53,5,4,9,0,0,0,0,0,0,0,1,0,0,0,0,1,1,0,0,0,0,0,0,0,0,0,0,0,0,0,0,1,0,1,0,0,1,1,1,0,0,1,1,1,1,0,0,0,0,0,0,1,0,0,0,0,0,0,0,0,0,0,0,0,0,0,0,0,0,1,0,0,0,0,0,0,0,0,0,0,1,0,0,0,1,1,0,0,0,1,0,0,0,0,0,0,0,1,0,0,0,0,0,0,0,0,0,1,0,0,0,1,0,0,0,0,0,0,1,1,0,1,0,0,1,0,1,1,0,0,0,0,0
ziprasidone,C21H21ClN4OS,412.9,C1CN(CCN1CCC2=C(C=C3C(=C2)CC(=O)N3)Cl)C4=NSC5=CC=CC=C54,4.0,76.7,573,1,5,4,28,0,412.1124602,412.94600000000014,3.809000000000002,48.47,1,5,4,5,3,0,0,1,0,0,0,0,0,0,1,1,0,0,1,0,0,0,0,0,1,0,0,0,1,0,0,0,0,1,0,1,0,0,0,1,1,1,1,0,1,1,0,1,1,1,0,0,1,0,1,0,0,0,0,0,0,0,0,1,0,0,0,1,0,1,0,0,0,0,1,0,0,1,0,1,0,0,1,0,0,1,1,0,0,1,0,1,0,0,1,1,1,0,0,1,0,0,0,0,0,1,0,0,0,0,0,0,1,0,0,1,0,1,0,0,0,0,1,0,0,0,1,1,0,0,0,0,1
metaiodobenzylguanidine,C8H10IN3,275.09,C1=CC(=CC(=C1)I)CN=C(N)N,1.0,64.4,166,2,1,2,12,0,274.99194,275.093,1.0646000000000002,64.39999999999999,2,1,2,1,1,0,0,0,0,0,0,1,0,0,0,1,0,1,0,0,1,0,0,0,1,0,1,0,0,0,0,0,0,0,0,0,0,0,0,0,0,0,0,0,1,0,0,1,0,0,0,0,0,0,0,0,1,0,0,0,0,0,0,1,0,0,0,0,0,1,0,0,1,0,0,0,0,0,0,0,0,0,0,0,0,1,1,0,0,0,1,1,0,0,0,1,0,0,0,0,1,0,0,0,0,1,0,0,0,0,0,0,1,0,0,0,0,0,0,0,0,1,0,0,0,0,1,1,0,0,0,0,0
olopatadine,C21H23NO3,337.4,CN(C)CCC=C1C2=CC=CC=C2COC3=C1C=C(C=C3)CC(=O)O,1.5,49.8,488,1,4,5,25,0,337.1677936,337.41900000000004,3.589500000000002,49.769999999999996,1,3,5,3,2,0,0,1,0,0,1,0,0,0,0,1,1,1,0,0,0,1,1,1,0,0,0,0,0,1,0,0,0,0,0,1,1,0,1,0,0,0,0,0,1,0,0,0,0,1,0,0,1,0,0,0,0,0,1,1,0,0,1,0,0,0,0,0,1,1,0,0,0,0,1,0,0,0,1,0,1,0,0,1,0,1,1,0,0,1,0,1,0,1,0,1,0,0,0,1,1,1,1,0,0,1,0,0,0,0,0,0,1,0,1,0,0,0,1,0,1,1,0,1,0,0,0,0,0,0,1,0,0
levosimendan,C14H12N6O,280.28,CC1CC(=O)NN=C1C2=CC=C(C=C2)NN=C(C#N)C#N,2.3,113.0,549,2,6,3,21,0,280.10725903,280.29100000000005,1.3617599999999999,113.42999999999998,2,6,3,2,1,1,0,0,0,1,0,1,1,1,0,1,0,0,0,0,0,0,0,0,0,0,0,1,0,0,0,0,0,0,1,1,0,1,1,1,1,0,0,0,1,0,0,1,0,0,1,0,0,0,0,0,0,0,0,0,0,0,0,1,0,1,0,0,1,0,0,0,0,0,1,1,0,0,0,0,1,0,0,0,0,1,1,0,0,0,1,1,0,1,0,1,0,0,0,0,0,0,0,0,0,1,0,0,1,1,0,0,0,0,0,0,0,0,1,0,1,1,0,0,1,0,0,1,1,0,0,0,0
emtricitabine,C8H10FN3O3S,247.25,C1C(OC(S1)CO)N2C=C(C(=NC2=O)N)F,-0.6,113.0,374,2,5,2,16,0,247.04269053,247.25099999999998,-0.45500000000000024,90.36999999999999,2,6,2,2,1,0,1,0,1,1,0,0,0,1,0,1,0,0,0,0,0,1,0,0,1,0,0,0,0,0,0,0,0,0,1,1,0,0,0,0,1,1,0,0,1,0,0,0,0,0,0,0,0,1,1,0,1,0,1,1,0,0,1,1,1,0,0,0,1,0,1,0,0,0,0,1,0,0,0,0,0,0,0,0,0,1,1,0,0,0,0,0,0,0,0,0,0,0,1,1,1,0,1,0,0,1,0,1,0,1,0,0,0,1,0,0,0,0,0,0,0,0,0,0,0,0,0,1,1,0,0,0,1
eprosartan,C23H24N2O4S,424.5,CCCCC1=NC=C(N1CC2=CC=C(C=C2)C(=O)O)C=C(CC3=CC=CS3)C(=O)O,4.5,121.0,618,2,6,10,30,0,424.14567842,424.52200000000016,4.744400000000003,92.42,2,4,10,3,3,0,0,0,0,0,1,0,0,0,0,1,0,0,0,1,1,1,0,0,1,0,0,0,0,0,1,1,0,0,0,0,1,0,1,1,1,0,0,1,1,0,0,0,0,1,0,0,0,0,0,0,0,0,1,1,0,1,0,0,0,0,0,1,0,1,0,0,0,1,1,0,0,1,1,0,0,0,0,0,1,1,1,1,0,0,0,1,0,0,0,1,1,0,0,0,0,0,0,0,1,1,1,0,0,1,1,1,0,0,0,0,0,0,1,1,0,1,0,0,1,0,0,1,0,1,1,1,1
tiludronate,C7H9ClO6P2S,318.61,C1=CC(=CC=C1SC(P(=O)(O)O)P(=O)(O)O)Cl,-0.3,140.0,324,4,7,4,17,0,317.9283609,318.611,2.071100000000002,115.06,4,3,4,1,1,0,1,0,0,0,0,0,0,0,0,1,0,0,0,0,0,0,0,0,1,0,0,0,1,0,0,0,1,0,0,0,0,0,0,0,0,0,0,0,1,0,0,0,1,0,0,1,0,1,1,0,0,0,0,0,0,0,0,0,0,0,0,0,0,1,0,0,0,0,0,0,0,0,0,1,0,0,0,0,0,0,1,0,0,0,0,1,0,1,0,0,0,0,1,0,0,0,1,0,1,1,0,1,1,0,0,0,0,0,0,0,0,0,0,0,0,1,0,0,0,0,0,0,0,0,0,0,0
capecitabine,C15H22FN3O6,359.35,CCCCCOC(=O)NC1=NC(=O)N(C=C1F)C2C(C(C(O2)C)O)O,0.6,121.0,582,3,7,7,25,0,359.14926359,359.35400000000004,0.7602,122.91000000000001,3,7,6,2,1,1,1,0,1,1,0,0,0,1,0,1,0,0,1,0,0,1,0,0,1,0,0,0,0,1,0,1,0,0,1,0,0,0,1,0,0,1,0,1,1,0,0,0,0,0,0,1,0,1,0,0,0,0,0,0,1,0,0,1,1,0,0,0,1,0,1,1,0,1,0,1,0,0,0,1,1,0,0,0,1,1,1,1,0,1,0,0,1,0,0,1,0,0,1,1,1,0,1,0,0,1,0,0,0,0,1,0,0,0,0,0,0,0,0,0,0,0,0,0,1,0,1,1,1,0,1,0,0
monomethylfumarate,C5H6O4,130.1,COC(=O)C=CC(=O)O,0.4,63.6,147,1,4,3,9,0,130.02660867,130.099,-0.19980000000000003,63.60000000000001,1,3,2,0,0,1,0,0,0,0,1,0,0,0,0,1,0,1,0,0,0,0,0,0,0,0,0,0,0,0,0,0,0,0,0,1,1,0,1,0,0,0,0,0,1,0,0,0,0,0,0,0,0,0,1,1,0,0,0,1,1,0,0,0,0,0,0,0,0,0,0,0,0,0,0,0,0,1,1,0,0,0,0,0,0,1,0,0,0,0,0,0,0,0,0,0,0,0,0,0,0,0,0,0,0,0,0,0,0,0,0,0,0,0,0,0,0,0,0,0,0,0,0,0,0,0,0,0,0,1,1,0,0
doxycycline,C22H24N2O8,444.4,CC1C2C(C3C(C(=O)C(=C(C3(C(=O)C2=C(C4=C1C=CC=C4O)O)O)O)C(=O)N)N(C)C)O,-0.7,182.0,956,6,9,2,32,0,444.15326573,444.4400000000001,-0.5041999999999984,181.62000000000003,6,9,2,4,1,0,0,1,1,0,0,0,0,0,0,1,1,1,1,0,1,1,0,0,1,1,0,0,0,0,0,0,0,0,1,0,0,0,1,0,1,1,1,0,1,0,1,0,0,0,1,1,1,0,1,0,0,0,1,1,0,1,0,1,1,0,1,0,1,1,1,1,0,0,0,0,1,0,0,0,0,0,0,0,1,1,1,0,1,0,0,1,0,0,0,0,0,0,0,1,1,0,0,0,0,1,0,0,0,0,1,0,0,0,1,0,0,0,1,0,1,0,0,1,0,0,0,0,1,0,1,0,0
ammonium,H4N+,18.039,[NH4+],-0.7,1.0,0,1,0,0,1,1,18.034374132,18.039,0.3762,36.5,1,0,0,0,0,0,0,0,0,0,0,0,0,0,0,0,0,0,0,0,0,0,1,0,0,0,0,0,0,0,0,0,0,0,0,0,0,0,0,0,0,0,0,0,0,0,0,0,0,0,0,0,0,0,0,0,0,0,0,0,0,0,0,0,0,0,0,0,0,0,0,0,0,0,0,0,0,0,0,0,0,0,0,0,0,0,0,0,0,0,0,0,0,0,0,0,0,0,0,0,0,0,0,0,0,0,0,0,0,0,0,0,0,0,0,0,0,0,0,0,0,0,0,0,0,0,0,0,0,0,0,0,0
Metrodin,C42H65N11O12S2,980.2,CCC(C)C1C(=O)NC(C(=O)NC(C(=O)NC(CSSCC(C(=O)NC(C(=O)N1)CC2=CC=C(C=C2)O)N)C(=O)N3CCCC3C(=O)NC(CC(C)C)C(=O)NCC(=O)N)CC(=O)N)C(C)O,-1.5,427.0,1790,12,15,15,67,0,979.4255589,980.1809999999995,-3.4933000000000045,376.66999999999996,12,15,15,3,1,1,1,1,1,1,0,0,1,1,0,1,0,1,0,0,1,0,0,1,1,0,0,0,0,0,1,0,1,0,1,1,0,1,1,0,1,1,0,1,1,1,0,1,0,0,1,0,1,1,1,0,1,1,0,1,1,0,0,1,0,1,1,1,0,0,1,1,0,0,1,0,0,1,0,1,1,0,0,1,0,1,1,0,0,0,1,1,0,1,0,1,0,0,0,1,0,1,0,1,1,1,0,1,0,0,1,1,0,1,1,0,0,1,0,1,1,0,1,0,1,0,0,0,1,0,1,0,1
fosinoprilat,C23H34NO5P,435.5,C1CCC(CC1)C2CC(N(C2)C(=O)CP(=O)(CCCCC3=CC=CC=C3)O)C(=O)O,3.8,94.9,627,2,5,9,30,0,435.21746018,435.50100000000015,4.161700000000003,94.91000000000001,2,3,9,3,1,0,0,1,0,1,1,0,0,0,0,1,0,1,0,1,0,1,0,0,1,1,1,0,1,0,0,1,0,0,0,1,0,1,0,0,1,0,0,0,1,1,0,1,1,0,1,1,1,0,0,0,0,0,0,0,0,1,0,0,0,0,0,0,0,1,0,0,0,0,0,1,0,0,1,0,1,0,0,1,0,1,1,1,0,1,0,1,0,0,0,1,1,1,0,0,0,0,0,0,1,1,0,1,0,0,0,0,0,0,0,0,0,0,1,1,1,0,0,0,1,0,0,1,1,0,1,0,0
trovafloxacin,C20H15F3N4O3,416.4,C1C2C(C2N)CN1C3=C(C=C4C(=O)C(=CN(C4=N3)C5=C(C=C(C=C5)F)F)C(=O)O)F,0.3,99.8,770,2,10,3,30,0,416.10962484,416.3590000000001,1.894499999999999,101.45,2,5,3,5,3,0,0,1,0,0,1,1,0,1,0,1,1,0,1,0,1,0,0,0,1,0,1,0,1,0,0,0,0,0,0,1,0,1,0,0,0,1,0,0,1,1,1,0,0,0,0,0,0,1,0,0,0,1,0,0,0,0,0,1,1,0,0,1,1,0,1,1,0,0,1,0,1,1,1,0,0,0,1,0,1,1,1,0,0,0,0,1,0,0,0,0,0,0,0,0,0,0,0,0,1,1,0,0,1,0,0,0,1,0,0,1,0,0,0,1,0,0,0,0,0,0,0,1,1,0,1,0,0
benazeprilat,C22H24N2O5,396.4,C1CC2=CC=CC=C2N(C(=O)C1NC(CCC3=CC=CC=C3)C(=O)O)CC(=O)O,0.6,107.0,590,3,6,8,29,0,396.16852187,396.44300000000015,2.0946,106.94000000000001,3,4,8,3,2,1,1,0,0,0,1,0,0,0,0,1,0,0,0,0,1,0,1,1,0,0,1,1,0,0,0,0,0,0,0,1,0,1,0,0,0,0,0,1,1,0,0,1,0,1,1,0,1,0,1,0,1,1,0,0,1,0,0,1,1,0,1,0,0,1,0,0,0,0,0,0,0,0,1,1,0,1,0,0,0,1,1,0,0,1,0,1,0,1,1,1,1,0,0,0,0,1,0,0,1,1,0,0,0,0,0,0,0,0,0,0,1,0,0,0,0,0,0,0,0,0,1,0,1,0,1,0,0
valganciclovir,C14H22N6O5,354.36,CC(C)C(C(=O)OCC(CO)OCN1C=NC2=C1N=C(NC2=O)N)N,-1.5,167.0,528,4,8,9,25,0,354.16516782,354.3670000000001,-1.4366999999999983,171.37000000000003,4,9,8,2,2,0,1,0,0,0,0,1,0,0,0,1,0,0,0,0,0,0,0,1,1,0,0,1,0,0,0,0,1,0,0,0,0,1,1,1,0,1,0,0,1,0,0,0,0,1,0,1,1,1,1,0,0,0,0,0,1,1,1,1,0,1,0,0,1,0,0,0,0,0,0,0,1,0,0,0,0,0,0,1,0,1,1,0,0,1,0,0,1,0,1,1,0,0,0,1,1,0,0,1,0,1,0,1,0,0,0,0,0,0,1,1,0,0,0,0,0,0,1,1,0,0,1,1,0,1,1,1,0
Meropenem,C17H25N3O5S,383.5,CC1C2C(C(=O)N2C(=C1SC3CC(NC3)C(=O)N(C)C)C(=O)O)C(C)O,-2.4,135.0,679,3,7,5,26,0,383.15149208,383.47000000000014,-0.30799999999999755,110.18,3,6,5,3,0,1,1,1,0,0,1,0,1,0,0,1,1,1,0,0,0,0,0,0,0,0,0,1,0,0,1,0,1,0,1,1,0,0,1,0,0,0,0,1,1,1,1,0,0,0,0,1,1,0,0,0,0,0,0,1,0,0,0,1,0,0,0,0,1,1,1,0,0,1,0,1,0,1,0,0,1,0,0,0,0,1,0,0,0,1,0,1,0,0,0,1,0,0,0,0,0,0,0,0,1,1,0,1,1,0,0,1,0,1,0,0,0,0,1,0,0,1,1,0,0,0,0,0,1,0,1,0,0
tenofovir,C9H14N5O4P,287.21,CC(CN1C=NC2=C(N=CN=C21)N)OCP(=O)(O)O,-1.6,136.0,354,3,8,5,19,0,287.07834094,287.21599999999995,-0.051200000000000134,136.38000000000002,3,6,5,2,2,0,1,1,0,0,0,0,0,0,1,1,0,0,1,0,0,0,0,1,1,0,1,1,0,0,0,1,1,0,0,0,0,1,1,0,0,1,0,0,1,0,0,0,0,1,0,1,1,0,1,0,1,0,0,0,1,0,0,1,0,1,1,0,0,1,0,1,0,0,0,0,1,0,0,0,0,0,0,0,0,1,1,0,0,0,0,0,0,0,0,0,0,0,1,0,1,0,0,0,0,1,1,1,0,0,1,0,0,0,0,0,0,0,0,0,0,1,0,0,0,0,0,1,0,0,0,0,0
AMD3100,C28H54N8,502.8,C1CNCCNCCCN(CCNC1)CC2=CC=C(C=C2)CN3CCCNCCNCCCNCC3,0.0,78.7,456,6,8,4,36,0,502.44714376,502.79600000000045,0.41580000000000733,78.66,6,8,4,3,1,0,1,0,0,1,0,0,0,0,0,0,0,0,0,1,0,1,0,1,1,0,0,0,0,0,0,0,0,1,0,1,0,0,0,0,0,0,0,0,1,0,0,0,0,0,0,0,0,0,1,0,0,0,0,1,0,1,0,0,0,0,0,0,0,0,0,0,0,0,0,0,0,1,0,0,0,1,0,0,0,1,1,0,0,0,0,1,0,0,0,1,1,0,0,0,0,0,0,0,0,1,1,0,0,0,0,0,1,1,0,0,0,0,0,0,0,0,0,0,0,0,0,0,0,0,0,0,1
bendamustine,C16H21Cl2N3O2,358.3,CN1C2=C(C=C(C=C2)N(CCCl)CCCl)N=C1CCCC(=O)O,2.9,58.4,380,1,4,9,23,0,357.1010823,358.2690000000001,3.2646000000000015,58.36,1,3,9,2,2,1,0,0,1,1,1,0,1,1,0,1,0,0,0,0,0,0,0,0,1,0,0,0,1,0,0,0,0,1,0,0,1,0,1,0,0,0,0,0,1,0,0,0,0,0,1,0,0,1,0,0,0,1,0,1,0,0,0,1,0,0,0,1,1,1,0,0,0,0,0,0,0,1,1,0,0,0,1,0,0,1,1,0,0,0,1,1,0,0,0,1,1,0,0,0,0,0,0,0,0,1,1,0,1,0,0,0,1,0,0,0,0,0,1,1,0,0,0,0,1,0,1,1,0,0,1,1,0
reboxetine,C19H23NO3,313.4,CCOC1=CC=CC=C1OC(C2CNCCO2)C3=CC=CC=C3,3.0,39.7,333,1,4,6,23,0,313.1677936,313.39699999999993,3.1938000000000013,39.72,1,4,6,3,2,0,1,1,0,0,1,0,0,0,1,0,0,0,0,0,0,1,0,0,1,0,0,0,1,1,1,0,1,1,0,1,1,0,1,1,0,0,0,1,0,0,1,0,0,1,1,1,1,0,1,1,0,0,1,1,1,0,0,0,0,0,0,0,0,1,0,0,0,0,0,0,0,0,0,0,0,0,0,0,0,1,1,0,0,0,1,1,0,0,0,1,0,0,0,0,0,0,0,0,0,1,0,0,0,0,0,0,0,0,1,0,0,0,0,0,1,0,0,0,0,0,0,0,1,0,0,1,0
sertaconazole,C20H15Cl3N2OS,437.8,C1=CC2=C(C(=C1)Cl)SC=C2COC(CN3C=CN=C3)C4=C(C=C(C=C4)Cl)Cl,6.3,55.3,488,0,3,6,27,0,435.997067,437.779,7.016100000000004,27.05,0,3,6,4,4,0,1,1,1,0,0,0,0,0,0,1,0,0,0,0,1,1,0,0,1,0,0,0,0,1,0,0,1,0,1,1,1,0,1,0,1,1,1,0,1,1,0,0,0,0,0,0,0,1,1,0,0,0,0,0,1,0,1,0,0,1,0,0,0,1,0,0,1,0,1,0,0,0,1,1,1,0,1,1,0,1,1,0,0,0,0,1,0,1,0,0,0,0,1,0,0,1,1,0,0,1,1,0,0,0,1,0,1,0,1,1,0,0,0,0,0,0,0,1,0,0,0,1,1,0,0,0,0
lercanidipine,C36H41N3O6,611.7,CC1=C(C(C(=C(N1)C)C(=O)OC(C)(C)CN(C)CCC(C2=CC=CC=C2)C3=CC=CC=C3)C4=CC(=CC=C4)[N+](=O)[O-])C(=O)OC,6.9,114.0,1090,1,8,13,45,0,611.29953604,611.7390000000001,6.478400000000009,111.01,1,8,12,4,3,1,1,0,0,0,1,0,0,1,0,1,1,0,0,0,1,0,1,0,1,1,1,0,0,0,0,0,0,0,0,0,1,0,1,0,0,1,0,0,1,0,1,0,1,0,1,0,1,0,0,0,0,0,0,0,1,1,0,1,0,0,0,0,0,1,0,0,0,0,0,1,0,0,1,1,1,0,0,0,0,1,1,0,0,1,1,1,1,0,0,1,1,0,0,0,0,0,0,0,1,1,0,0,1,1,0,0,1,0,1,1,0,0,1,1,1,0,1,0,0,0,0,1,1,0,1,0,1
telmisartan,C33H30N4O2,514.6,CCCC1=NC2=C(N1CC3=CC=C(C=C3)C4=CC=CC=C4C(=O)O)C=C(C=C2C)C5=NC6=CC=CC=C6N5C,6.9,72.9,831,1,4,7,39,0,514.23687621,514.6290000000002,7.2644200000000065,72.94,1,3,7,6,6,1,0,0,0,0,1,0,0,1,0,1,0,0,1,0,0,0,0,0,1,0,1,0,1,0,0,1,0,0,0,0,0,0,1,1,0,1,0,1,1,0,0,0,0,0,1,0,1,0,0,1,0,1,0,1,0,1,1,1,0,1,0,1,1,1,0,0,0,0,0,0,1,1,1,0,0,0,0,0,1,1,1,0,0,1,0,1,0,1,0,1,1,0,0,1,0,1,0,0,0,1,1,0,0,0,0,1,1,1,0,0,1,0,0,0,0,0,0,0,0,0,1,1,0,0,1,0,1
atosiban,C43H67N11O12S2,994.2,CCC(C)C1C(=O)NC(C(=O)NC(C(=O)NC(CSSCCC(=O)NC(C(=O)N1)CC2=CC=C(C=C2)OCC)C(=O)N3CCCC3C(=O)NC(CCCN)C(=O)NCC(=O)N)CC(=O)N)C(C)O,-1.9,416.0,1770,11,15,18,68,0,993.44120896,994.2079999999993,-3.0446000000000075,365.66999999999996,11,15,18,3,1,1,1,1,1,1,0,0,1,1,0,1,0,1,0,0,1,0,0,1,1,0,1,0,0,0,1,0,1,0,1,1,0,1,1,0,1,1,0,1,1,0,0,1,0,1,1,0,1,1,1,0,1,1,1,1,1,0,0,1,0,1,1,1,0,0,1,1,0,0,1,0,0,1,1,1,1,0,0,1,0,1,1,1,0,0,1,1,0,0,0,1,0,0,0,1,0,1,0,1,1,1,0,1,0,0,0,1,0,1,1,0,0,1,1,1,1,0,1,0,1,0,0,0,1,0,1,0,1
zoledronic,C5H10N2O7P2,272.09,C1=CN(C=N1)CC(O)(P(=O)(O)O)P(=O)(O)O,-4.3,153.0,327,5,8,4,16,0,271.99632466,272.09,-1.1154000000000002,153.10999999999999,5,4,4,1,1,0,0,0,0,0,0,0,0,0,0,1,0,1,0,0,0,0,0,0,1,0,0,0,0,0,0,0,0,0,0,0,0,0,0,0,0,1,0,0,1,0,0,0,0,0,0,1,0,0,0,0,0,0,0,0,1,0,1,0,0,0,0,0,0,1,0,0,1,0,0,0,0,0,0,1,1,0,1,0,0,1,1,0,0,0,0,0,0,0,0,0,0,1,1,0,0,0,0,0,0,0,0,1,1,0,0,1,0,0,0,1,0,0,0,1,0,1,0,1,0,0,1,1,0,0,0,0,0
brinzolamide,C12H21N3O5S3,383.5,CCNC1CN(S(=O)(=O)C2=C1C=C(S2)S(=O)(=O)N)CCCOC,-0.3,164.0,598,2,9,7,23,0,383.0643343,383.5170000000002,0.08690000000000064,118.80000000000001,2,7,7,2,1,1,0,0,1,0,0,0,0,0,0,1,0,0,1,0,0,0,0,0,1,1,0,0,0,0,0,0,0,0,0,1,0,0,1,1,1,0,1,1,1,1,0,0,0,0,0,1,0,1,0,1,0,0,1,0,1,0,0,0,0,0,0,1,0,0,1,0,0,1,0,0,1,0,1,0,0,0,0,1,1,1,1,1,0,0,1,1,0,1,0,0,0,0,0,1,0,0,0,0,1,1,0,1,0,0,0,1,1,0,1,0,0,1,1,0,0,0,0,0,1,0,1,0,1,0,0,0,0
malvidin,C17H15O7+,331.3,COC1=CC(=CC(=C1O)OC)C2=[O+]C3=CC(=CC(=C3C=C2O)O)O,,100.0,406,4,6,3,24,1,331.08177781,331.3,3.2205000000000017,110.68,4,6,3,3,3,1,0,0,0,0,0,0,0,1,0,0,0,0,1,0,0,0,0,0,0,0,0,0,0,0,0,0,0,0,1,0,0,0,1,0,0,0,1,1,1,0,0,0,0,0,0,0,0,0,0,1,1,0,0,0,1,1,0,0,0,0,0,1,0,0,0,1,1,0,0,0,1,0,1,1,0,0,1,0,0,0,1,1,0,0,0,0,1,0,0,0,0,0,0,0,0,1,0,0,0,1,1,0,0,0,1,0,1,0,0,0,0,1,0,0,0,0,0,0,0,0,1,0,0,0,0,0,0
acamprosate,C5H11NO4S,181.21,CC(=O)NCCCS(=O)(=O)O,-1.2,91.9,215,2,4,4,11,0,181.04087901,181.213,-0.5995999999999997,83.47,2,3,4,0,0,1,0,0,0,0,0,0,0,1,0,1,0,0,0,0,0,0,0,0,0,0,0,0,0,0,0,0,1,0,0,0,0,0,1,0,0,0,0,0,1,0,0,0,0,0,0,0,0,0,0,0,0,0,0,0,0,0,0,0,0,0,0,0,0,0,0,0,0,1,1,1,0,0,1,0,0,0,0,0,0,1,0,0,0,1,0,0,0,0,0,0,1,1,0,1,0,0,1,0,0,0,0,0,0,0,0,0,0,0,0,0,0,0,0,0,0,0,1,0,1,0,1,0,0,0,1,0,0
ropivacaine,C17H26N2O,274.4,CCCN1CCCCC1C(=O)NC2=C(C=CC=C2C)C,2.9,32.3,308,1,2,4,20,0,274.204513457,274.408,3.506440000000002,32.34,1,2,4,2,1,1,0,0,0,1,0,0,0,0,0,1,1,0,0,0,1,0,0,0,1,0,0,0,0,1,0,1,0,1,0,1,0,0,1,0,0,0,0,1,1,0,0,0,0,0,1,0,0,0,1,1,0,1,0,0,0,0,0,1,0,0,0,0,0,1,0,0,0,0,1,0,0,1,0,0,0,0,1,1,1,1,1,0,0,0,0,1,0,0,0,0,0,0,0,1,0,0,0,1,0,1,0,1,0,0,0,0,0,0,0,0,1,0,0,0,0,0,0,0,0,0,1,1,1,0,1,0,0
nebivolol,C22H25F2NO4,405.4,C1CC2=C(C=CC(=C2)F)OC1C(CNCC(C3CCC4=C(O3)C=CC(=C4)F)O)O,3.0,71.0,483,3,7,6,29,0,405.1751646,405.4410000000001,2.363600000000001,70.95,3,5,6,4,2,1,1,1,0,0,0,1,0,1,0,1,1,0,0,0,0,1,0,1,0,0,0,0,1,0,0,0,0,0,0,1,0,0,0,0,0,0,0,0,1,1,0,0,1,1,1,0,0,0,0,0,0,0,0,0,0,0,0,0,1,0,0,0,0,0,0,0,0,0,0,0,0,0,1,1,1,0,0,1,1,1,1,0,0,1,0,1,0,1,0,0,0,0,0,1,0,0,0,0,1,1,0,0,0,1,0,0,1,1,0,1,0,0,1,0,0,0,0,0,0,0,0,0,1,0,0,0,0
mivacurium,C58H80N2O14+2,1029.3,C[N+]1(CCC2=CC(=C(C=C2C1CC3=CC(=C(C(=C3)OC)OC)OC)OC)OC)CCCOC(=O)CCC=CCCC(=O)OCCC[N+]4(CCC5=CC(=C(C=C5C4CC6=CC(=C(C(=C6)OC)OC)OC)OC)OC)C,8.7,145.0,1550,0,14,30,74,2,1028.56095523,1029.2779999999996,9.029000000000003,144.9,0,14,28,6,4,1,0,0,1,0,1,0,0,0,1,1,0,0,1,0,0,0,1,1,1,0,0,0,0,0,0,1,0,1,0,1,0,1,1,0,1,0,1,0,1,0,0,1,0,0,1,0,0,0,0,1,0,0,0,1,1,0,0,1,0,0,0,0,1,0,0,0,0,0,0,1,1,0,1,1,0,1,1,0,0,1,1,1,0,1,0,0,0,0,0,1,1,0,1,0,0,1,0,0,0,1,0,0,0,0,0,1,1,0,0,0,0,0,0,0,0,0,0,1,1,0,1,1,1,1,1,0,1
dofetilide,C19H27N3O5S2,441.6,CN(CCC1=CC=C(C=C1)NS(=O)(=O)C)CCOC2=CC=C(C=C2)NS(=O)(=O)C,1.8,122.0,672,2,8,11,29,0,441.13921332,441.5750000000001,1.9828999999999997,104.81,2,6,11,2,2,1,0,0,0,0,0,0,0,0,0,1,1,1,1,0,0,0,0,0,0,0,1,0,0,0,1,0,0,0,0,0,1,0,1,0,0,0,1,1,0,0,0,0,0,1,0,0,1,0,0,0,1,1,0,1,1,0,0,0,0,1,0,0,1,0,0,1,0,1,0,0,0,0,0,0,1,0,0,1,0,1,1,0,0,1,0,1,0,0,0,1,1,0,0,1,0,0,0,0,0,1,0,1,0,0,0,0,0,0,0,0,0,0,1,0,0,0,0,1,0,0,0,0,0,0,0,0,0
lanreotide,C54H69N11O10S2,1096.3,CC(C)C1C(=O)NC(CSSCC(C(=O)NC(C(=O)NC(C(=O)NC(C(=O)N1)CCCCN)CC2=CNC3=CC=CC=C32)CC4=CC=C(C=C4)O)NC(=O)C(CC5=CC6=CC=CC=C6C=C5)N)C(=O)NC(C(C)O)C(=O)N,2.5,406.0,2000,13,14,17,77,0,1095.46702979,1096.347,0.8216000000000119,355.0799999999999,13,14,17,6,5,1,1,0,1,0,0,0,1,1,0,1,0,1,0,0,0,0,1,1,1,0,1,0,0,0,1,1,1,0,1,1,0,1,1,0,1,1,1,1,1,0,0,0,0,1,1,0,1,1,1,0,1,0,0,1,0,0,1,1,0,1,1,0,1,1,1,1,0,0,1,1,1,1,1,1,1,0,1,1,1,1,1,0,0,0,1,1,1,1,0,1,0,1,1,1,0,1,0,1,1,1,0,0,0,0,1,1,1,1,1,1,0,0,0,1,1,1,1,0,1,0,1,0,1,0,1,0,0
iloperidone,C24H27FN2O4,426.5,CC(=O)C1=CC(=C(C=C1)OCCCN2CCC(CC2)C3=NOC4=C3C=CC(=C4)F)OC,4.1,64.8,586,0,7,8,31,0,426.19548551,426.4880000000001,4.826600000000004,64.8,0,6,8,4,3,1,0,1,0,0,0,1,0,1,1,1,0,0,1,0,0,1,0,0,0,0,0,0,0,0,0,0,1,1,0,1,0,0,1,1,0,0,0,0,1,0,0,0,0,1,1,0,0,1,0,1,1,0,0,0,1,1,0,0,1,0,0,0,1,0,0,0,0,0,1,0,0,1,1,1,0,0,1,0,1,1,1,0,0,0,0,1,0,0,0,0,1,0,1,1,0,0,0,0,0,1,0,0,0,0,1,0,1,0,1,1,0,1,0,0,0,0,0,1,1,1,1,1,1,0,1,0,1
Lutalyse,C24H45NO8,475.6,CCCCCC(C=CC1C(CC(C1CC=CCCCC(=O)O)O)O)O.C(C(CO)(CO)N)O,,185.0,486,8,9,15,33,0,475.31451739,475.6230000000002,0.7037000000000009,184.70000000000002,8,8,15,1,0,1,1,0,1,0,1,0,1,0,0,1,0,1,0,1,0,1,1,0,1,0,0,0,0,0,0,1,0,1,0,1,1,0,1,0,1,1,0,1,1,0,0,0,0,0,0,0,0,0,0,0,0,0,0,1,0,0,0,0,0,0,1,0,1,0,0,0,0,0,0,0,0,0,1,0,0,1,0,0,1,1,1,0,0,0,0,1,0,1,0,0,1,0,0,1,0,0,0,1,1,0,0,0,0,0,1,0,0,0,0,0,0,0,0,1,1,1,0,0,1,0,0,0,1,0,1,0,1
voriconazole,C16H14F3N5O,349.31,CC(C1=NC=NC=C1F)C(CN2C=NC=N2)(C3=C(C=C(C=C3)F)F)O,1.5,76.7,448,1,8,5,25,0,349.11504457,349.31600000000003,2.1769000000000003,76.72,1,5,5,3,3,1,1,1,0,0,0,1,0,1,1,1,1,0,0,0,0,0,0,0,1,0,0,0,0,0,0,1,1,0,0,0,0,0,1,0,1,1,1,0,1,1,0,0,1,1,0,1,0,1,0,0,1,0,0,0,0,1,0,0,1,0,0,0,0,0,1,0,1,0,0,0,0,0,0,0,0,0,0,0,1,1,1,0,0,0,0,1,0,0,0,0,0,0,0,0,0,0,0,0,0,1,0,0,0,0,1,0,1,0,1,0,1,0,0,1,0,1,0,0,0,0,1,1,0,1,0,0,1
perindoprilat,C17H28N2O5,340.4,CCCC(C(=O)O)NC(C)C(=O)N1C2CCCCC2CC1C(=O)O,0.2,107.0,495,3,6,7,24,0,340.199822,340.42,1.4621,106.94000000000001,3,4,7,2,0,1,1,0,0,1,1,0,0,0,0,1,1,1,0,0,0,0,1,0,1,1,0,0,1,0,1,1,1,0,0,1,0,1,1,0,0,0,0,1,1,1,0,0,0,1,1,0,1,0,0,0,1,1,0,0,0,0,0,0,0,0,0,0,0,0,0,0,0,0,0,0,0,0,1,0,0,0,0,0,0,1,0,0,1,0,0,0,0,1,0,0,0,1,1,0,0,1,0,0,1,1,1,0,0,0,0,0,0,1,0,0,0,0,0,1,0,0,0,0,0,0,0,1,1,0,1,0,1
darifenacin,C28H30N2O2,426.5,C1CN(CC1C(C2=CC=CC=C2)(C3=CC=CC=C3)C(=O)N)CCC4=CC5=C(C=C4)OCC5,4.6,55.6,607,1,3,7,32,0,426.230728204,426.56000000000034,3.9575000000000022,55.56,1,3,7,5,3,0,0,0,0,0,1,1,0,0,1,1,1,1,0,0,0,1,0,0,1,0,0,0,0,0,0,0,0,0,0,1,0,0,0,0,0,0,0,0,1,1,0,0,0,1,1,0,1,0,0,0,0,0,0,1,0,0,1,0,0,0,1,0,0,1,0,0,0,0,0,0,0,1,0,1,0,0,0,1,0,1,1,0,0,1,0,1,0,0,0,1,1,0,0,0,0,0,1,0,1,1,1,0,1,1,0,0,1,0,1,0,0,0,1,1,0,0,0,1,0,0,1,0,1,0,1,0,1
Terlipressin,C52H74N16O15S2,1227.4,C1CC(N(C1)C(=O)C2CSSCC(C(=O)NC(C(=O)NC(C(=O)NC(C(=O)NC(C(=O)N2)CC(=O)N)CCC(=O)N)CC3=CC=CC=C3)CC4=CC=C(C=C4)O)NC(=O)CNC(=O)CNC(=O)CN)C(=O)NC(CCCCN)C(=O)NCC(=O)N,-5.8,563.0,2380,16,19,25,85,0,1226.49609806,1227.395,-6.980500000000015,512.8499999999998,16,19,25,4,2,1,1,1,1,1,1,0,0,1,0,1,0,1,0,1,1,0,0,1,1,0,0,0,0,0,1,1,1,1,0,1,0,1,1,0,1,1,0,0,1,0,1,1,0,0,1,0,1,1,1,0,1,0,0,1,0,0,0,1,0,1,1,1,0,1,1,1,0,0,1,0,0,1,0,1,0,0,0,1,0,1,1,1,1,0,1,1,0,0,0,1,0,1,0,1,0,1,0,1,1,1,0,1,0,1,1,1,0,1,1,0,0,1,1,1,1,1,1,0,1,0,0,0,1,0,1,0,1
rifaximin,C43H51N3O11,785.9,CC1C=CC=C(C(=O)NC2=C(C3=C(C4=C(C(=C3O)C)OC(C4=O)(OC=CC(C(C(C(C(C(C1O)C)O)C)OC(=O)C)C)OC)C)C5=C2N6C=CC(=CC6=N5)C)O)C,6.9,198.0,1590,5,12,3,57,0,785.35235945,785.8909999999998,6.157840000000006,198.37999999999997,5,12,2,6,4,0,1,1,0,1,0,0,0,1,1,1,1,1,1,1,1,1,1,1,0,1,0,0,0,0,0,1,0,1,1,1,1,1,1,0,0,1,1,0,1,0,1,0,0,0,0,0,0,1,1,0,1,1,0,1,1,0,0,1,1,1,0,1,1,1,0,1,0,0,0,1,0,0,1,1,0,0,1,1,1,0,1,1,1,0,0,1,1,0,1,1,0,0,1,1,0,1,1,1,1,1,0,1,0,1,1,0,1,0,0,0,1,0,0,0,0,1,1,1,0,0,1,1,1,1,1,0,0
bleomycin,C55H84N17O21S3+,1415.6,CC1=C(N=C(N=C1N)C(CC(=O)N)NCC(C(=O)N)N)C(=O)NC(C(C2=CN=CN2)OC3C(C(C(C(O3)CO)O)O)OC4C(C(C(C(O4)CO)O)OC(=O)N)O)C(=O)NC(C)C(C(C)C(=O)NC(C(C)O)C(=O)NCCC5=NC(=CS5)C6=NC(=CS6)C(=O)NCCC[S+](C)C)O,-7.5,685.0,2580,20,31,36,96,1,1414.51898128,1415.5760000000005,-7.703580000000028,627.07,20,31,35,6,4,1,1,0,0,0,0,1,0,1,0,1,1,1,1,1,1,1,1,1,1,0,1,1,1,1,1,0,1,0,1,1,1,1,1,1,1,0,0,1,1,1,0,1,1,0,1,0,0,0,1,0,1,1,1,0,1,0,1,1,1,1,1,0,1,1,1,1,1,0,1,1,1,0,1,0,0,0,1,0,1,1,1,1,0,1,0,0,1,0,1,1,1,1,1,1,0,0,1,1,1,1,1,1,1,0,1,1,0,1,0,0,0,1,1,1,1,1,1,1,1,1,0,1,1,1,1,1,1
gemifloxacin,C18H20FN5O4,389.4,CON=C1CN(CC1CN)C2=C(C=C3C(=O)C(=CN(C3=N2)C4CC4)C(=O)O)F,-0.7,121.0,725,2,10,5,28,0,389.1499323,389.3870000000001,0.9659999999999995,123.04,2,7,5,4,2,0,0,1,0,0,1,0,0,1,0,1,0,0,1,1,0,0,1,0,1,0,0,0,1,0,0,1,0,0,0,1,0,1,1,1,0,0,0,1,1,0,0,1,0,0,1,0,0,1,1,0,0,1,0,0,1,0,0,1,1,1,1,0,1,0,1,1,0,0,1,1,1,1,1,0,1,0,1,0,0,1,1,1,0,0,1,0,0,0,0,0,0,0,0,0,0,0,0,0,1,1,0,0,1,0,0,0,1,0,0,0,0,1,0,1,0,0,0,1,0,0,0,1,1,0,1,0,1
doripenem,C15H24N4O6S2,420.5,CC1C2C(C(=O)N2C(=C1SC3CC(NC3)CNS(=O)(=O)N)C(=O)O)C(C)O,-3.4,196.0,780,5,10,7,27,0,420.11372685,420.51300000000015,-1.6030999999999955,162.05999999999997,5,7,7,3,0,1,1,1,0,0,1,0,1,0,0,1,0,1,0,0,0,0,1,0,1,0,0,0,0,0,0,0,1,0,1,1,0,0,1,0,0,0,0,1,1,1,1,0,0,0,0,1,1,0,0,0,0,0,0,1,0,1,0,1,0,0,0,0,1,1,1,0,0,1,1,1,1,1,0,0,0,0,0,0,0,1,0,0,0,0,0,1,0,0,0,1,0,0,1,1,0,0,0,1,1,1,0,1,1,0,0,0,0,0,0,0,0,1,0,0,0,1,0,0,0,0,0,0,1,0,1,1,0
telithromycin,C43H65N5O10,812.0,CCC1C2(C(C(C(=O)C(CC(C(C(C(=O)C(C(=O)O1)C)C)OC3C(C(CC(O3)C)N(C)C)O)(C)OC)C)C)N(C(=O)O2)CCCCN4C=C(N=C4)C5=CN=CC=C5)C,4.2,172.0,1440,1,13,11,58,0,811.47314329,812.0179999999997,4.929200000000005,171.84999999999997,1,13,11,5,2,0,1,1,0,1,1,0,0,1,0,1,1,1,0,0,0,1,0,0,1,0,1,1,0,1,0,0,0,0,1,1,0,0,1,0,0,1,0,1,1,0,0,1,1,1,1,1,1,1,0,1,0,0,1,1,1,1,0,1,0,0,1,0,1,1,1,0,1,0,0,0,1,0,1,1,0,0,0,1,1,1,1,1,1,1,1,1,0,0,0,1,1,0,1,0,0,1,0,0,1,1,1,0,0,0,1,0,1,0,0,1,1,0,1,1,0,0,0,1,1,0,1,1,1,1,1,0,1
atovaquone,C22H19ClO3,366.8,C1CC(CCC1C2=CC=C(C=C2)Cl)C3=C(C4=CC=CC=C4C(=O)C3=O)O,5.2,54.4,595,1,3,2,26,0,366.1022722,366.8440000000001,5.348500000000005,54.370000000000005,1,3,2,4,2,0,1,0,0,0,0,1,0,0,0,1,1,0,0,0,0,0,0,0,1,0,0,0,0,0,0,0,0,0,1,1,0,0,0,0,0,0,0,1,1,0,0,0,0,0,1,1,1,1,1,0,0,1,0,0,0,0,0,1,0,0,0,0,0,1,0,1,0,1,0,1,0,1,1,0,0,0,0,0,0,1,1,0,0,0,0,1,1,1,0,0,0,0,0,0,0,1,0,0,0,1,0,0,0,0,0,0,0,0,1,0,0,0,0,0,0,0,0,0,0,0,0,0,1,1,0,0,1
frovatriptan,C14H17N3O,243.3,CNC1CCC2=C(C1)C3=C(N2)C=CC(=C3)C(=O)N,1.2,70.9,333,3,2,2,18,0,243.137162174,243.31,1.3435,70.91,3,2,2,3,2,1,1,0,0,0,1,0,0,0,0,1,1,1,0,0,0,0,0,0,1,0,0,1,0,0,0,0,0,0,0,1,0,0,1,0,0,1,0,0,1,0,0,0,0,0,1,0,0,0,0,0,0,0,1,0,0,0,0,1,0,0,0,0,1,0,1,0,0,1,0,0,0,0,0,1,0,0,1,0,0,0,1,0,0,0,0,1,0,0,0,1,0,0,0,0,0,0,0,1,1,1,0,0,1,0,1,1,1,0,0,0,0,0,0,0,0,0,0,0,1,0,0,1,1,0,1,0,0
eletriptan,C22H26N2O2S,382.5,CN1CCCC1CC2=CNC3=C2C=C(C=C3)CCS(=O)(=O)C4=CC=CC=C4,4.1,61.6,582,1,3,6,27,0,382.17149925,382.52900000000005,3.8210000000000024,53.17,1,3,6,4,3,0,0,0,1,1,1,0,0,0,0,1,0,0,0,0,0,1,1,0,1,0,0,1,0,0,0,0,0,0,0,1,0,1,1,0,1,0,0,1,1,0,0,0,0,0,1,0,1,0,0,1,0,1,0,1,0,0,0,0,0,0,0,1,1,1,0,0,0,1,1,0,0,1,1,1,0,0,1,0,0,1,1,1,0,0,0,1,1,1,0,1,1,0,0,1,0,0,1,0,0,1,0,1,0,1,0,0,1,1,0,0,0,0,0,0,0,1,1,0,1,1,1,0,1,0,0,0,0
paricalcitol,C27H44O3,416.6,CC(C=CC(C)C(C)(C)O)C1CCC2C1(CCCC2=CC=C3CC(CC(C3)O)O)C,5.0,60.7,676,3,3,5,30,0,416.32904526,416.6460000000002,5.560600000000008,60.69,3,3,5,3,0,0,1,0,0,1,1,0,0,1,1,1,1,1,0,0,0,0,1,0,0,1,0,0,0,0,1,0,1,0,0,1,0,0,1,0,0,1,0,1,1,0,0,1,0,0,1,0,1,0,0,0,0,0,0,1,0,0,0,0,0,1,1,0,0,0,0,0,0,0,1,0,0,0,0,1,0,0,0,1,0,1,0,1,0,0,0,1,0,1,0,0,0,0,0,1,0,0,0,1,0,1,0,0,1,0,1,0,0,0,0,1,0,0,0,1,1,1,0,0,0,1,0,1,1,0,0,0,0
MK-462,C15H19N5,269.34,CN(C)CCC1=CNC2=C1C=C(C=C2)CN3C=NC=N3,1.7,49.7,309,1,3,5,20,0,269.16404563,269.352,1.9118,49.74,1,3,5,3,3,1,0,0,1,0,0,0,0,0,1,0,1,1,0,0,0,0,1,0,1,0,0,0,0,0,0,0,0,0,0,0,1,0,1,0,0,1,1,1,1,0,0,0,1,0,0,0,0,0,0,0,0,0,1,1,0,0,0,0,0,0,0,0,0,0,0,0,1,0,1,0,0,1,0,0,0,0,1,0,0,1,1,0,0,0,0,1,1,1,0,1,1,1,0,0,0,0,0,0,0,1,1,0,0,1,1,0,1,1,0,0,0,0,1,1,0,0,0,0,1,0,0,1,0,0,0,0,0
rosiglitazone,C18H19N3O3S,357.4,CN(CCOC1=CC=C(C=C1)CC2C(=O)NC(=O)S2)C3=CC=CC=N3,3.1,96.8,468,1,6,7,25,0,357.11471265,357.435,2.490900000000001,71.53,1,6,7,3,2,1,0,0,1,0,0,0,0,1,0,1,1,0,1,0,0,0,0,0,0,0,0,0,0,0,0,0,0,0,0,0,1,0,1,1,1,1,0,0,1,1,0,0,0,1,0,0,1,1,0,0,0,0,0,1,1,0,0,1,0,0,0,0,0,1,0,1,0,0,0,0,0,0,0,1,0,0,1,1,0,1,1,0,0,0,0,1,0,0,0,1,1,0,0,0,0,0,0,0,0,1,0,1,0,1,0,0,0,1,0,0,1,0,1,0,0,0,0,0,0,0,0,1,1,1,0,1,0
Vallergan,C40H50N4O6S2,747.0,CC(CN1C2=CC=CC=C2SC3=CC=CC=C31)CN(C)C.CC(CN1C2=CC=CC=C2SC3=CC=CC=C31)CN(C)C.C(C(C(=O)O)O)(C(=O)O)O,,179.0,445,4,12,11,52,0,746.31717767,746.9960000000002,6.85140000000001,128.02,4,10,11,6,4,0,1,1,1,0,1,0,0,0,0,1,1,1,1,0,1,0,0,0,0,0,1,0,0,0,0,0,1,0,0,0,0,0,1,0,1,0,0,0,1,0,0,0,1,0,0,0,1,0,1,0,0,1,1,0,0,0,0,0,0,0,0,0,0,1,0,0,0,1,0,0,0,0,0,0,1,1,0,0,0,1,1,0,0,0,0,1,1,1,0,0,0,0,1,0,0,0,1,1,1,1,0,0,0,0,0,0,0,0,0,1,1,0,1,0,0,0,0,0,0,0,0,0,0,1,1,0,0
bexarotene,C24H28O2,348.5,CC1=CC2=C(C=C1C(=C)C3=CC=C(C=C3)C(=O)O)C(CCC2(C)C)(C)C,7.6,37.3,551,1,2,3,26,0,348.208930132,348.4860000000002,6.103720000000006,37.3,1,1,3,3,2,0,0,0,0,0,1,0,0,0,0,1,0,0,0,0,0,0,1,0,0,0,0,1,0,0,0,0,0,0,0,1,0,0,1,0,0,1,0,0,1,0,0,1,0,0,0,0,0,0,0,0,0,0,0,0,0,0,1,1,0,1,0,0,0,0,0,0,0,0,0,0,1,1,0,0,0,0,0,1,0,0,1,0,0,0,1,1,0,0,0,0,0,0,0,0,0,1,1,0,0,1,0,0,0,0,1,1,1,0,0,0,1,0,0,1,0,0,0,0,0,0,0,1,0,0,1,1,0
agomelatine,C15H17NO2,243.3,CC(=O)NCCC1=CC=CC2=C1C=C(C=C2)OC,2.7,38.3,280,1,2,4,18,0,243.125928785,243.30599999999998,2.527000000000001,38.33,1,2,4,2,2,1,0,0,0,0,0,0,0,0,0,1,0,0,1,0,1,0,0,0,0,0,0,0,0,0,0,0,1,0,0,0,0,0,1,0,0,0,0,0,1,0,0,0,0,0,0,0,0,0,0,0,0,1,0,0,1,0,0,0,0,1,1,0,1,1,0,1,0,0,1,0,0,0,1,0,1,0,1,1,0,1,1,0,0,0,0,1,0,1,0,0,1,1,0,1,0,0,0,0,0,1,0,0,0,0,0,0,1,0,0,0,0,0,0,0,0,0,1,0,0,0,1,0,0,0,1,0,0
strontium,Sr,87.62,[Sr],,0.0,0,0,0,0,1,0,87.90561225,87.62,-0.3808,0.0,0,0,0,0,0,0,0,0,0,0,0,0,0,0,0,0,0,0,0,0,0,0,0,0,0,0,0,0,0,0,0,0,1,0,0,0,0,0,0,0,0,0,0,0,0,0,0,0,0,0,0,0,0,0,0,0,0,0,0,0,0,0,0,0,0,0,0,0,0,0,0,0,0,0,0,0,0,0,0,0,0,0,0,0,0,0,0,0,0,0,0,0,0,0,0,0,0,0,0,0,0,0,0,0,0,0,0,0,0,0,0,0,0,0,0,0,0,0,0,0,0,0,0,0,0,0,0,0,0,0,0,0,0
bortezomib,C19H25BN4O4,384.2,B(C(CC(C)C)NC(=O)C(CC1=CC=CC=C1)NC(=O)C2=NC=CN=C2)(O)O,,124.0,500,4,6,9,28,0,384.1968855,384.2450000000001,0.36059999999999875,124.44000000000001,4,6,9,2,2,1,1,1,0,0,1,0,0,0,0,1,0,0,0,0,1,0,0,0,0,0,0,0,0,0,0,0,1,0,1,0,0,0,1,0,0,0,0,0,1,1,0,1,0,1,0,0,1,0,0,1,0,1,0,0,1,0,0,0,0,0,1,1,0,1,0,0,1,0,0,0,0,0,0,1,0,0,0,0,1,1,1,0,0,0,0,1,1,0,1,1,0,0,0,0,0,1,0,0,1,1,1,1,0,0,0,0,0,0,0,0,0,0,0,0,0,0,1,0,1,0,0,1,0,0,1,0,1
nelarabine,C11H15N5O5,297.27,COC1=NC(=NC2=C1N=CN2C3C(C(C(O3)CO)O)O)N,-0.7,149.0,377,4,9,3,21,0,297.1073186,297.2710000000001,-1.9713999999999987,148.77,4,9,3,3,2,1,1,0,0,0,0,0,1,0,0,0,0,0,0,0,0,1,1,0,1,0,0,0,0,1,1,0,0,0,0,0,0,1,1,0,0,1,0,0,1,0,0,0,0,1,0,0,0,1,1,1,0,1,0,0,1,0,0,0,0,1,0,0,1,0,1,1,0,0,0,1,1,0,1,0,1,0,0,0,1,1,1,1,0,0,0,0,0,1,0,0,0,0,0,1,0,0,0,1,0,1,0,0,1,0,1,0,0,1,0,0,0,0,0,0,0,0,0,0,0,0,0,1,1,0,0,0,0
raltitrexed,C21H22N4O6S,458.5,CC1=NC2=C(C=C(C=C2)CN(C)C3=CC=C(S3)C(=O)NC(CCC(=O)O)C(=O)O)C(=O)N1,1.4,177.0,790,4,9,9,32,0,458.12600561,458.4960000000002,1.9772199999999995,152.69,4,7,9,3,3,1,1,1,1,0,1,0,1,0,0,1,1,0,1,1,0,0,0,0,1,0,1,1,0,0,0,0,1,1,0,0,0,0,1,1,1,0,0,0,1,0,0,0,0,0,0,0,0,0,0,0,0,1,0,1,1,0,0,1,1,1,0,0,1,0,1,0,0,0,0,1,0,0,1,0,0,0,1,0,0,1,1,0,0,0,0,1,1,1,0,1,0,0,0,0,0,1,0,1,1,1,0,1,0,0,0,1,1,0,0,1,1,0,1,0,0,0,1,0,0,0,0,1,1,0,1,1,0
fotemustine,C9H19ClN3O5P,315.69,CCOP(=O)(C(C)NC(=O)N(CCCl)N=O)OCC,0.9,97.3,334,1,6,8,19,0,315.0750854,315.6940000000001,2.5303000000000004,97.3,1,6,9,0,0,1,1,0,1,1,0,0,0,0,0,1,0,0,1,0,0,0,1,0,1,0,0,0,0,0,0,0,1,0,1,0,1,0,1,0,0,0,1,1,1,0,0,0,0,0,0,0,1,1,0,0,1,1,0,0,1,0,0,0,1,0,0,0,0,1,1,0,0,0,0,0,0,0,0,0,0,0,0,0,0,1,0,0,1,0,1,1,0,0,1,0,0,0,0,1,0,0,0,0,0,0,0,1,0,0,0,0,0,0,0,0,0,0,1,0,0,0,1,0,1,0,0,0,0,0,1,0,0
rimonabant,C22H21Cl3N4O,463.8,CC1=C(N(N=C1C(=O)NN2CCCCC2)C3=C(C=C(C=C3)Cl)Cl)C4=CC=C(C=C4)Cl,6.5,50.2,583,1,3,4,30,0,462.078094,463.79599999999994,5.938620000000005,50.160000000000004,1,3,4,4,3,1,0,1,0,1,0,0,0,1,0,1,0,0,0,0,1,0,0,0,1,0,0,0,0,0,0,0,1,0,0,1,0,0,1,0,0,1,1,0,1,0,0,0,0,0,0,1,0,1,1,0,1,1,0,0,0,0,1,1,0,1,0,0,1,0,0,0,0,0,0,0,0,1,0,1,0,0,0,1,0,0,1,1,0,0,0,1,0,1,0,0,0,0,0,0,1,0,0,0,0,1,0,1,1,0,0,1,1,0,0,1,0,0,0,0,0,0,0,0,0,0,0,1,1,1,1,0,0
bosentan,C27H29N5O6S,551.6,CC(C)(C)C1=CC=C(C=C1)S(=O)(=O)NC2=C(C(=NC(=N2)C3=NC=CC=N3)OCCO)OC4=CC=CC=C4OC,3.8,154.0,839,2,11,11,39,0,551.18385484,551.6250000000002,4.203900000000003,145.65,2,10,10,4,4,1,1,1,0,1,0,0,0,1,1,1,0,1,1,0,0,0,1,0,0,1,0,0,0,0,0,0,0,0,0,0,0,0,1,0,0,0,0,0,1,0,0,0,0,1,0,1,1,0,0,1,0,0,0,0,1,0,0,0,1,0,0,0,1,1,0,1,0,1,0,0,0,0,1,1,1,0,1,0,0,1,1,0,0,0,0,1,1,0,1,1,0,0,0,1,0,0,0,0,0,1,0,0,0,0,1,0,0,0,0,0,0,0,0,1,1,0,1,1,1,0,1,1,0,1,0,0,0
68Ga,Ga,67.92798,[Ga],,0.0,0,0,0,0,1,0,67.92798,69.723,-0.3808,0.0,0,0,0,0,0,0,0,0,0,0,0,0,0,0,0,0,0,0,0,0,0,0,0,0,0,0,0,0,0,0,0,0,0,0,0,0,0,0,0,0,0,0,0,0,1,0,0,0,0,0,0,0,0,0,0,0,0,0,0,0,0,0,0,0,0,0,0,0,0,0,0,0,0,0,0,0,0,0,0,0,0,0,0,0,0,0,0,0,0,0,0,0,0,0,0,0,0,0,0,0,0,0,0,0,0,0,0,0,0,0,0,0,0,0,0,0,0,0,0,0,0,0,0,0,0,0,0,0,0,0,0,0,0
Diane-35,C44H53ClO6,713.3,CC(=O)C1(CCC2C1(CCC3C2C=C(C4=CC(=O)C5CC5C34C)Cl)C)OC(=O)C.CC12CCC3C(C1CCC2(C#C)O)CCC4=C3C=CC(=C4)O,,101.0,1410,2,6,4,51,0,712.3530671,713.3550000000001,8.220200000000007,100.9,2,6,2,9,1,0,1,1,1,1,0,0,1,0,1,1,1,1,1,0,1,0,1,0,1,0,0,1,0,1,0,1,1,1,0,1,0,1,1,1,0,1,1,0,1,1,0,0,1,0,1,0,0,1,1,0,1,0,1,0,1,0,1,1,0,0,0,0,0,0,0,1,1,0,0,0,1,0,1,1,1,1,0,1,0,0,1,0,0,1,0,1,0,0,1,0,1,0,0,0,1,0,0,0,1,1,0,0,1,0,1,0,1,1,0,1,0,0,0,0,0,0,0,1,0,0,1,1,1,1,1,0,1
FTY720,C19H34ClNO2,343.9,CCCCCCCCC1=CC=C(C=C1)CCC(CO)(CO)N.Cl,,66.5,258,4,3,12,23,0,343.227807,343.939,3.626100000000002,66.48,3,3,12,1,1,0,0,1,0,0,0,0,0,0,0,0,0,0,0,0,0,0,0,0,1,0,1,0,0,0,0,1,0,1,0,0,0,1,1,0,1,1,0,1,1,0,0,0,0,0,0,0,0,0,0,0,0,0,0,1,0,0,0,0,0,0,0,0,0,0,0,0,0,0,0,0,0,0,0,0,0,0,0,0,1,1,1,1,0,0,0,1,0,0,0,1,1,0,0,1,0,0,0,0,0,1,0,0,0,0,0,0,0,0,0,0,0,0,0,1,1,0,0,0,1,0,1,0,1,0,0,0,0
quinaprilat,C23H26N2O5,410.5,CC(C(=O)N1CC2=CC=CC=C2CC1C(=O)O)NC(CCC3=CC=CC=C3)C(=O)O,0.5,107.0,619,3,6,8,30,0,410.18417193,410.4700000000002,2.0885999999999996,106.94000000000001,3,4,8,3,2,1,1,0,0,0,1,0,0,0,0,1,0,0,0,0,0,0,0,0,1,0,1,0,1,1,1,1,1,1,0,1,0,0,1,0,0,0,0,0,1,1,0,1,0,1,0,0,1,0,0,1,0,1,0,0,0,0,0,0,0,0,1,0,0,1,0,0,0,0,0,0,0,0,1,0,0,0,0,1,0,1,1,0,1,1,0,1,0,1,0,1,1,0,1,0,0,1,0,0,1,1,0,0,1,0,0,0,0,1,0,0,0,0,0,1,0,1,0,0,1,0,0,0,1,0,1,0,0
vardenafil,C23H32N6O4S,488.6,CCCC1=NC(=C2N1N=C(NC2=O)C3=C(C=CC(=C3)S(=O)(=O)N4CCN(CC4)CC)OCC)C,2.5,118.0,854,1,8,8,34,0,488.2205747,488.61400000000043,2.0704199999999995,112.89999999999999,1,7,8,4,3,0,0,0,0,0,0,0,0,0,0,1,0,1,1,0,0,0,0,1,0,0,0,0,0,0,0,1,0,1,0,1,0,1,1,1,0,1,0,1,1,0,1,0,0,1,0,0,0,0,0,1,0,1,0,0,1,1,0,1,0,0,0,1,1,0,1,0,0,1,0,0,0,1,1,1,1,0,0,0,0,1,1,0,0,0,1,1,0,0,0,1,1,1,0,1,0,1,1,0,0,1,1,0,0,0,0,0,1,0,1,1,0,0,0,0,0,1,1,0,0,0,0,1,1,0,0,0,1
tadalafil,C22H19N3O4,389.4,CN1CC(=O)N2C(C1=O)CC3=C(C2C4=CC5=C(C=C4)OCO5)NC6=CC=CC=C36,2.3,74.9,702,1,4,1,29,0,389.1375561,389.4110000000001,2.2113000000000005,74.87,1,4,1,6,3,0,0,0,0,0,1,1,0,1,0,1,1,0,0,1,0,1,0,0,1,0,0,0,1,0,0,1,0,0,1,1,0,1,1,0,0,0,1,0,1,0,0,0,0,0,1,0,1,0,0,0,0,0,0,0,0,0,1,1,0,0,0,0,1,1,0,0,0,0,1,0,1,0,0,0,0,0,1,0,0,0,1,1,0,0,0,1,1,0,0,1,0,0,0,1,0,0,0,1,0,1,0,0,1,0,1,0,1,0,0,0,1,0,1,0,1,0,0,0,1,0,1,0,1,0,0,1,1
eslicarbazepine,C15H14N2O2,254.28,C1C(C2=CC=CC=C2N(C3=CC=CC=C31)C(=O)N)O,1.4,66.6,347,2,2,0,19,0,254.105527694,254.289,2.4929,66.56,2,2,0,3,2,1,0,0,1,0,0,0,0,0,0,1,0,1,0,0,1,0,0,0,1,0,1,0,0,0,0,0,0,0,0,1,0,0,0,0,0,0,0,1,1,0,0,0,0,1,0,0,1,0,0,0,1,0,0,0,1,1,0,0,0,0,0,0,0,1,0,0,0,0,0,0,0,1,0,0,1,0,1,0,0,0,1,0,0,1,0,1,0,0,0,0,0,0,0,0,0,0,0,0,0,1,0,0,1,0,1,0,0,0,0,0,1,0,0,0,1,1,0,0,0,0,0,0,1,0,1,0,0
paliperidone,C23H27FN4O3,426.5,CC1=C(C(=O)N2CCCC(C2=N1)O)CCN3CCC(CC3)C4=NOC5=C4C=CC(=C5)F,2.2,82.2,764,1,7,4,31,0,426.2067189,426.4920000000002,3.0813200000000016,84.39,1,6,4,5,3,0,0,1,0,1,0,1,0,1,1,1,0,0,0,0,0,1,0,0,0,0,0,0,0,0,0,0,0,0,0,1,0,0,1,1,0,0,0,0,1,0,1,1,0,0,1,0,0,0,0,0,1,0,0,0,1,1,0,1,1,0,0,1,1,0,0,0,0,0,1,0,0,1,0,1,0,0,1,0,1,1,1,1,0,0,0,1,0,1,0,1,1,1,0,0,0,0,1,0,0,1,0,0,0,0,1,0,1,0,1,0,0,1,0,1,0,0,1,1,0,1,1,1,1,0,0,0,1
NTBC,C14H10F3NO5,329.23,C1CC(=O)C(C(=O)C1)C(=O)C2=C(C=C(C=C2)C(F)(F)F)[N+](=O)[O-],2.3,97.0,524,0,8,2,23,0,329.05110691,329.23,2.7346000000000013,94.35,0,5,3,2,1,0,1,0,0,1,0,0,0,1,1,1,0,0,0,0,1,0,0,0,0,0,0,0,1,0,0,0,1,0,0,1,0,0,0,0,0,0,0,0,1,0,1,0,1,0,1,0,0,0,0,0,1,0,0,0,0,0,0,1,0,0,0,0,0,0,0,0,1,0,0,1,1,0,0,1,1,1,0,0,0,0,1,0,0,0,0,1,0,0,0,0,0,0,0,0,0,0,0,1,0,1,0,0,0,0,0,0,1,1,0,0,0,0,1,1,0,0,0,1,0,0,0,0,1,1,1,0,0
clofarabine,C10H11ClFN5O3,303.68,C1=NC2=C(N=C(N=C2N1C3C(C(C(O3)CO)O)F)Cl)N,0.9,119.0,370,3,8,2,20,0,303.0534451,303.68100000000004,-0.3494000000000003,119.31,3,7,2,3,2,1,1,0,0,0,0,0,1,1,1,0,0,0,0,0,0,1,0,0,1,0,0,0,0,1,0,0,0,0,0,0,0,1,0,1,0,1,1,0,1,1,0,0,0,1,0,0,0,0,1,0,1,0,0,0,0,0,1,0,0,1,0,1,1,0,1,1,0,0,0,0,1,0,0,0,1,1,0,0,1,1,1,1,0,0,0,0,0,0,0,0,0,0,0,1,0,0,0,1,0,1,0,0,0,0,1,0,0,1,0,0,0,0,0,0,0,0,0,0,0,0,0,1,1,0,0,0,0
benzylpenicilloyl,C17H22N2O4S,350.4,CC(=O)C(C1NC(C(S1)(C)C)C(=O)O)NC(=O)CC2=CC=CC=C2,-1.0,121.0,503,3,6,6,24,0,350.13002836,350.4400000000001,1.1972000000000005,95.5,3,5,6,2,1,1,1,0,0,0,1,0,0,1,0,1,0,0,0,0,0,0,1,0,1,1,0,0,1,0,0,0,0,0,0,0,0,0,1,0,1,1,0,0,1,0,1,1,1,0,0,0,1,0,0,0,0,0,0,0,0,0,0,0,1,0,0,0,0,1,1,1,0,0,1,0,0,0,0,0,0,0,0,0,0,1,1,0,0,0,0,1,0,0,0,1,0,0,0,1,0,0,1,0,1,1,0,0,1,0,0,0,0,0,0,1,0,0,0,0,0,0,1,0,0,1,1,1,1,0,1,0,0
valdecoxib,C16H14N2O3S,314.4,CC1=C(C(=NO1)C2=CC=CC=C2)C3=CC=C(C=C3)S(=O)(=O)N,2.6,94.6,462,1,5,3,22,0,314.07251349,314.3660000000001,2.9644200000000005,86.19,1,4,3,3,3,1,0,0,0,0,1,1,0,1,0,1,0,0,0,0,0,1,0,0,1,0,0,0,0,0,0,0,0,0,0,0,0,0,1,0,0,0,0,0,0,0,0,0,0,0,1,0,1,0,0,0,1,0,0,0,0,0,0,1,0,0,0,0,1,1,1,0,1,1,0,0,1,0,0,0,1,0,1,0,0,0,1,0,1,0,0,1,1,0,0,0,0,1,0,1,0,1,0,0,0,1,0,0,0,0,1,0,0,0,0,0,0,1,0,0,0,0,0,0,0,1,0,1,0,0,0,0,0
parecoxib,C19H18N2O4S,370.4,CCC(=O)NS(=O)(=O)C1=CC=C(C=C1)C2=C(ON=C2C3=CC=CC=C3)C,3.3,97.7,575,1,5,5,26,0,370.09872823,370.43000000000006,3.531920000000002,89.27,1,5,5,3,3,1,0,1,0,0,1,1,0,1,0,1,0,0,0,0,0,1,0,0,0,0,1,0,0,0,0,0,0,0,0,0,0,0,1,0,0,0,0,1,1,0,1,0,0,0,0,0,1,0,0,0,1,0,0,0,0,0,0,1,0,0,0,0,1,1,0,0,1,1,0,0,0,0,0,0,1,0,1,0,0,1,1,1,1,0,0,1,1,0,0,0,0,1,0,1,0,1,0,0,0,1,0,0,0,0,1,0,0,0,0,0,0,1,0,0,1,0,1,1,0,1,0,1,0,0,1,0,0
N-carbamylglutamate,C6H10N2O5,190.15,C(CC(=O)O)C(C(=O)O)NC(=O)N,-2.4,130.0,227,4,5,5,13,0,190.05897142,190.155,-1.0272999999999997,129.72,4,3,5,0,0,1,1,0,0,0,1,0,1,0,0,1,0,1,0,0,0,0,0,0,1,0,0,0,0,0,0,0,0,1,0,0,1,0,0,0,0,0,0,0,1,0,0,0,0,0,0,0,0,0,0,0,0,1,0,0,0,0,0,0,1,0,0,0,0,0,0,0,0,0,0,0,0,0,1,0,0,0,0,0,0,1,0,0,0,0,0,0,1,1,0,0,0,0,0,0,0,1,0,0,1,0,0,0,0,0,0,0,0,0,1,0,0,0,0,0,0,0,1,1,0,0,0,0,0,0,1,0,0
retigabine,C16H18FN3O2,303.33,CCOC(=O)NC1=C(C=C(C=C1)NCC2=CC=C(C=C2)F)N,2.8,76.4,348,3,5,6,22,0,303.13830499,303.337,3.588400000000001,76.38,3,4,5,2,2,1,0,1,1,0,0,1,0,1,0,1,0,0,0,1,0,0,0,0,1,0,0,0,0,1,0,0,0,0,0,0,0,0,1,0,0,0,0,1,1,0,0,0,0,0,0,1,0,1,1,0,0,0,1,1,1,0,0,1,1,0,0,0,1,1,0,1,0,0,0,0,0,1,0,0,1,0,0,0,0,1,1,0,0,1,0,1,1,0,0,1,0,0,0,1,0,0,0,0,0,1,0,0,0,0,0,0,1,0,0,0,0,0,0,0,0,0,1,0,0,0,0,0,0,0,1,1,1
FP-CIT,C18H23FINO2,431.3,COC(=O)C1C2CCC(N2CCCF)CC1C3=CC=C(C=C3)I,4.0,29.5,414,0,4,6,23,0,431.07575,431.28899999999993,3.7603000000000026,29.54,0,3,5,3,1,1,0,0,0,0,0,0,0,1,0,1,1,1,0,0,1,1,0,0,0,0,1,1,0,0,1,0,0,0,0,1,0,0,1,0,0,0,1,0,1,0,0,1,0,0,1,0,0,0,0,0,1,0,0,0,1,0,1,1,0,0,0,0,0,0,0,0,1,0,0,1,1,1,1,0,0,0,0,0,1,1,1,1,0,0,1,1,1,0,0,0,0,0,0,0,0,0,0,0,1,1,1,0,0,0,0,0,0,0,0,0,0,0,0,0,0,0,0,1,1,1,1,0,1,0,1,0,1
rasagiline,C12H13N,171.24,C#CCNC1CCC2=CC=CC=C12,1.8,12.0,212,1,1,2,13,0,171.104799419,171.243,1.8967,12.03,1,1,2,2,1,1,0,0,1,0,0,0,0,0,0,0,0,0,0,0,0,0,0,0,1,0,0,0,0,0,0,0,0,0,0,1,0,0,1,1,0,0,1,1,0,0,0,1,0,1,1,0,1,0,0,0,0,0,0,0,0,0,0,0,0,0,0,0,0,1,0,1,0,0,0,0,0,0,1,1,0,0,0,1,0,1,1,0,0,1,0,1,0,0,0,0,0,0,0,0,0,1,0,0,0,1,0,0,0,0,0,1,0,0,0,0,0,0,0,0,1,0,0,0,0,0,0,0,1,0,0,0,0
SU5416,C15H14N2O,238.28,CC1=CC(=C(N1)C=C2C3=CC=CC=C3NC2=O)C,2.5,44.9,377,2,1,1,18,0,238.110613074,238.29000000000002,3.1242400000000004,44.89,2,1,1,3,2,0,0,0,0,1,0,0,0,0,0,1,0,0,0,1,1,0,0,0,0,0,0,0,0,0,1,0,0,0,1,0,0,0,1,0,0,1,0,0,0,0,0,0,0,1,0,0,1,0,0,0,0,0,0,1,0,0,0,1,1,0,0,1,0,1,0,0,0,0,0,0,0,0,1,0,0,0,0,0,0,0,1,0,0,0,0,1,0,1,0,1,0,0,0,0,0,1,0,0,0,1,0,0,0,0,0,0,1,0,0,0,1,1,0,0,0,0,0,0,0,0,1,0,0,1,0,0,1
travoprost,C26H35F3O6,500.5,CC(C)OC(=O)CCCC=CCC1C(CC(C1C=CC(COC2=CC=CC(=C2)C(F)(F)F)O)O)O,4.1,96.2,693,3,9,13,35,0,500.23857332,500.55400000000014,4.427400000000007,96.22000000000001,3,6,12,2,1,1,1,0,0,0,0,0,1,1,1,1,0,1,0,0,1,1,1,0,1,0,0,0,1,0,0,1,1,1,0,1,0,0,1,0,0,0,1,0,1,0,1,0,0,1,1,0,0,0,0,1,0,0,0,1,1,0,0,1,0,0,0,0,1,1,0,1,0,0,1,0,0,0,1,0,0,1,0,0,0,1,1,0,0,0,0,1,0,1,0,0,1,0,1,0,0,0,1,1,1,1,0,0,0,0,1,1,1,1,0,0,0,0,0,1,0,1,0,1,1,1,0,0,1,0,1,0,1
almotriptan,C17H25N3O2S,335.5,CN(C)CCC1=CNC2=C1C=C(C=C2)CS(=O)(=O)N3CCCC3,1.6,64.8,483,1,4,6,23,0,335.16674822,335.4730000000002,2.1976000000000004,56.410000000000004,1,3,6,3,2,0,0,0,1,1,1,0,0,0,0,1,1,1,0,0,0,1,1,0,1,0,0,0,0,0,0,1,1,0,0,1,1,0,1,0,0,0,0,1,1,0,0,0,0,0,0,0,0,0,0,0,1,0,1,1,0,0,0,0,0,0,0,0,0,0,0,0,0,1,1,0,0,1,1,1,0,0,1,1,0,1,1,0,0,0,0,1,1,1,0,1,1,1,0,1,0,0,0,0,0,1,0,0,0,0,0,0,1,1,0,0,0,0,1,0,0,0,0,0,1,1,0,0,0,0,0,0,0
Eptifibatide,C35H49N11O9S2,832.0,C1CC2C(=O)NC(CSSCCC(=O)NC(C(=O)NCC(=O)NC(C(=O)NC(C(=O)N2C1)CC3=CNC4=CC=CC=C43)CC(=O)O)CCCCN=C(N)N)C(=O)N,-2.4,377.0,1520,10,12,10,57,0,831.31561453,831.9789999999996,-2.0543999999999984,326.38999999999993,10,11,10,4,2,0,0,0,1,1,1,1,0,0,0,1,0,1,0,0,0,1,1,1,1,0,1,0,0,0,1,0,0,1,0,1,0,1,0,0,1,1,1,1,1,0,0,1,1,1,1,0,1,0,0,0,1,0,1,0,0,1,0,1,0,1,0,1,0,1,0,0,0,0,1,0,1,1,1,1,0,0,1,1,0,1,1,1,0,1,1,1,1,1,0,1,0,0,0,1,1,0,0,0,1,1,1,1,1,0,0,1,0,1,0,1,0,0,0,0,1,0,0,1,1,0,0,1,1,0,1,0,1
fondaparinux,C31H53N3O49S8,1508.3,COC1C(C(C(C(O1)COS(=O)(=O)O)OC2C(C(C(C(O2)C(=O)O)OC3C(C(C(C(O3)COS(=O)(=O)O)OC4C(C(C(C(O4)C(=O)O)OC5C(C(C(C(O5)COS(=O)(=O)O)O)O)NS(=O)(=O)O)O)O)OS(=O)(=O)O)NS(=O)(=O)O)O)OS(=O)(=O)O)O)NS(=O)(=O)O,-14.7,873.0,3450,19,52,30,91,0,1506.9513344,1508.2730000000017,-13.750099999999989,805.4800000000005,19,39,30,5,0,1,1,0,0,0,1,0,0,0,0,1,0,0,0,0,1,1,1,1,0,0,0,0,1,0,0,0,1,0,1,1,1,0,1,0,1,1,0,0,1,0,1,0,1,0,0,0,0,0,0,0,0,1,1,1,1,0,1,0,0,1,0,0,0,1,0,0,0,1,0,0,0,0,1,0,1,0,0,1,1,1,0,1,1,0,0,1,0,0,1,0,1,1,0,1,0,0,0,1,0,0,1,0,1,0,1,0,0,0,0,1,0,1,0,1,0,1,0,1,0,1,0,0,1,0,1,0,0
etoricoxib,C18H15ClN2O2S,358.8,CC1=NC=C(C=C1)C2=C(C=C(C=N2)Cl)C3=CC=C(C=C3)S(=O)(=O)C,3.3,68.3,514,0,4,3,24,0,358.0542766,358.8500000000001,4.175920000000003,59.92,0,4,3,3,3,1,0,0,1,0,0,0,0,1,0,1,0,0,1,0,0,0,0,0,1,0,0,0,0,0,0,0,0,0,0,0,0,0,1,0,0,1,0,0,0,0,0,0,0,1,0,0,0,0,1,0,0,1,0,0,0,0,0,1,0,1,0,0,1,0,0,0,1,1,0,0,0,0,0,0,1,0,0,0,1,0,1,0,0,0,0,1,0,1,0,0,0,0,0,1,0,1,0,0,0,1,0,0,0,0,0,0,1,0,0,0,0,0,0,0,0,0,0,0,1,0,0,1,0,1,0,1,1
Cancidas,C56H96N10O19,1213.4,CCC(C)CC(C)CCCCCCCCC(=O)NC1CC(C(NC(=O)C2C(CCN2C(=O)C(NC(=O)C(NC(=O)C3CC(CN3C(=O)C(NC1=O)C(C)O)O)C(C(C4=CC=C(C=C4)O)O)O)C(CCN)O)O)NCCN)O.CC(=O)O.CC(=O)O,,487.0,1930,18,22,23,85,0,1212.68532087,1213.4350000000004,-3.130100000000012,486.63,18,20,23,4,1,1,1,1,1,0,1,0,1,1,1,1,1,1,0,0,1,0,0,0,1,0,0,1,0,0,0,1,1,1,0,1,0,1,1,0,0,0,0,1,1,1,1,1,0,1,1,0,1,1,1,0,0,1,1,1,0,0,0,1,0,1,1,0,0,1,0,1,0,0,0,0,0,1,0,0,1,1,0,1,1,1,1,1,1,1,1,1,1,0,1,1,1,1,0,0,0,1,0,1,1,1,1,0,0,0,1,0,0,1,1,0,0,0,0,1,1,0,0,1,1,0,1,0,1,1,1,0,0
gefitinib,C22H24ClFN4O3,446.9,COC1=C(C=C2C(=C1)N=CN=C2NC3=CC(=C(C=C3)F)Cl)OCCCN4CCOCC4,4.1,68.7,545,1,8,8,31,0,446.1520965,446.91000000000037,4.2756000000000025,68.74000000000001,1,7,8,4,3,1,0,0,0,0,1,0,0,1,0,0,1,1,1,0,0,1,0,1,1,0,0,0,0,0,0,1,0,0,0,1,0,0,1,0,0,0,0,0,1,0,0,0,0,1,1,0,0,1,1,1,0,0,0,1,1,0,1,0,1,0,0,0,1,0,0,0,0,1,0,0,0,1,1,1,1,0,1,0,0,1,1,0,0,0,0,1,1,1,0,0,0,0,1,0,0,0,0,0,0,1,0,0,0,0,1,0,1,0,0,1,0,1,0,0,0,0,0,0,1,1,1,1,0,0,1,0,1
Trisequens,C58H76O8,901.2,CC(=O)OC1(CCC2C1(CCC3C2CCC4=CC(=O)CCC34)C)C#C.CC12CCC3C(C1CCC2O)CCC4=C3C=CC(=C4)O.CC12CCC3C(C1CC(C2O)O)CCC4=C3C=CC(=C4)O,,145.0,1490,5,8,3,66,0,900.55401938,901.238,10.25249999999999,144.52,5,8,1,12,2,0,1,0,1,0,0,0,1,0,0,1,1,1,1,0,1,0,1,1,1,0,1,0,0,1,0,0,1,1,0,1,1,0,1,1,0,1,0,0,1,0,0,0,1,0,1,0,1,0,1,1,1,1,0,1,1,1,1,1,0,0,0,1,0,0,0,1,0,0,1,0,1,0,1,1,0,0,1,1,0,0,1,0,0,1,0,1,0,1,1,0,0,0,1,0,0,0,0,0,0,1,0,0,1,0,1,0,1,0,0,1,0,0,0,1,0,0,1,1,1,1,1,1,1,1,1,0,1
desloratadine,C19H19ClN2,310.8,C1CC2=C(C=CC(=C2)Cl)C(=C3CCNCC3)C4=C1C=CC=N4,4.5,24.9,425,1,2,0,22,0,310.1236763,310.828,4.018900000000003,24.92,1,2,0,4,2,1,1,0,0,0,0,0,0,0,0,0,1,0,0,0,0,0,0,0,1,0,0,0,0,1,0,0,1,1,0,1,0,0,0,1,0,0,1,0,0,1,0,0,0,1,0,0,0,1,1,0,0,1,0,0,0,0,0,1,1,0,0,0,0,1,0,0,1,0,0,0,0,0,0,1,0,0,0,0,0,0,1,0,0,1,0,1,0,1,0,1,0,0,0,0,0,1,0,0,1,1,0,0,0,0,0,0,1,1,0,0,0,0,0,1,0,0,0,0,0,0,0,1,0,0,0,0,0
desvenlafaxine,C16H25NO2,263.37,CN(C)CC(C1=CC=C(C=C1)O)C2(CCCCC2)O,2.6,43.7,266,2,3,4,19,0,263.18852904,263.3809999999999,2.732600000000002,43.7,2,3,4,2,1,0,1,1,0,1,0,0,0,0,0,1,1,1,0,0,0,0,0,0,0,0,0,0,0,0,0,0,0,0,0,1,0,0,1,0,0,1,0,0,1,0,0,0,0,1,0,0,0,0,0,0,0,1,1,0,0,0,0,0,0,0,1,0,0,0,0,1,0,1,0,0,0,0,0,0,0,0,0,0,0,1,1,0,0,1,1,1,0,0,0,0,0,0,0,0,0,0,0,1,0,1,0,1,0,0,1,0,0,0,0,0,0,0,1,1,0,0,0,0,0,0,0,0,0,0,0,1,0
pregabalin,C8H17NO2,159.23,CC(C)CC(CC(=O)O)CN,-1.6,63.3,123,2,3,5,11,0,159.125928785,159.22899999999998,1.0821,63.31999999999999,2,2,5,0,0,0,1,0,0,0,1,0,0,0,0,1,0,1,0,0,0,0,0,0,1,0,0,0,0,0,0,0,1,0,0,1,0,0,1,0,1,0,0,0,1,1,0,0,0,0,0,0,0,0,0,0,0,0,0,0,1,0,0,0,1,0,0,0,0,0,0,0,0,0,0,0,0,0,1,1,0,0,0,0,0,1,0,0,0,0,1,0,0,0,0,0,0,0,0,0,0,0,0,0,0,0,0,0,0,0,0,0,0,0,0,0,0,0,0,0,0,0,1,0,1,0,0,0,0,0,1,0,0
bimatoprost,C25H37NO4,415.6,CCNC(=O)CCCC=CCC1C(CC(C1C=CC(CCC2=CC=CC=C2)O)O)O,2.8,89.8,541,4,4,12,30,0,415.27225866,415.5740000000001,3.1469000000000027,89.79,4,4,12,2,1,1,1,0,0,0,1,0,1,0,0,1,0,1,0,1,0,1,1,0,1,0,1,0,0,0,0,1,0,1,0,1,0,0,1,0,0,0,0,1,1,0,1,1,0,0,0,0,1,0,0,0,0,0,1,1,0,0,0,0,0,0,1,1,1,1,0,0,0,0,1,0,0,0,0,0,0,1,0,0,0,1,1,0,0,0,0,1,0,1,0,1,1,0,0,0,0,0,0,1,1,1,0,0,0,0,1,0,0,0,0,0,0,0,0,0,0,1,0,0,1,0,0,0,1,0,1,0,1
trandolaprilat,C22H30N2O5,402.5,CC(C(=O)N1C2CCCCC2CC1C(=O)O)NC(CCC3=CC=CC=C3)C(=O)O,1.2,107.0,604,3,6,8,29,0,402.21547206,402.49100000000016,2.2947999999999995,106.94000000000001,3,4,8,3,1,1,1,0,0,1,1,0,0,0,0,1,1,1,0,0,0,0,1,0,1,1,1,0,1,0,1,0,1,0,0,1,0,0,1,0,0,0,0,0,1,1,0,1,0,1,1,0,1,0,0,0,1,1,0,0,0,0,0,0,0,0,1,0,0,1,0,0,0,0,0,0,0,0,1,0,0,0,0,0,0,1,1,0,1,0,0,1,0,1,0,1,1,1,1,0,0,1,0,0,1,1,0,0,0,0,0,0,0,1,0,0,0,0,0,1,0,0,0,0,0,0,0,1,1,0,1,0,1
rufinamide,C10H8F2N4O,238.19,C1=CC(=C(C(=C1)F)CN2C=C(N=N2)C(=O)N)F,0.7,73.8,281,1,5,3,17,0,238.06661722,238.19699999999997,0.7035,73.8,1,3,3,2,2,0,0,0,0,0,0,0,0,1,0,1,0,1,1,0,1,0,0,0,1,0,0,0,0,0,0,0,0,0,0,0,0,0,0,0,0,0,0,0,1,0,0,0,0,0,0,0,0,1,0,0,0,0,1,0,0,0,0,0,1,0,0,0,0,1,0,0,0,0,1,1,0,0,0,1,0,0,0,0,0,1,1,0,0,0,0,1,1,0,0,1,0,0,1,0,0,0,1,1,0,1,1,0,0,0,0,0,1,0,0,0,0,0,0,1,0,0,0,0,1,0,0,1,0,0,1,0,0
rosuvastatin,C22H28FN3O6S,481.5,CC(C)C1=NC(=NC(=C1C=CC(CC(CC(=O)O)O)O)C2=CC=C(C=C2)F)N(C)S(=O)(=O)C,1.6,149.0,767,3,10,10,33,0,481.16828496,481.54600000000016,2.401700000000001,140.92,3,7,10,2,2,1,1,1,1,0,1,1,0,1,0,1,1,0,0,0,0,0,0,1,0,0,0,0,0,0,1,0,1,1,1,0,0,0,1,0,0,0,1,0,1,1,1,1,0,0,0,0,0,0,1,0,0,1,0,1,0,1,0,0,1,0,0,0,1,0,0,0,1,1,1,1,0,0,1,0,0,0,0,0,0,1,1,0,0,0,0,1,1,1,0,1,0,0,0,1,0,0,0,0,1,1,0,0,0,1,0,0,0,0,1,0,0,1,1,0,0,0,1,1,0,0,0,1,0,0,1,0,1
esomeprazole,C17H19N3O3S,345.4,CC1=CN=C(C(=C1OC)C)CS(=O)C2=NC3=C(N2)C=C(C=C3)OC,2.2,96.3,453,1,6,5,24,0,345.11471265,345.42400000000004,2.8997400000000013,77.10000000000001,1,5,5,3,3,1,0,0,0,0,0,0,0,0,0,1,0,0,1,0,0,0,0,0,0,0,0,0,0,0,0,0,0,0,0,0,0,0,1,0,0,0,0,0,0,0,0,0,1,1,0,0,0,1,0,0,0,1,1,0,1,0,0,1,0,0,0,0,1,0,1,1,0,0,0,0,0,0,1,1,1,0,1,1,0,1,1,1,0,0,0,1,1,0,0,1,0,0,1,0,0,0,0,0,0,1,0,0,0,1,1,0,1,0,1,1,1,1,1,1,0,0,1,0,1,0,0,1,0,1,0,0,1
olmesartan,C24H26N6O3,446.5,CCCC1=NC(=C(N1CC2=CC=C(C=C2)C3=CC=CC=C3C4=NNN=N4)C(=O)O)C(C)(C)O,3.2,130.0,656,3,7,8,33,0,446.20663871,446.5110000000002,3.6566000000000014,129.81,3,6,8,4,4,1,1,0,0,0,1,0,0,1,0,1,0,1,0,0,0,0,0,0,1,0,0,0,0,0,0,1,0,0,0,0,0,0,1,1,0,0,0,1,1,0,0,0,0,0,0,0,1,0,1,1,0,0,0,1,0,0,0,0,0,0,0,1,1,1,0,1,0,0,0,0,0,1,0,0,0,0,0,0,1,1,1,0,0,1,0,1,1,1,0,1,1,0,1,1,0,1,0,0,1,1,1,0,0,0,1,0,1,0,1,0,0,0,0,1,0,1,1,0,0,0,0,1,0,0,1,0,0
fosamprenavir,C25H36N3O9PS,585.6,CC(C)CN(CC(C(CC1=CC=CC=C1)NC(=O)OC2CCOC2)OP(=O)(O)O)S(=O)(=O)C3=CC=C(C=C3)N,1.8,186.0,912,4,11,14,39,0,585.19098791,585.6160000000002,2.5198,177.72000000000003,4,8,13,3,2,1,1,0,1,1,1,0,0,0,0,1,1,1,0,0,0,1,0,0,1,0,0,0,0,0,0,1,1,0,0,1,0,1,1,0,0,0,0,1,1,0,0,1,0,0,1,1,1,1,1,1,0,0,0,1,1,0,0,0,0,0,0,0,1,1,0,0,0,1,0,0,0,1,0,0,1,1,0,0,1,1,1,0,0,0,0,1,0,0,1,1,0,0,0,1,0,0,0,0,0,1,0,1,1,0,1,0,1,0,1,1,0,0,1,0,0,0,1,0,1,1,1,0,1,1,1,0,0
pitavastatin,C25H24FNO4,421.5,C1CC1C2=NC3=CC=CC=C3C(=C2C=CC(CC(CC(=O)O)O)O)C4=CC=C(C=C4)F,3.5,90.7,631,3,6,8,31,0,421.16893641,421.4680000000001,4.518100000000005,90.65,3,4,8,4,3,1,1,1,0,0,1,1,0,1,1,1,0,0,0,0,0,0,0,0,0,0,0,0,0,0,1,0,0,1,0,1,0,0,1,0,0,0,1,0,1,1,1,0,0,0,1,0,1,0,1,0,0,1,0,1,1,0,0,0,1,0,0,0,1,1,0,0,1,0,1,0,0,0,1,0,0,0,1,1,0,1,1,0,1,0,0,1,0,1,0,1,0,0,0,1,0,0,0,0,1,1,0,0,0,0,1,0,0,0,0,0,0,1,0,0,0,0,1,1,0,0,0,1,1,1,1,0,0
abiraterone,C24H31NO,349.5,CC12CCC(CC1=CCC3C2CCC4(C3CC=C4C5=CN=CC=C5)C)O,4.6,33.1,636,1,2,1,26,0,349.240564612,349.51800000000003,5.398600000000006,33.120000000000005,1,2,1,5,1,0,1,0,0,1,0,0,1,1,0,1,0,0,0,0,0,1,1,0,1,0,0,0,0,0,0,0,0,0,0,1,0,0,1,0,1,1,0,0,1,0,0,0,0,0,1,1,0,0,0,1,0,0,1,1,1,1,0,1,0,0,0,0,0,1,0,0,1,0,0,0,0,0,0,1,0,0,0,1,0,0,1,1,0,0,0,1,0,0,0,0,1,1,0,1,0,1,0,0,0,1,0,0,1,0,1,0,0,0,0,1,0,0,0,0,0,0,1,0,0,1,1,1,1,0,0,0,1
ivabradine,C27H36N2O5,468.6,CN(CCCN1CCC2=CC(=C(C=C2CC1=O)OC)OC)CC3CC4=CC(=C(C=C34)OC)OC,2.4,60.5,663,0,6,10,34,0,468.26242225,468.59400000000034,3.3100000000000014,60.47000000000001,0,6,10,4,2,1,0,0,1,0,0,0,0,0,1,1,1,0,0,0,0,0,0,0,0,0,0,0,0,1,0,0,1,1,0,1,1,0,1,0,0,0,0,0,1,0,0,0,0,0,0,0,1,0,1,1,0,0,0,0,1,0,1,1,1,0,0,0,0,0,1,1,0,0,0,0,0,1,1,1,1,1,0,0,0,1,1,0,0,1,0,0,0,1,1,0,0,0,1,0,0,1,0,0,0,1,0,0,1,0,0,0,1,0,0,0,0,0,1,0,0,0,0,0,1,0,1,1,1,0,0,0,0
febuxostat,C16H16N2O3S,316.4,CC1=C(SC(=N1)C2=CC(=C(C=C2)OCC(C)C)C#N)C(=O)O,3.9,111.0,448,1,6,5,22,0,316.08816355,316.38200000000006,3.723200000000003,83.21,1,5,5,2,2,1,1,1,0,0,1,0,0,1,0,1,0,0,1,1,0,1,0,0,0,0,0,1,0,0,0,0,1,0,1,0,0,0,1,1,1,0,0,0,1,0,0,0,0,1,0,0,0,0,0,1,0,0,0,0,1,0,0,1,0,0,0,0,1,0,0,1,0,0,1,1,0,1,1,0,0,0,0,0,0,1,1,0,0,0,0,1,0,0,0,0,0,1,0,1,0,0,0,0,0,1,0,0,0,1,1,0,1,0,0,0,1,1,0,0,0,0,0,1,1,0,0,1,0,0,1,1,0
pixantrone,C17H19N5O2,325.4,C1=CC(=C2C(=C1NCCN)C(=O)C3=C(C2=O)C=NC=C3)NCCN,1.0,123.0,472,4,7,6,24,0,325.15387487,325.37200000000007,0.5982000000000007,123.13,4,7,6,3,2,1,1,0,1,0,0,0,0,1,0,1,0,0,0,0,0,0,0,0,1,0,0,0,1,0,0,0,1,0,0,0,1,0,1,0,0,0,0,0,0,0,0,0,0,0,0,0,0,1,0,1,0,0,0,0,0,1,0,1,0,0,0,0,0,1,0,0,1,1,0,0,0,1,0,1,1,0,1,0,0,1,1,0,1,0,1,1,0,0,0,0,0,0,0,1,0,1,0,0,0,1,0,0,0,0,0,0,0,0,0,0,0,0,0,0,0,0,0,0,0,0,0,1,0,0,0,1,1
pomalidomide,C13H11N3O4,273.24,C1CC(=O)NC(=O)C1N2C(=O)C3=C(C2=O)C(=CC=C3)N,0.2,110.0,504,2,5,1,20,0,273.07495584,273.248,-0.33000000000000046,109.57000000000001,2,5,1,3,1,0,0,1,0,0,0,0,0,0,0,1,0,0,0,1,1,0,0,0,1,0,1,0,0,0,0,0,0,0,0,1,0,1,0,0,0,1,0,0,1,0,0,1,1,0,1,1,1,0,1,0,0,0,0,0,0,0,0,1,0,0,0,0,0,1,0,0,0,0,0,0,0,0,0,1,0,0,1,0,0,0,1,0,1,0,0,1,0,1,0,1,0,0,0,0,0,1,0,1,0,1,0,0,1,0,0,0,0,0,0,1,1,0,0,0,0,0,0,0,0,0,0,0,1,0,0,0,0
drospirenone,C24H30O3,366.5,CC12CCC(=O)C=C1C3CC3C4C2CCC5(C4C6CC6C57CCC(=O)O7)C,3.5,43.4,827,0,3,0,27,0,366.21949481,366.50100000000015,4.305900000000004,43.370000000000005,0,3,0,7,0,1,1,1,0,0,0,0,1,0,0,1,0,1,1,0,0,1,1,0,0,0,0,0,0,0,1,0,0,1,0,1,0,1,1,1,1,1,0,0,0,0,0,0,1,0,1,1,0,0,0,0,1,0,0,0,0,0,0,1,0,0,0,0,0,0,0,0,0,0,1,0,1,1,1,1,0,0,0,0,0,0,1,0,0,1,0,1,0,1,1,0,0,1,0,1,1,0,0,0,0,1,0,0,0,0,0,1,0,0,0,1,0,0,1,1,0,0,1,0,1,0,0,1,1,0,0,0,0
posaconazole,C37H42F2N8O4,700.8,CCC(C(C)O)N1C(=O)N(C=N1)C2=CC=C(C=C2)N3CCN(CC3)C4=CC=C(C=C4)OCC5CC(OC5)(CN6C=NC=N6)C7=C(C=C(C=C7)F)F,4.6,112.0,1170,1,11,12,51,0,700.32970817,700.7910000000003,4.5732000000000035,115.70000000000002,1,9,12,7,5,1,1,1,1,0,0,1,1,1,1,1,1,0,0,0,1,1,0,0,0,0,0,0,1,0,0,0,1,0,1,1,0,0,1,0,1,1,1,1,1,0,1,0,1,1,1,0,1,1,0,0,0,1,0,0,1,0,0,1,1,1,0,0,0,0,0,1,1,0,0,1,1,1,0,0,0,0,0,1,1,1,1,0,0,1,0,1,1,0,0,0,0,0,1,0,0,0,0,0,1,1,0,1,1,0,1,0,1,1,1,0,0,1,0,1,0,0,1,0,0,0,1,1,1,0,1,0,0
pralatrexate,C23H23N7O5,477.5,C#CCC(CC1=CN=C2C(=N1)C(=NC(=N2)N)N)C3=CC=C(C=C3)C(=O)NC(CCC(=O)O)C(=O)O,-0.9,207.0,809,5,11,10,35,0,477.17606686,477.4810000000003,0.9815999999999996,207.29999999999995,5,9,10,3,3,1,1,0,0,0,1,0,1,0,1,1,0,1,0,0,0,0,0,0,1,0,0,0,0,0,1,0,1,1,0,0,0,0,1,1,0,0,1,1,1,0,0,1,0,1,0,0,0,0,1,0,1,1,0,0,0,0,0,0,1,1,1,0,1,0,1,0,0,0,0,0,0,0,1,0,0,0,0,1,1,1,1,0,0,1,1,1,1,1,0,0,0,0,0,0,0,1,1,0,1,1,1,1,0,1,1,1,0,1,0,0,0,0,0,0,1,0,1,0,0,0,1,1,0,0,1,0,1
ospemifene,C24H23ClO2,378.9,C1=CC=C(C=C1)C(=C(C2=CC=CC=C2)C3=CC=C(C=C3)OCCO)CCCl,6.5,29.5,441,1,2,8,27,0,378.1386577,378.8990000000002,5.645700000000006,29.46,1,2,8,3,3,0,0,1,1,0,1,0,0,1,0,1,0,0,1,0,0,0,0,0,1,0,0,0,0,0,0,0,0,1,0,0,0,0,1,0,0,1,0,1,1,0,0,0,0,1,0,0,1,1,0,1,0,0,0,0,1,0,0,0,1,1,0,0,0,1,1,1,0,0,0,0,0,0,0,0,0,0,0,1,0,1,1,0,0,0,1,1,0,0,1,0,0,0,0,1,0,0,0,0,0,1,0,1,0,1,1,0,0,0,0,0,0,0,0,0,0,0,0,0,0,0,0,0,0,0,0,0,0
temsirolimus,C56H87NO16,1030.3,CC1CCC2CC(C(=CC=CC=CC(CC(C(=O)C(C(C(=CC(C(=O)CC(OC(=O)C3CCCCN3C(=O)C(=O)C1(O2)O)C(C)CC4CCC(C(C4)OC)OC(=O)C(C)(CO)CO)C)C)O)OC)C)C)C)OC,5.6,242.0,2010,4,16,11,73,0,1029.60248569,1030.3029999999999,5.722400000000007,241.95999999999992,4,16,10,4,0,0,1,1,0,1,1,1,1,1,0,1,1,1,0,1,1,1,0,1,0,0,0,1,0,0,1,1,1,0,1,1,1,1,1,0,0,1,0,1,1,0,1,1,1,1,1,1,0,0,0,0,1,1,1,1,1,0,1,1,1,0,0,0,1,0,0,0,1,0,1,1,0,1,1,1,1,0,0,1,0,1,1,0,0,0,0,0,0,0,0,1,0,1,0,1,0,0,1,0,1,1,0,1,1,1,1,1,0,0,0,1,1,1,0,1,1,0,1,0,0,0,0,1,1,0,1,1,0
atazanavir,C38H52N6O7,704.9,CC(C)(C)C(C(=O)NC(CC1=CC=CC=C1)C(CN(CC2=CC=C(C=C2)C3=CC=CC=N3)NC(=O)C(C(C)(C)C)NC(=O)OC)O)NC(=O)OC,5.6,171.0,1110,5,9,18,51,0,704.38974802,704.8690000000001,4.2116000000000025,171.22,5,9,14,3,3,1,1,0,1,0,1,0,0,1,0,1,0,0,1,0,0,1,0,0,0,0,0,0,0,0,0,0,1,0,0,0,0,0,1,1,1,0,0,0,1,0,0,1,1,1,0,0,1,0,0,0,1,1,0,1,1,0,0,0,1,0,1,0,0,1,1,0,0,1,1,0,0,0,1,1,0,0,0,0,1,1,1,0,1,1,0,1,0,0,1,1,0,0,0,1,0,0,1,0,1,1,0,0,0,0,0,0,1,0,1,0,0,0,1,1,0,0,1,0,1,1,0,1,1,0,1,0,0
palonosetron,C19H24N2O,296.4,C1CC2CN(C(=O)C3=CC=CC(=C23)C1)C4CN5CCC4CC5,2.8,23.6,456,0,2,1,22,0,296.188863393,296.41400000000004,2.656500000000001,23.550000000000004,0,2,1,6,1,0,0,0,0,1,0,0,0,0,1,1,0,0,0,0,1,0,0,0,0,0,0,0,1,0,1,0,1,0,1,1,0,0,0,0,0,0,1,0,1,0,0,1,0,1,1,0,0,0,0,0,1,0,0,0,0,0,0,1,0,0,0,0,1,1,1,0,0,0,0,0,0,1,1,1,0,0,0,0,0,1,1,0,0,1,0,1,0,1,1,0,0,0,0,0,0,1,0,0,1,1,0,0,0,0,0,0,0,0,0,0,1,1,0,0,0,1,0,0,0,0,0,1,1,0,0,0,0
eplerenone,C24H30O6,414.5,CC12CCC(=O)C=C1CC(C3C24C(O4)CC5(C3CCC56CCC(=O)O6)C)C(=O)OC,1.4,82.2,907,0,6,2,30,0,414.20423867,414.4980000000003,3.124500000000002,82.2,0,6,1,6,0,1,1,1,0,1,0,1,1,0,0,1,0,1,0,0,0,1,1,0,0,0,1,1,0,0,1,0,0,1,0,1,0,0,1,1,0,1,0,0,1,0,0,1,0,0,1,1,0,0,1,1,0,0,1,0,1,1,0,1,0,0,0,0,1,0,0,1,0,1,0,1,0,0,1,1,0,0,0,0,0,1,1,0,0,1,0,0,0,0,1,0,1,0,0,0,1,0,0,0,0,1,0,0,1,0,0,0,0,0,0,1,0,0,1,1,0,0,1,0,1,1,0,1,1,0,1,0,0
ezetimibe,C24H21F2NO3,409.4,C1=CC(=CC=C1C2C(C(=O)N2C3=CC=C(C=C3)F)CCC(C4=CC=C(C=C4)F)O)O,4.0,60.8,567,2,5,6,30,0,409.14894986,409.4320000000001,4.8883000000000045,60.77000000000001,2,3,6,4,3,0,1,1,0,1,1,1,1,1,0,1,1,0,0,1,0,0,0,0,0,0,0,0,0,0,0,0,1,0,0,0,0,0,1,0,0,0,0,1,1,0,0,0,0,0,0,0,0,0,0,0,0,0,0,0,0,0,0,1,1,1,1,0,0,1,0,1,0,0,0,0,0,1,0,0,1,0,1,0,0,1,1,1,0,0,1,1,0,0,0,1,0,0,1,0,0,0,0,0,1,1,0,0,0,1,1,0,0,0,0,0,0,0,0,1,0,0,0,0,0,0,0,0,1,0,0,0,1
ertapenem,C22H25N3O7S,475.5,CC1C2C(C(=O)N2C(=C1SC3CC(NC3)C(=O)NC4=CC=CC(=C4)C(=O)O)C(=O)O)C(C)O,-1.5,182.0,893,5,9,7,33,0,475.14132132,475.5230000000002,0.9406999999999996,156.26999999999998,5,7,7,4,1,1,1,1,0,0,1,0,1,0,0,1,0,1,0,0,1,0,0,0,0,0,0,0,0,1,1,0,1,0,1,1,0,0,1,0,0,0,0,1,1,1,1,0,0,0,0,1,1,0,1,0,0,0,0,1,0,1,0,1,0,0,0,0,1,1,1,0,0,0,0,1,0,1,0,0,0,0,0,0,0,1,1,0,0,1,0,1,0,0,0,1,0,0,0,0,0,0,1,0,1,1,1,1,1,0,1,1,1,0,0,0,0,0,0,1,0,1,0,1,0,0,0,0,1,0,1,0,0
nepafenac,C15H14N2O2,254.28,C1=CC=C(C=C1)C(=O)C2=CC=CC(=C2N)CC(=O)N,1.9,86.2,337,2,3,4,19,0,254.105527694,254.28899999999996,1.5275999999999996,86.18,2,3,4,2,2,0,0,0,0,0,1,0,0,0,1,1,0,1,0,1,1,0,0,0,1,0,1,1,1,0,0,0,0,0,0,0,0,0,1,0,0,0,0,0,1,0,0,0,0,0,0,0,1,0,1,0,0,0,0,0,0,0,0,0,0,0,1,0,0,1,1,0,0,0,1,0,1,0,0,0,0,0,0,0,0,1,1,0,0,0,0,1,0,0,0,0,0,0,0,0,0,0,0,0,0,1,0,0,0,0,1,1,0,0,0,0,1,0,0,0,0,0,0,0,0,0,0,0,0,0,1,0,1
aprepitant,C23H21F7N4O3,534.4,CC(C1=CC(=CC(=C1)C(F)(F)F)C(F)(F)F)OC2C(N(CCO2)CC3=NNC(=O)N3)C4=CC=C(C=C4)F,4.2,75.2,810,2,12,6,37,0,534.15018768,534.4320000000002,4.952100000000002,83.24000000000001,2,5,6,4,3,0,1,1,0,0,0,1,1,1,1,1,1,0,0,0,0,1,0,0,1,0,0,1,0,0,0,0,1,0,0,1,0,0,1,1,0,0,0,0,1,0,1,0,1,0,1,0,0,0,0,1,0,0,0,1,1,0,0,1,1,1,0,0,1,0,0,0,0,0,0,0,0,1,0,1,0,0,0,0,0,1,1,0,1,1,1,1,0,0,0,1,0,0,0,0,0,0,1,0,0,1,1,1,0,0,0,0,1,1,0,0,0,1,0,1,0,0,1,0,0,0,1,1,1,0,1,0,1
conivaptan,C32H26N4O2,498.6,CC1=NC2=C(N1)CCN(C3=CC=CC=C32)C(=O)C4=CC=C(C=C4)NC(=O)C5=CC=CC=C5C6=CC=CC=C6,5.7,78.1,820,2,3,4,38,0,498.20557608,498.5860000000002,6.507320000000005,78.09,2,3,4,6,5,1,0,0,1,0,1,0,0,1,0,1,0,0,0,0,1,0,0,0,0,0,1,0,0,1,0,0,0,0,0,1,0,0,1,0,0,1,0,0,1,0,0,0,0,0,0,0,1,0,0,1,1,0,1,0,0,0,0,1,0,0,0,0,1,1,0,0,1,0,1,1,1,1,0,1,1,0,0,0,1,0,1,0,0,1,1,1,0,1,0,1,0,0,0,1,0,1,0,0,0,1,0,1,1,0,1,0,1,0,0,0,1,0,0,0,0,1,0,0,0,0,1,1,0,0,1,1,0
dutasteride,C27H30F6N2O2,528.5,CC12CCC3C(C1CCC2C(=O)NC4=C(C=CC(=C4)C(F)(F)F)C(F)(F)F)CCC5C3(C=CC(=O)N5)C,5.4,58.2,964,2,8,2,37,0,528.22114718,528.5370000000001,6.576100000000006,58.2,2,2,2,5,1,1,1,0,0,0,0,1,1,1,1,1,0,0,1,1,0,0,1,1,1,0,0,0,1,1,0,0,0,0,0,1,1,0,1,0,1,1,0,0,1,0,1,0,0,0,1,0,0,0,1,1,0,0,0,0,0,0,0,1,0,0,1,0,1,0,0,1,0,0,1,1,1,1,0,0,0,0,0,1,1,0,1,0,0,0,0,1,0,0,0,1,0,1,0,0,0,0,0,0,0,1,0,0,0,0,1,0,1,1,1,1,1,0,0,1,1,0,0,0,0,1,0,1,1,0,1,0,0
entecavir,C12H15N5O3,277.28,C=C1C(CC(C1CO)O)N2C=NC3=C2N=C(NC3=O)N,-1.3,126.0,480,4,5,2,20,0,277.11748936,277.284,-0.8278000000000001,130.05,4,6,2,3,2,1,0,0,0,0,0,1,0,0,0,1,0,1,0,1,1,0,0,0,1,0,0,0,0,0,0,0,0,1,1,1,0,1,0,0,1,1,0,0,1,0,1,0,0,1,0,0,0,0,1,0,0,0,0,0,0,0,1,1,0,1,0,0,1,0,1,1,0,0,0,0,1,0,0,0,0,0,0,1,0,1,1,0,0,1,0,1,0,1,1,1,0,0,0,1,0,0,0,0,0,1,0,0,0,0,1,0,0,1,0,1,0,0,0,0,0,0,0,0,0,0,1,1,1,1,0,0,0
clevidipine,C21H23Cl2NO6,456.3,CCCC(=O)OCOC(=O)C1=C(NC(=C(C1C2=C(C(=CC=C2)Cl)Cl)C(=O)OC)C)C,4.3,90.9,748,1,7,10,30,0,455.0902428,456.3220000000001,4.245200000000003,90.92999999999999,1,7,7,2,1,1,0,0,1,0,0,0,0,0,0,1,0,0,0,0,1,0,1,0,1,0,0,0,1,0,0,1,0,1,0,0,0,0,1,0,0,1,1,1,1,0,1,0,0,0,0,0,0,0,1,0,0,0,0,0,1,1,0,1,0,0,0,0,0,1,0,1,0,0,0,0,0,0,1,0,0,0,1,1,0,1,1,1,0,0,0,1,0,0,0,1,0,0,0,0,0,0,0,0,0,1,1,0,0,0,0,1,0,0,1,1,0,0,0,0,1,1,1,0,0,0,0,0,1,0,1,0,0
solifenacin,C23H26N2O2,362.5,C1CN2CCC1C(C2)OC(=O)N3CCC4=CC=CC=C4C3C5=CC=CC=C5,4.0,32.8,524,0,3,3,27,0,362.199428076,362.473,3.864900000000003,32.78,0,3,2,6,2,0,0,0,1,0,1,0,0,0,0,1,1,0,0,0,0,0,0,0,1,0,0,0,0,0,0,1,0,0,0,1,0,0,0,0,0,0,1,0,1,0,1,0,0,1,1,0,1,0,0,0,0,0,0,1,1,0,0,0,0,0,0,0,1,1,1,0,0,0,0,0,0,1,1,1,0,0,0,0,0,0,1,0,0,1,0,1,0,0,1,0,0,0,0,0,0,1,1,1,1,1,0,1,0,1,0,0,0,0,0,0,0,0,0,1,1,0,1,0,0,0,0,0,1,0,1,0,1
bazedoxifene,C30H34N2O3,470.6,CC1=C(N(C2=C1C=C(C=C2)O)CC3=CC=C(C=C3)OCCN4CCCCCC4)C5=CC=C(C=C5)O,6.1,57.9,623,2,4,7,35,0,470.25694295,470.6130000000004,6.331020000000007,57.86,2,4,7,5,4,1,0,1,1,1,0,0,0,1,0,1,0,0,1,1,0,0,0,0,1,0,1,0,0,0,0,0,0,0,0,1,0,0,1,1,0,0,0,0,1,1,0,0,0,1,1,0,0,0,0,0,0,0,0,1,1,0,0,1,0,0,0,0,0,0,0,1,0,0,0,0,0,1,0,1,0,0,1,1,1,1,1,0,0,1,1,1,1,0,0,1,0,0,0,0,1,0,0,1,0,1,1,1,0,0,1,0,1,0,0,0,0,0,0,1,0,0,0,0,0,0,1,0,0,1,1,0,1
asenapine,C17H16ClNO,285.8,CN1CC2C(C1)C3=C(C=CC(=C3)Cl)OC4=CC=CC=C24,3.8,12.5,363,0,2,0,20,0,285.0920418,285.774,4.258500000000003,12.47,0,2,0,4,2,0,0,1,1,0,0,0,1,0,0,0,1,0,0,0,0,1,0,1,1,0,0,0,0,1,0,0,0,0,0,1,0,0,1,1,0,0,1,0,1,0,0,0,0,1,0,0,1,1,1,0,0,0,0,0,0,0,0,0,0,0,0,0,0,1,0,0,0,0,0,0,1,0,1,0,0,0,0,0,1,0,1,0,0,0,0,1,0,1,0,0,0,0,0,0,0,0,0,0,1,1,0,0,0,0,0,0,1,0,1,0,0,0,1,0,1,0,0,0,1,0,1,0,1,0,0,0,0
cinacalcet,C22H22F3N,357.4,CC(C1=CC=CC2=CC=CC=C21)NCCCC3=CC(=CC=C3)C(F)(F)F,6.1,12.0,422,1,4,6,26,0,357.17043419,357.4189999999999,6.142000000000004,12.03,1,1,6,3,3,1,1,0,0,0,0,0,0,1,1,0,0,0,0,1,1,0,0,0,0,0,0,0,0,0,0,0,1,0,0,0,0,0,1,1,0,0,1,0,0,0,1,1,0,0,1,0,1,0,0,0,1,0,0,0,0,0,0,0,0,0,0,0,1,1,0,0,0,0,1,0,0,0,0,0,0,1,1,0,0,1,1,1,0,0,0,1,0,1,0,1,1,1,0,0,0,0,1,0,0,1,0,0,0,1,0,0,1,1,1,0,0,0,0,1,0,0,0,0,1,0,0,1,0,0,0,0,0
gadopentetate,C14H18GdN3O10-2,545.56,C(CN(CC(=O)[O-])CC(=O)[O-])N(CCN(CC(=O)[O-])CC(=O)[O-])CC(=O)[O-].[Gd+3],,210.0,487,0,13,0,28,-2,546.02333,545.5590000000002,-9.358100000000011,210.36999999999998,0,13,16,0,0,0,0,1,1,0,0,0,0,0,0,1,0,1,0,0,0,0,1,0,0,0,0,0,0,0,0,0,0,0,0,0,1,0,0,0,0,0,0,1,1,0,0,0,0,0,0,0,0,0,0,0,0,0,0,0,0,0,0,0,0,0,0,0,0,0,0,0,0,0,0,0,0,0,0,1,1,0,0,0,0,1,0,0,0,0,0,0,0,0,0,0,0,0,0,0,0,0,0,0,0,0,0,0,1,0,0,0,0,0,0,0,0,0,1,0,0,0,0,0,0,0,0,0,1,0,1,0,0
vinflunine,C45H54F2N4O8,816.9,CCC12C=CCN3C1C4(CC3)C(C(C2OC(=O)C)(C(=O)OC)O)N(C5=CC(=C(C=C45)C6(CC7CC(CN(C7)CC8=C6NC9=CC=CC=C89)C(C)(F)F)C(=O)OC)OC)C,4.4,134.0,1720,2,13,10,59,0,816.39097102,816.9430000000001,5.078700000000005,133.87,2,11,7,9,3,1,0,1,0,0,0,0,0,1,1,1,1,1,0,1,1,0,0,0,1,1,0,0,1,0,0,1,0,0,1,1,0,1,1,1,1,1,1,1,1,0,0,1,0,0,1,1,1,0,0,1,1,0,1,1,1,0,0,1,0,1,0,1,0,1,1,0,1,0,1,1,1,1,1,0,0,1,1,0,0,1,1,1,0,0,0,1,1,0,0,1,0,0,0,0,1,1,0,1,1,1,0,1,0,1,1,1,1,1,0,1,0,0,0,1,0,1,0,0,1,1,1,0,1,0,1,1,0
lubiprostone,C20H32F2O5,390.5,CCCCC(C1(CCC2C(O1)CC(=O)C2CCCCCCC(=O)O)O)(F)F,4.0,83.8,525,2,7,11,27,0,390.22178044,390.4670000000001,4.309900000000004,83.83000000000001,2,4,11,2,0,0,0,1,0,0,1,0,1,1,0,1,0,0,0,1,0,1,0,0,0,0,0,0,0,0,0,1,1,1,0,1,0,0,1,1,0,1,0,1,1,0,0,0,1,0,1,1,1,0,0,0,0,0,0,0,0,0,0,1,0,0,0,0,0,1,0,0,0,0,0,0,0,1,1,0,0,0,0,1,1,1,0,0,0,0,0,1,0,1,0,0,0,0,0,0,1,0,1,0,0,1,0,0,1,0,0,0,0,0,0,1,1,0,0,1,1,0,0,0,1,0,0,0,1,0,1,0,1
methyl,CH3,15.035,[CH3],0.6,0.0,0,0,0,0,1,0,15.0234750957,15.035,0.45028999999999997,0.0,0,0,0,0,0,0,0,0,0,0,0,0,0,0,0,0,0,0,0,0,0,0,0,0,0,0,0,0,0,0,0,0,0,0,0,0,0,0,0,0,0,0,0,0,0,0,0,0,0,0,0,0,0,0,0,0,0,0,0,0,0,0,0,0,0,0,0,0,0,0,0,0,0,0,0,0,1,0,0,0,0,0,0,0,0,0,0,0,0,0,0,0,0,0,0,0,0,0,0,0,0,0,0,0,0,0,0,0,0,0,0,0,0,0,0,0,0,0,0,0,0,0,0,0,0,0,0,0,0,0,0,0,0
MnDPDP,C22H29MnN4Na3O14P2,759.3,CC1=[NH+]C=C(C(=C1O)CN(CCN(CC2=C(C(=[NH+]C=C2COP(=O)([O-])[O-])C)O)CC(=O)[O-])CC(=O)[O-])COP(=O)(O)[O-].[Na+].[Na+].[Na+].[Mn],,297.0,965,5,16,7,46,0,759.022901,759.3440000000005,-14.521059999999999,297.49,3,15,17,2,2,0,0,0,1,1,0,0,0,0,0,1,0,1,0,0,0,0,1,0,0,0,0,0,0,0,0,1,0,0,0,0,1,0,1,0,0,0,0,1,1,0,0,0,0,0,0,1,1,0,0,0,1,1,0,0,1,0,0,1,0,1,1,0,0,1,0,1,0,0,1,0,0,0,0,1,1,0,0,0,0,1,1,0,0,0,0,0,0,1,0,0,0,0,1,0,0,0,1,0,1,1,0,1,0,0,1,1,1,1,0,0,1,0,1,1,0,0,1,0,0,0,0,0,1,0,1,0,0
tipranavir,C31H33F3N2O5S,602.7,CCCC1(CC(=C(C(=O)O1)C(CC)C2=CC(=CC=C2)NS(=O)(=O)C3=NC=C(C=C3)C(F)(F)F)O)CCC4=CC=CC=C4,7.0,114.0,1050,2,10,11,42,0,602.20622782,602.6750000000001,7.325500000000007,105.59,2,6,11,4,3,1,1,1,0,0,1,0,0,1,1,1,0,1,0,0,1,1,0,0,0,1,1,1,0,0,0,1,1,0,0,1,0,0,1,0,0,1,0,1,1,1,1,1,0,1,1,0,1,0,0,0,0,0,0,0,0,1,0,1,1,0,0,0,1,1,0,1,1,1,0,0,1,1,0,0,1,0,0,1,0,1,1,0,0,0,1,1,1,0,0,1,1,0,0,1,1,0,0,0,0,1,0,0,1,1,0,0,1,1,0,0,0,0,1,1,0,0,0,1,0,0,0,1,0,0,0,0,1
Anidulafungin,C58H73N7O17,1140.2,CCCCCOC1=CC=C(C=C1)C2=CC=C(C=C2)C3=CC=C(C=C3)C(=O)NC4CC(C(NC(=O)C5C(C(CN5C(=O)C(NC(=O)C(NC(=O)C6CC(CN6C(=O)C(NC4=O)C(C)O)O)C(C(C7=CC=C(C=C7)O)O)O)C(C)O)C)O)O)O,2.3,377.0,2150,14,17,14,82,0,1139.50629389,1140.2540000000001,-0.9270999999999889,377.4200000000001,14,17,14,7,4,1,1,1,1,1,1,0,1,1,1,1,0,1,1,0,0,0,0,0,1,0,0,0,0,0,0,1,1,0,1,1,0,1,1,0,0,1,0,1,1,1,0,1,0,1,1,0,1,0,0,0,0,1,0,1,1,0,0,1,1,1,1,0,0,0,0,1,1,0,0,0,0,1,0,0,0,0,0,1,1,1,1,0,1,1,1,1,0,0,0,1,0,1,0,0,0,0,1,1,1,1,1,1,0,0,1,0,0,1,1,0,0,0,0,1,0,0,0,1,1,1,1,0,1,0,1,1,0
varenicline,C13H13N3,211.26,C1C2CNCC1C3=CC4=NC=CN=C4C=C23,0.8,37.8,254,1,3,0,16,0,211.110947427,211.26799999999997,1.8038999999999998,37.81,1,3,0,4,2,0,0,0,1,0,0,0,0,0,0,0,0,1,0,0,0,0,0,0,0,0,0,0,0,0,0,0,0,1,0,1,0,0,1,0,0,0,1,0,0,0,1,0,0,1,0,0,1,0,0,0,0,0,0,0,0,0,0,0,0,0,0,0,0,0,0,0,0,0,1,0,0,0,1,1,1,0,0,0,0,1,1,0,0,0,1,1,0,0,0,1,0,0,0,0,0,0,0,0,0,1,1,0,0,0,0,0,1,0,0,0,0,0,0,0,0,0,0,0,0,0,0,1,1,0,0,0,0
Kaluril,C13H17Cl3N10O5S2,563.8,C1NC2=CC(=C(C=C2S(=O)(=O)N1)S(=O)(=O)N)Cl.C1(=C(N=C(C(=N1)Cl)N)N)C(=O)N=C(N)N.Cl,,294.0,773,8,12,2,33,0,561.989039,563.8370000000002,-1.2214999999999994,277.65000000000003,7,10,2,3,2,0,1,1,1,0,0,0,0,1,1,1,0,1,0,0,0,0,0,0,1,0,0,0,0,0,0,0,0,1,0,1,0,0,0,1,0,0,0,0,1,0,0,0,0,0,0,0,0,1,1,0,1,1,0,0,0,1,0,0,0,1,0,1,1,0,1,0,0,1,1,1,1,1,0,1,1,0,0,0,1,0,1,1,1,0,1,0,0,0,0,1,1,0,0,1,1,0,0,0,0,1,0,0,0,0,0,1,1,0,1,1,0,0,1,0,0,1,1,0,0,0,0,1,0,1,1,0,0
erlotinib,C22H23N3O4,393.4,COCCOC1=C(C=C2C(=C1)C(=NC=N2)NC3=CC=CC(=C3)C#C)OCCOC,3.3,74.7,525,1,7,11,29,0,393.16885622,393.4430000000002,3.405100000000002,74.73,1,7,10,3,3,1,0,0,0,0,1,0,0,0,0,0,0,1,1,0,1,0,0,1,1,0,1,0,0,0,0,1,0,0,0,0,0,0,1,1,0,1,0,0,0,0,0,0,0,1,0,0,0,0,0,1,0,0,0,0,1,0,0,0,0,0,0,0,1,1,0,0,0,1,0,1,0,0,1,1,0,0,1,1,0,1,1,0,0,0,0,1,1,0,0,0,0,0,1,0,0,0,0,0,0,1,0,1,1,0,1,0,1,0,1,1,0,1,0,0,1,0,0,0,0,1,0,1,0,0,1,0,0
S-benzoylmercaptoacetyltriglycine,C15H17N3O6S,367.4,C1=CC=C(C=C1)C(=O)SCC(=O)NCC(=O)NCC(=O)NCC(=O)O,-0.1,167.0,519,4,7,10,25,0,367.08380644,367.3830000000001,-1.0067999999999984,141.67,4,6,9,1,1,1,0,0,0,0,1,1,0,0,0,1,0,0,0,1,0,1,0,0,0,0,0,0,0,0,0,0,0,0,0,0,0,1,0,0,0,1,0,0,1,1,1,0,0,0,0,0,1,0,0,0,1,0,0,0,0,0,0,1,0,0,0,0,0,1,1,0,0,0,1,0,0,0,1,0,0,0,0,0,0,1,1,0,1,0,0,1,0,0,0,0,0,0,0,0,0,0,0,0,0,1,0,0,0,0,1,0,0,0,0,0,0,0,0,0,0,1,0,0,0,0,1,0,1,0,1,0,0
Prednefrin,C32H44ClNO8,606.1,CC(=O)OCC(=O)C1(CCC2C1(CC(C3C2CCC4=CC(=O)C=CC34C)O)C)O.CNCC(C1=CC(=CC=C1)O)O.Cl,,153.0,957,6,9,7,42,0,605.2755451,606.1560000000004,3.195200000000002,153.39,5,9,6,5,1,1,1,1,0,0,0,0,1,1,0,1,1,0,0,0,1,0,1,1,1,1,0,1,0,1,0,1,1,1,0,1,0,0,1,0,1,1,0,0,1,0,0,0,0,0,1,0,0,0,0,0,1,0,0,1,1,0,0,1,1,0,0,0,0,1,1,1,0,1,0,0,1,0,0,1,1,1,1,1,0,1,1,1,0,1,1,1,1,0,0,0,0,0,0,1,0,0,0,1,1,1,1,0,0,0,1,0,1,0,1,1,0,1,1,0,0,0,1,0,0,1,1,1,1,0,1,0,1
etravirine,C20H15BrN6O,435.3,CC1=CC(=CC(=C1OC2=NC(=NC(=C2Br)N)NC3=CC=C(C=C3)C#N)C)C#N,4.5,121.0,609,2,7,4,28,0,434.04907,435.28500000000014,4.717400000000003,120.63999999999999,2,7,4,3,3,1,0,0,1,0,0,0,1,0,0,0,0,0,1,0,0,0,1,0,1,0,0,1,1,0,0,0,0,0,0,0,0,0,1,1,0,0,0,0,1,0,0,0,0,0,0,1,0,0,1,1,1,1,0,1,1,0,1,1,0,0,0,0,1,0,0,0,0,0,0,0,0,0,0,0,1,0,1,0,0,0,1,0,0,0,0,1,0,1,0,0,0,0,0,0,1,0,0,0,0,1,0,1,0,1,0,0,1,0,0,0,1,1,0,0,0,1,0,1,0,0,0,1,0,0,0,0,0
gadobenate,C22H28GdN3O11,667.7,[H+].[H+].C1=CC=C(C=C1)COCC(C(=O)[O-])N(CCN(CCN(CC(=O)[O-])CC(=O)[O-])CC(=O)[O-])CC(=O)[O-].[Gd+3],,220.0,699,2,14,15,37,0,668.09649,667.7260000000005,-7.547700000000013,219.6,0,14,20,1,1,0,1,1,1,0,1,0,0,0,0,1,0,1,0,0,0,0,1,0,0,0,0,0,1,0,0,0,0,0,0,0,1,0,0,1,0,0,0,1,1,1,0,1,0,0,0,0,1,1,0,0,0,0,0,0,1,0,0,0,0,0,0,0,0,1,0,0,0,0,0,0,0,1,1,1,1,0,0,0,0,1,1,0,0,0,0,1,0,0,0,1,0,0,0,1,0,0,0,0,0,1,0,0,1,1,1,0,1,0,0,0,0,0,1,1,0,0,0,1,0,0,0,1,1,0,1,0,0
ambrisentan,C22H22N2O4,378.4,CC1=CC(=NC(=N1)OC(C(=O)O)C(C2=CC=CC=C2)(C3=CC=CC=C3)OC)C,3.8,81.5,475,1,6,7,28,0,378.15795719,378.4280000000001,3.515640000000003,81.54,1,5,7,3,3,0,1,0,0,0,1,1,1,0,1,1,1,0,0,0,0,0,0,0,0,0,0,0,0,1,0,0,0,0,1,0,0,0,1,0,0,0,0,0,1,0,0,0,0,0,0,0,1,0,0,0,0,1,0,0,1,0,0,1,0,0,0,0,1,1,0,0,1,0,0,0,0,1,1,0,0,0,0,0,0,0,1,0,0,0,0,1,0,0,0,0,0,0,1,0,0,0,1,0,1,1,1,0,1,0,0,0,1,0,0,0,0,1,0,1,1,0,0,0,0,0,0,1,0,0,1,1,0
dronedarone,C31H44N2O5S,556.8,CCCCC1=C(C2=C(O1)C=CC(=C2)NS(=O)(=O)C)C(=O)C3=CC=C(C=C3)OCCCN(CCCC)CCCC,7.2,97.2,800,1,7,18,39,0,556.29709368,556.7690000000003,7.0490000000000075,88.85,1,6,18,3,3,1,0,0,1,0,0,0,0,0,1,1,0,0,1,0,0,1,0,1,0,1,0,0,0,0,1,1,0,1,0,0,1,0,1,0,0,0,0,1,1,0,0,0,0,1,1,0,1,0,0,0,0,1,0,0,1,0,0,0,0,1,0,0,1,0,0,1,0,1,0,0,0,0,0,1,1,1,1,1,1,1,1,0,0,0,0,1,0,1,0,0,1,1,0,1,0,0,0,0,0,1,0,1,0,1,1,0,1,0,0,0,1,1,1,0,0,1,0,1,1,0,0,0,1,0,1,0,0
ramelteon,C16H21NO2,259.34,CCC(=O)NCCC1CCC2=C1C3=C(C=C2)OCC3,2.7,38.3,331,1,2,4,19,0,259.157228913,259.349,2.5676000000000005,38.33,1,2,4,3,1,1,0,1,0,0,0,0,0,0,0,1,1,0,0,0,1,1,0,0,0,0,1,0,0,0,0,0,1,0,0,1,0,0,1,1,0,0,0,1,1,1,1,0,0,0,1,0,0,0,0,0,0,0,1,1,0,0,1,0,0,1,0,0,0,1,0,0,0,0,1,0,0,0,1,1,1,0,0,0,0,1,1,0,0,1,1,1,0,0,0,1,0,0,0,0,0,0,1,0,0,1,0,0,0,0,1,0,0,0,0,0,0,1,1,0,1,1,1,0,0,0,1,0,1,0,1,0,0
lapatinib,C29H26ClFN4O4S,581.1,CS(=O)(=O)CCNCC1=CC=C(O1)C2=CC3=C(C=C2)N=CN=C3NC4=CC(=C(C=C4)OCC5=CC(=CC=C5)F)Cl,5.1,115.0,898,2,9,11,40,0,580.1347324,581.0690000000003,6.139100000000004,106.35000000000001,2,8,11,5,5,1,0,0,0,0,1,1,0,1,0,1,0,0,1,1,1,1,1,1,1,1,0,0,0,1,0,1,1,0,0,0,0,0,1,0,0,0,0,0,0,0,0,1,0,1,1,0,0,0,1,1,0,1,0,1,1,0,0,0,1,0,0,0,1,1,1,0,0,1,0,1,0,0,1,1,1,0,1,0,1,1,1,0,0,0,0,1,1,0,0,1,0,0,0,1,1,0,1,1,0,1,0,1,0,0,1,0,1,1,0,1,0,0,1,0,0,0,1,0,0,1,1,1,0,0,0,0,1
NuvaRing,C42H52O4,620.9,CCC12CC(=C)C3C(C1CCC2(C#C)O)CCC4=CC(=O)CCC34.CC12CCC3C(C1CCC2(C#C)O)CCC4=C3C=CC(=C4)O,,77.8,1180,3,4,3,46,0,620.38656014,620.8740000000003,7.661300000000011,77.76,3,4,1,8,1,0,0,1,1,0,0,0,1,0,1,1,0,0,1,0,1,0,1,0,1,0,0,1,0,1,0,0,0,1,0,1,0,1,1,1,1,1,0,1,1,0,0,0,1,1,1,0,0,1,1,0,0,1,0,0,1,0,1,1,0,0,0,1,0,0,0,1,0,0,0,0,1,0,1,1,1,0,1,1,0,1,1,0,0,1,0,1,0,0,0,1,0,0,0,0,0,0,0,0,0,1,0,0,0,0,1,0,1,1,0,1,0,0,0,1,1,1,0,1,0,0,0,1,1,1,1,1,1
dabigatran,C25H25N7O3,471.5,CN1C2=C(C=C(C=C2)C(=O)N(CCC(=O)O)C3=CC=CC=N3)N=C1CNC4=CC=C(C=C4)C(=N)N,1.7,150.0,757,4,7,9,35,0,471.20188768,471.52100000000013,2.98597,150.22000000000003,4,6,9,4,4,1,0,0,1,0,1,0,1,1,0,1,0,1,0,0,1,0,0,0,1,0,0,0,0,0,0,0,0,1,0,0,1,0,1,0,0,0,0,1,1,0,0,0,0,1,1,0,1,1,0,0,0,1,0,0,0,0,0,1,0,0,0,1,1,1,0,0,0,0,1,0,0,0,1,1,1,0,1,0,0,1,1,1,0,1,0,1,1,0,0,0,0,0,0,0,0,1,0,0,0,1,1,0,1,0,1,0,1,0,1,0,1,0,1,1,0,0,0,0,0,0,1,1,0,0,1,1,1
darunavir,C27H37N3O7S,547.7,CC(C)CN(CC(C(CC1=CC=CC=C1)NC(=O)OC2COC3C2CCO3)O)S(=O)(=O)C4=CC=C(C=C4)N,2.9,149.0,853,3,9,12,38,0,547.2352217,547.6740000000003,2.3752999999999997,140.42000000000002,3,8,11,4,2,1,1,0,1,0,1,0,0,0,0,1,0,1,0,0,0,1,0,0,1,0,0,0,0,0,1,1,1,1,1,1,0,0,1,1,1,0,0,1,1,0,0,1,0,0,1,0,1,1,1,1,0,0,0,1,1,0,0,0,0,0,0,0,1,1,0,0,0,1,1,0,0,0,1,0,1,0,0,0,1,1,1,0,0,0,0,1,0,0,1,1,0,0,0,1,0,0,0,1,1,1,1,1,1,0,0,0,1,0,1,1,0,0,1,0,0,0,1,0,1,1,1,0,1,1,1,0,0
lurasidone,C28H36N4O2S,492.7,C1CCC(C(C1)CN2CCN(CC2)C3=NSC4=CC=CC=C43)CN5C(=O)C6C7CCC(C7)C6C5=O,5.4,85.0,804,0,6,5,35,0,492.25589758,492.6890000000003,4.255800000000003,56.75,0,6,5,7,2,0,0,1,1,1,1,0,0,0,1,1,0,1,0,0,0,0,0,0,0,0,0,0,1,0,0,0,0,0,0,1,0,0,0,0,1,0,1,0,1,1,0,1,0,0,1,0,1,0,1,1,0,0,0,0,0,0,0,1,0,0,0,0,0,1,0,0,0,0,0,0,0,1,1,1,0,1,1,0,0,1,1,0,0,0,0,1,1,0,1,0,0,1,0,0,0,0,0,1,0,1,0,0,0,0,0,1,0,0,1,0,0,0,0,0,1,0,1,0,0,0,0,1,1,0,1,0,1
luliconazole,C14H9Cl2N3S2,354.3,C1C(SC(=C(C#N)N2C=CN=C2)S1)C3=C(C=C(C=C3)Cl)Cl,4.0,92.2,476,0,4,2,21,0,352.961495,354.28700000000003,5.060880000000003,41.61,0,4,2,3,2,0,0,0,1,0,1,0,1,0,0,0,0,0,0,0,1,0,0,0,1,0,0,1,0,0,0,0,0,0,1,1,0,0,0,1,1,1,1,0,1,0,0,0,1,0,0,0,0,1,1,0,0,0,0,0,0,0,1,0,0,1,1,0,0,1,0,0,1,0,0,0,0,0,0,1,1,0,1,0,1,0,1,0,0,1,0,1,0,1,0,0,0,0,1,0,0,0,0,0,0,1,0,0,0,1,0,1,1,0,0,1,0,0,0,0,0,0,0,1,0,0,0,1,1,0,0,1,0
aliskiren,C30H53N3O6,551.8,CC(C)C(CC1=CC(=C(C=C1)OC)OCCCOC)CC(C(CC(C(C)C)C(=O)NCC(C)(C)C(=O)N)O)N,3.5,146.0,717,4,7,19,39,0,551.39343642,551.7690000000002,3.293500000000003,146.13000000000002,4,7,19,1,1,1,1,0,1,0,0,0,0,1,0,1,1,1,1,0,0,0,0,1,1,1,0,0,0,1,0,0,1,0,1,0,0,0,1,0,0,0,1,0,1,1,0,0,0,1,0,0,0,0,0,1,0,0,0,1,1,0,0,0,0,0,1,0,0,0,0,0,0,0,1,1,0,0,1,0,0,0,0,0,1,1,1,1,1,0,0,1,1,0,1,1,0,0,0,1,0,0,0,0,1,1,0,1,1,0,0,0,1,0,1,1,0,0,1,1,0,1,0,1,1,1,1,0,1,1,1,1,0
sitaxsentan,C18H15ClN2O6S2,454.9,CC1=CC2=C(C=C1CC(=O)C3=C(C=CS3)S(=O)(=O)NC4=C(C(=NO4)C)Cl)OCO2,3.7,144.0,720,1,9,6,29,0,454.0060062,454.91300000000024,3.9612400000000028,107.73,1,8,6,4,3,1,0,0,0,0,0,1,0,1,0,1,0,0,1,1,1,1,0,0,1,1,0,0,0,0,0,0,0,0,1,1,1,0,1,0,1,0,0,0,1,0,0,1,0,0,0,0,1,0,1,0,0,0,0,0,0,1,1,1,1,0,0,0,0,1,0,0,0,1,1,0,1,0,1,0,0,0,0,0,0,1,1,0,0,0,0,1,0,0,0,0,0,1,0,1,0,1,0,1,0,1,1,0,0,1,0,0,1,1,0,0,1,0,1,0,1,0,0,1,1,1,0,1,0,0,1,0,0
tolvaptan,C26H25ClN2O3,448.9,CC1=CC=CC=C1C(=O)NC2=CC(=C(C=C2)C(=O)N3CCCC(C4=C3C=CC(=C4)Cl)O)C,4.8,69.6,673,2,3,3,32,0,448.1553704,448.9500000000003,5.683140000000005,69.64,2,3,3,4,3,1,0,0,1,1,0,0,0,0,0,1,0,0,0,0,1,0,0,0,1,0,0,0,0,1,0,0,0,0,0,1,1,1,1,0,0,0,1,0,1,1,0,1,0,1,1,0,1,1,1,0,0,0,0,0,0,1,0,1,0,0,0,1,1,1,1,0,1,0,0,0,1,1,0,0,1,0,0,0,1,1,1,0,0,0,0,1,0,1,0,0,0,0,0,0,1,1,0,0,0,1,0,1,1,0,1,0,1,1,0,0,1,0,0,0,0,0,0,0,0,0,0,0,1,0,1,0,0
sorafenib,C21H16ClF3N4O3,464.8,CNC(=O)C1=NC=CC(=C1)OC2=CC=C(C=C2)NC(=O)NC3=CC(=C(C=C3)Cl)C(F)(F)F,4.1,92.4,646,3,7,5,32,0,464.0863026,464.83100000000013,5.549700000000002,92.35,3,4,5,3,3,1,0,0,0,0,1,1,0,1,1,1,0,0,0,0,0,0,0,0,1,0,0,1,0,1,1,1,0,0,0,0,0,0,1,1,1,0,0,0,1,1,1,1,0,1,1,0,0,0,1,0,0,0,1,0,1,1,0,0,0,0,1,0,1,0,1,1,0,0,1,1,0,0,0,1,1,0,0,1,0,0,1,0,0,0,0,1,1,0,1,1,0,0,0,0,0,0,0,0,0,1,0,1,0,0,0,0,1,0,0,1,0,0,0,1,0,0,0,0,0,0,0,1,1,0,1,0,0
Colimycin,C45H85N13O10,968.2,CCC(C)CCCCC(=O)NCCC1C(=O)NC(C(=O)NC(C(=O)NC(C(=O)NC(C(=O)NC(C(=O)NC(C(=O)NC(C(=O)N1)CC(C)C)CCN)CC(C)C)CCN)CCN)CCN)C(C)O,-0.7,386.0,1640,14,14,22,68,0,967.65423596,968.2559999999991,-3.140600000000019,386.2099999999999,14,14,22,1,0,1,1,0,1,0,0,0,1,1,0,1,0,0,1,0,1,0,0,0,1,0,0,0,0,0,1,0,1,1,0,0,0,1,1,0,0,0,0,1,1,0,1,0,0,0,1,0,1,1,0,0,1,1,1,1,1,0,0,1,0,0,0,0,0,1,1,0,0,0,1,0,0,0,0,0,1,0,0,0,1,1,0,1,0,1,1,0,1,0,0,1,0,0,0,0,0,0,0,1,1,1,0,0,0,1,0,0,0,1,0,0,0,0,0,0,1,0,0,1,1,0,0,0,1,0,1,0,0
lenalidomide,C13H13N3O3,259.26,C1CC(=O)NC(=O)C1N2CC3=C(C2=O)C=CC=C3N,-0.5,92.5,437,2,4,1,19,0,259.09569129,259.265,0.029799999999999494,92.5,2,4,1,3,1,0,0,1,0,0,0,1,0,0,1,1,0,0,0,1,1,0,0,0,1,0,1,0,0,0,0,1,0,0,0,1,0,1,0,0,0,1,0,0,1,0,0,1,0,1,1,0,0,0,1,0,0,0,0,0,0,0,1,1,0,0,0,0,0,1,0,0,0,0,0,0,0,0,0,1,0,0,1,0,0,0,1,0,0,1,0,1,0,1,0,1,0,0,0,0,0,1,0,0,0,1,0,0,1,0,1,0,0,0,0,1,1,0,0,0,0,1,0,0,0,0,0,0,1,0,0,0,1
lasofoxifene,C28H31NO2,413.5,C1CCN(C1)CCOC2=CC=C(C=C2)C3C(CCC4=C3C=CC(=C4)O)C5=CC=CC=C5,6.1,32.7,533,1,3,6,31,0,413.235479232,413.56100000000015,5.728700000000007,32.7,1,3,6,5,3,0,0,0,1,1,1,0,0,0,0,1,1,0,1,1,1,1,0,0,0,0,1,0,0,0,0,0,0,0,0,1,0,0,1,0,0,0,0,0,1,1,0,0,0,1,1,0,1,0,1,0,0,0,0,0,1,0,0,0,0,0,0,0,0,1,0,1,0,0,1,0,1,1,1,1,0,0,0,1,0,1,1,0,0,1,0,1,0,0,1,0,0,0,0,0,0,0,0,0,0,1,0,1,0,0,1,0,1,1,0,0,0,0,0,0,0,0,0,0,0,0,1,0,1,1,1,0,1
regadenoson,C15H18N8O5,390.35,CNC(=O)C1=CN(N=C1)C2=NC(=C3C(=N2)N(C=N3)C4C(C(C(O4)CO)O)O)N,-1.5,186.0,587,5,10,4,28,0,390.1400157,390.3600000000001,-2.434699999999998,186.46,5,10,4,4,3,1,1,0,0,0,0,0,1,0,1,1,0,0,0,0,0,1,0,0,1,0,0,1,0,1,0,0,0,0,0,0,0,1,1,1,0,1,1,0,1,0,0,0,1,1,1,0,1,0,1,0,1,1,0,0,0,0,0,0,0,1,0,0,1,0,1,1,0,0,0,1,1,0,0,0,1,0,0,0,1,1,1,1,0,0,0,0,0,0,1,0,0,1,0,1,0,0,0,1,0,1,0,1,0,1,1,0,1,1,1,0,0,0,0,0,0,1,0,0,0,0,0,1,1,0,1,0,1
lacosamide,C13H18N2O3,250.29,CC(=O)NC(COC)C(=O)NCC1=CC=CC=C1,0.3,67.4,275,2,3,6,18,0,250.13174244,250.298,0.45390000000000025,67.42999999999999,2,3,6,1,1,1,1,0,0,0,1,0,0,0,0,1,0,0,1,0,0,0,0,0,0,0,0,0,0,0,0,0,0,0,0,1,0,0,1,0,0,0,1,0,1,0,0,1,0,0,1,0,1,0,0,0,0,0,0,0,1,0,0,0,0,0,1,0,0,1,0,0,0,0,1,0,0,1,1,0,0,0,0,0,0,1,1,0,0,0,0,1,0,0,0,1,0,0,0,0,0,1,0,0,0,1,0,0,0,0,0,0,0,0,1,1,0,0,0,0,0,0,1,1,0,1,1,0,0,0,1,1,1
Gd-EOB-DTPA,C23H30GdN3O11,681.7,[H+].[H+].CCOC1=CC=C(C=C1)CC(CN(CCN(CC(=O)[O-])CC(=O)[O-])CC(=O)[O-])N(CC(=O)[O-])CC(=O)[O-].[Gd+3],,220.0,756,2,14,5,38,0,682.11214,681.7530000000004,-7.1231000000000115,219.6,0,14,20,1,1,0,1,1,1,0,0,0,0,0,0,1,0,1,0,0,0,0,1,0,0,0,0,0,0,0,0,0,0,0,0,0,1,0,1,1,0,0,0,1,1,1,0,0,0,1,0,1,0,0,0,0,0,0,0,1,1,0,0,0,0,0,0,0,0,0,0,1,1,1,1,0,0,0,0,1,1,0,0,1,1,1,1,0,0,0,0,1,0,0,1,1,0,0,0,0,0,1,0,0,0,1,0,1,1,1,0,1,1,0,1,0,0,0,1,0,0,0,0,0,0,0,0,0,1,0,1,0,0
fosaprepitant,C23H22F7N4O6P,614.4,CC(C1=CC(=CC(=C1)C(F)(F)F)C(F)(F)F)OC2C(N(CCO2)CC3=NN(C(=O)N3)P(=O)(O)O)C4=CC=C(C=C4)F,1.0,124.0,997,3,15,7,41,0,614.11651857,614.4110000000002,4.3663000000000025,129.91,3,6,7,4,3,0,1,1,0,0,0,1,1,1,1,1,1,1,0,0,0,1,0,0,0,0,0,1,0,0,0,0,1,0,0,1,0,0,1,1,0,1,0,0,1,0,1,0,1,1,1,1,0,0,0,1,1,0,0,1,1,0,0,1,1,1,0,0,1,1,0,0,0,0,0,0,0,1,0,0,0,0,0,0,0,1,1,0,1,1,1,1,0,0,0,1,0,0,0,0,0,0,1,0,0,1,1,1,1,0,0,0,1,1,0,1,0,1,0,1,0,0,0,1,0,0,1,1,1,0,1,0,1
cortisone,C21H28O5,360.4,CC12CCC(=O)C=C1CCC3C2C(=O)CC4(C3CCC4(C(=O)CO)O)C,1.5,91.7,724,2,5,2,26,0,360.19367399,360.4500000000001,1.9898,91.67,2,5,2,4,0,1,0,1,0,0,0,1,1,0,0,1,0,0,0,0,0,0,1,0,0,0,0,0,0,1,0,0,1,1,1,1,1,0,1,0,0,1,0,0,1,0,0,0,0,1,1,0,0,0,0,1,0,1,0,1,0,0,0,1,0,0,0,0,0,0,0,0,1,1,0,0,0,0,1,1,1,1,1,0,0,1,1,0,0,1,0,0,1,1,0,0,0,1,0,1,1,0,0,1,1,1,0,0,0,0,0,0,0,0,0,1,0,0,0,1,0,0,0,0,0,1,0,1,1,0,1,0,0
18F-FDG,C6H11FO5,181.15,C(C(C(C(C(C=O)F)O)O)O)O,-2.4,98.0,142,4,6,5,12,0,181.061586,182.14700000000002,-2.4015999999999997,97.99000000000001,4,5,5,0,0,0,1,0,0,0,0,0,0,1,0,1,0,0,0,0,0,0,1,0,0,0,0,0,0,0,0,1,0,0,0,0,0,0,0,0,0,0,0,0,1,0,0,0,0,0,0,0,0,0,1,0,0,0,0,1,0,0,0,0,0,0,1,0,1,1,0,0,0,0,0,0,0,0,0,0,0,0,0,0,0,1,0,1,0,0,0,0,0,0,0,0,0,0,0,1,0,0,0,1,1,0,0,0,0,0,0,0,0,1,0,0,0,0,0,0,0,0,0,0,0,1,1,0,0,1,1,0,0
trimethoprim-sulfamethoxazole,C24H29N7O6S,543.6,CC1=CC(=NO1)NS(=O)(=O)C2=CC=C(C=C2)N.COC1=CC(=CC(=C1OC)OC)CC2=CN=C(N=C2N)N,,212.0,653,4,13,8,38,0,543.19000284,543.6060000000002,2.6236199999999994,203.73000000000002,4,12,8,4,4,1,0,1,1,1,0,1,0,0,0,1,1,1,0,0,0,1,0,0,1,0,0,1,0,0,1,1,0,1,0,0,0,1,1,0,0,0,0,0,0,0,0,1,0,1,0,0,0,0,1,1,1,0,0,0,1,1,0,1,0,0,0,0,1,0,0,0,0,1,1,0,0,0,1,0,1,0,1,1,1,1,1,0,0,1,0,1,0,0,0,1,0,0,0,1,0,0,0,0,0,1,0,0,0,0,0,0,1,0,0,0,0,1,0,0,1,0,0,1,0,1,1,1,0,0,0,0,1
carboprost,C21H36O5,368.5,CCCCCC(C)(C=CC1C(CC(C1CC=CCCCC(=O)O)O)O)O,2.9,98.0,473,4,5,12,26,0,368.25627424,368.5140000000001,3.433000000000003,97.99000000000001,4,4,12,1,0,1,0,0,0,0,1,0,1,1,0,1,0,1,0,0,0,0,1,0,1,1,0,0,0,0,0,1,0,1,0,1,0,0,1,0,0,1,0,1,1,0,0,0,0,0,0,0,0,0,0,0,0,0,0,1,0,0,0,1,0,0,0,0,0,0,0,0,0,0,0,0,0,0,1,0,0,1,0,0,1,1,1,0,0,0,0,1,1,0,0,0,1,1,0,0,0,0,0,1,0,0,0,0,0,0,1,0,0,0,1,0,0,0,0,1,0,1,1,0,1,0,0,0,1,0,1,0,1
natamycin,C33H47NO13,665.7,CC1CC=CC=CC=CC=CC(CC2C(C(CC(O2)(CC(CC3C(O3)C=CC(=O)O1)O)O)O)C(=O)O)OC4C(C(C(C(O4)C)O)N)O,-1.3,231.0,1220,7,14,3,47,0,665.30474055,665.7330000000003,0.11970000000000436,230.98999999999998,7,13,3,4,0,0,1,1,0,0,1,0,0,0,0,1,0,1,1,0,0,1,0,0,1,0,1,0,1,0,0,0,1,0,1,1,0,0,1,0,1,1,1,1,1,1,0,0,1,0,0,1,0,1,0,0,0,1,0,0,1,0,0,1,1,1,0,0,1,1,0,0,1,0,0,0,1,0,1,1,1,0,0,1,1,0,1,1,0,1,0,1,0,0,0,0,0,0,1,1,0,1,0,0,0,1,1,0,0,1,1,0,0,0,0,1,1,0,0,0,0,1,0,0,0,0,0,0,1,0,1,0,1
cefditoren,C19H18N6O5S3,506.6,CC1=C(SC=N1)C=CC2=C(N3C(C(C3=O)NC(=O)C(=NOC)C4=CSC(=N4)N)SC2)C(=O)O,0.7,242.0,928,3,12,7,33,0,506.05008122,506.5910000000003,1.2927199999999999,160.1,3,11,7,4,2,1,0,1,1,0,1,0,0,0,0,1,1,0,1,1,0,0,0,0,1,1,0,1,0,1,1,0,1,1,0,1,1,0,1,0,1,0,0,0,1,1,0,0,0,1,0,0,1,1,1,1,0,0,0,1,1,1,0,1,0,0,0,0,1,0,0,0,1,0,0,0,0,1,1,0,0,0,0,0,0,0,1,0,0,0,1,1,1,0,0,0,1,1,0,0,1,0,0,0,0,1,1,1,1,0,1,0,1,0,0,0,0,1,1,0,0,0,1,0,0,0,0,1,1,0,1,0,1
gadoversetamide,C20H34GdN5O10,661.8,COCCNC(=O)CN(CCN(CCN(CC(=O)NCCOC)CC(=O)[O-])CC(=O)[O-])CC(=O)[O-].[Gd+3],,207.0,614,2,13,19,36,0,662.15468,661.7670000000004,-7.332700000000013,206.77,2,13,22,0,0,1,1,1,1,0,0,0,0,0,0,1,0,1,1,0,0,0,1,0,0,0,0,0,0,0,0,0,1,0,0,0,1,0,1,0,0,0,0,1,1,0,1,0,0,0,0,0,0,0,0,0,0,0,0,0,1,0,0,0,0,0,0,0,0,0,0,0,0,0,1,0,0,0,1,1,1,0,0,0,0,1,0,0,0,0,1,0,0,0,0,1,0,0,0,0,0,0,0,0,0,0,0,1,1,0,0,0,0,0,1,0,0,0,1,0,0,0,0,0,0,0,0,0,1,0,1,1,0
ciclesonide,C32H44O7,540.7,CC(C)C(=O)OCC(=O)C12C(CC3C1(CC(C4C3CCC5=CC(=O)C=CC45C)O)C)OC(O2)C6CCCCC6,5.3,99.1,1100,1,7,6,39,0,540.30870374,540.6970000000002,4.703900000000004,99.13000000000001,1,7,5,6,0,0,1,1,0,1,1,0,1,0,0,1,0,1,1,0,0,1,0,1,1,1,0,0,0,1,0,1,1,1,0,1,0,0,1,1,1,1,0,0,1,0,0,0,0,0,1,1,0,0,0,0,1,0,0,1,1,0,0,1,0,0,0,0,1,0,0,1,1,0,1,1,1,0,1,1,0,0,1,1,0,1,1,0,0,1,0,0,0,0,0,0,0,0,0,0,0,0,0,0,0,1,1,0,0,0,1,0,0,0,0,1,0,1,1,0,0,1,1,0,1,1,0,1,1,1,1,0,1
roflumilast,C17H14Cl2F2N2O3,403.2,C1CC1COC2=C(C=CC(=C2)C(=O)NC3=C(C=NC=C3Cl)Cl)OC(F)F,4.6,60.5,475,1,6,7,26,0,402.034954,403.212,5.030900000000003,60.45,1,4,7,3,2,1,1,0,1,0,0,0,1,1,0,1,0,0,0,1,0,0,0,0,1,0,0,0,0,1,0,1,0,0,1,1,0,0,1,0,0,0,0,0,1,0,1,0,0,1,1,0,0,1,1,1,0,0,1,0,1,0,0,0,0,0,0,0,0,0,0,1,1,1,0,0,0,0,0,0,0,0,0,0,1,1,1,0,1,0,0,1,0,0,0,0,1,0,1,1,0,0,0,0,0,1,0,1,0,0,1,0,1,0,0,1,0,1,1,0,0,1,0,0,0,0,0,1,1,0,1,0,1
hemin,C34H32ClFeN4O4,651.9,CC1=C(C2=CC3=C(C(=C([N-]3)C=C4C(=C(C(=N4)C=C5C(=C(C(=N5)C=C1[N-]2)C)C=C)C)C=C)C)CCC(=O)O)CCC(=O)O.[Cl-].[Fe+3],,102.0,1010,2,9,8,44,0,651.146144,651.9520000000003,3.4591400000000023,128.58,2,4,8,5,3,0,0,0,0,1,1,0,1,1,0,1,0,0,0,0,1,0,0,0,1,0,0,1,0,0,1,0,0,1,0,0,0,0,1,0,0,0,0,0,1,0,0,0,0,0,0,1,0,0,0,0,0,0,0,1,0,0,0,1,0,0,0,0,1,0,0,0,0,0,1,0,0,0,1,1,0,1,0,0,1,1,1,0,0,1,0,1,0,0,1,0,1,0,0,0,1,0,0,0,1,1,0,1,0,0,1,1,1,0,1,0,0,0,0,1,0,0,0,0,0,0,0,1,0,1,1,0,1
FK463,C56H70N9NaO23S,1292.3,CCCCCOC1=CC=C(C=C1)C2=CC(=NO2)C3=CC=C(C=C3)C(=O)NC4CC(C(NC(=O)C5C(C(CN5C(=O)C(NC(=O)C(NC(=O)C6CC(CN6C(=O)C(NC4=O)C(C)O)O)C(C(C7=CC(=C(C=C7)O)OS(=O)(=O)[O-])O)O)C(CC(=O)N)O)C)O)O)O.[Na+],,521.0,2580,15,24,18,90,0,1291.42029497,1292.2730000000004,-7.240600000000012,512.97,15,24,18,7,4,1,1,1,1,1,1,1,1,1,1,1,0,1,1,0,0,1,0,0,1,0,0,0,1,0,0,1,1,0,1,1,0,1,1,0,1,1,0,1,1,1,0,1,0,1,1,0,1,0,0,1,1,1,0,1,1,0,1,1,1,1,1,0,0,0,1,1,1,1,0,0,1,1,0,0,1,0,0,1,1,1,1,0,1,1,1,1,0,0,1,1,0,1,0,1,1,1,1,1,1,1,1,1,0,0,1,1,1,1,1,0,0,0,0,0,0,0,0,0,1,1,1,1,1,0,1,1,0
maraviroc,C29H41F2N5O,513.7,CC1=NN=C(N1C2CC3CCC(C2)N3CCC(C4=CC=CC=C4)NC(=O)C5CCC(CC5)(F)F)C(C)C,5.1,63.1,751,1,6,8,37,0,513.32791727,513.6770000000002,5.950920000000006,63.050000000000004,1,4,8,5,2,1,1,1,0,0,1,0,1,1,0,1,0,1,1,0,0,0,0,1,0,0,1,1,0,0,0,0,1,0,0,1,0,1,1,1,1,1,0,0,1,0,0,0,1,0,1,0,1,0,1,0,0,0,0,0,0,0,1,1,0,0,0,0,0,1,0,0,0,0,0,1,0,0,0,0,0,1,0,1,1,1,1,1,0,0,1,1,0,0,0,0,0,0,0,0,0,0,1,0,1,1,0,0,1,0,0,0,0,0,0,0,0,0,1,0,0,1,1,1,0,1,1,1,1,0,1,0,0
efinaconazole,C18H22F2N4O,348.4,CC(C(CN1C=NC=N1)(C2=C(C=C(C=C2)F)F)O)N3CCC(=C)CC3,2.0,54.2,470,1,6,5,25,0,348.17616766,348.3970000000002,2.4846000000000004,54.18,1,4,5,3,2,1,1,1,0,0,0,1,0,1,0,1,1,0,0,0,0,0,0,0,1,0,0,0,0,0,0,1,1,0,1,1,1,0,1,0,1,1,1,1,1,1,0,0,1,0,0,0,0,1,1,0,1,0,0,0,0,0,0,0,1,0,0,0,0,0,0,0,1,0,0,0,0,1,0,1,0,0,1,0,1,1,1,1,0,0,0,1,0,0,1,0,0,0,0,0,0,0,0,0,0,1,0,0,0,0,1,0,1,0,0,0,1,0,1,1,0,1,0,0,0,0,0,1,0,0,0,0,0
nilotinib,C28H22F3N7O,529.5,CC1=C(C=C(C=C1)C(=O)NC2=CC(=CC(=C2)C(F)(F)F)N3C=C(N=C3)C)NC4=NC=CC(=N4)C5=CN=CC=C5,4.9,97.6,817,2,9,6,39,0,529.18379284,529.5260000000002,6.355840000000004,97.62,2,6,6,5,5,1,1,0,1,0,0,1,0,1,1,1,0,0,0,1,1,0,0,1,1,0,0,0,0,1,0,0,1,0,0,0,0,0,1,0,0,1,1,0,1,0,1,0,1,1,1,1,0,0,0,1,0,0,1,0,0,0,0,1,1,0,1,0,1,1,1,0,1,0,0,0,0,1,0,1,0,0,0,0,0,1,1,0,1,1,0,1,0,0,0,1,1,0,0,1,0,1,0,0,0,1,0,1,0,0,1,0,1,1,0,0,1,0,0,1,0,1,0,0,0,0,0,1,0,0,1,1,1
silodosin,C25H32F3N3O4,495.5,CC(CC1=CC2=C(C(=C1)C(=O)N)N(CC2)CCCO)NCCOC3=CC=CC=C3OCC(F)(F)F,3.6,97.1,654,3,9,13,35,0,495.234491,495.54200000000014,3.0711000000000013,97.05000000000001,3,6,13,3,2,1,1,1,1,0,0,0,0,1,1,1,0,1,1,1,0,0,0,1,1,0,0,0,0,0,0,0,1,0,0,1,0,0,1,0,0,0,0,0,1,0,1,0,0,1,1,0,1,0,0,1,0,0,1,0,1,0,0,0,0,0,0,0,0,1,1,0,0,1,0,0,1,1,0,1,0,1,1,0,1,1,1,0,0,1,1,1,0,0,1,1,0,0,0,1,0,1,1,1,0,1,0,0,1,0,0,1,1,0,1,1,0,1,0,1,0,0,0,0,1,0,1,0,0,0,1,0,0
TMC207,C32H31BrN2O2,555.5,CN(C)CCC(C1=CC=CC2=CC=CC=C21)(C(C3=CC=CC=C3)C4=C(N=C5C=CC(=CC5=C4)Br)OC)O,7.2,45.6,715,1,4,8,37,0,554.15689,555.5160000000002,7.130500000000007,45.59,1,4,8,5,5,1,1,0,1,0,1,0,0,0,1,0,1,1,1,0,1,0,1,0,1,1,0,0,0,0,0,1,1,1,1,0,1,0,1,0,1,0,1,0,1,0,0,0,0,0,1,0,1,0,0,1,1,0,1,0,1,0,0,1,0,1,0,0,1,1,1,0,0,0,0,0,0,0,1,0,0,0,1,0,0,1,1,0,0,0,1,1,0,1,0,0,0,1,1,0,1,0,0,0,0,1,0,0,0,0,0,0,1,0,1,0,0,0,1,1,0,1,0,0,0,0,0,1,0,0,0,1,0
propylthiouracil,C7H10N2OS,170.23,CCCC1=CC(=O)NC(=S)N1,0.8,73.2,222,2,2,2,11,0,170.05138412,170.237,1.38499,48.65,2,2,2,1,1,0,0,0,0,1,0,0,0,0,0,1,0,0,0,0,0,0,0,0,0,0,0,0,0,0,0,1,0,0,0,0,0,0,1,0,0,0,0,1,1,0,0,0,0,0,1,0,0,0,0,0,0,0,1,0,0,0,0,1,0,1,0,1,0,0,0,0,0,0,0,0,0,0,0,0,0,0,1,0,1,1,1,0,0,0,0,0,0,0,0,1,1,0,0,0,0,0,1,0,0,1,0,0,1,0,0,0,1,0,0,0,0,0,0,0,0,0,0,0,0,0,0,0,0,1,0,0,0
6-mercaptopurine,C5H4N4S,152.18,C1=NC2=C(N1)C(=S)N=CN2,0.0,85.2,190,2,2,0,10,0,152.01566732,152.18200000000002,1.0154899999999998,57.36,2,3,0,2,2,1,0,0,0,0,0,0,0,0,0,0,1,0,0,0,0,0,0,0,0,0,0,0,0,0,0,0,0,0,0,0,0,0,0,0,0,0,0,1,1,0,0,1,0,1,0,1,0,0,0,0,0,0,1,0,0,0,0,0,0,1,0,0,0,0,0,1,0,0,0,0,0,0,1,0,0,0,0,0,0,0,1,0,0,0,0,0,0,0,0,1,0,1,0,0,0,0,1,0,0,1,1,0,0,0,0,0,0,0,0,0,0,0,0,0,0,0,0,0,0,0,0,1,0,0,0,0,0
methimazole,C4H6N2S,114.17,CN1C=CNC1=S,-0.3,47.4,119,1,1,0,7,0,114.02516937,114.173,1.08269,20.72,1,1,0,1,1,0,1,0,0,0,0,0,0,1,1,0,0,0,0,0,0,0,0,0,0,0,0,0,0,0,0,0,0,0,0,0,0,0,1,0,0,1,0,1,1,0,0,0,0,0,0,0,0,0,0,0,0,0,1,0,1,0,0,0,0,0,0,0,0,0,0,0,0,0,0,0,0,0,0,0,0,0,1,0,0,0,1,0,0,0,0,0,1,0,0,1,0,0,0,0,0,0,1,1,0,1,0,0,0,0,0,0,0,0,0,0,0,0,0,0,0,0,1,0,0,0,1,0,0,0,0,0,0
6-thioguanine,C5H5N5S,167.19,C1=NC2=C(N1)C(=S)N=C(N2)N,-0.1,111.0,225,3,2,0,11,0,167.02656635,167.197,0.5976899999999998,83.38,3,4,0,2,2,1,0,0,0,0,0,0,0,0,0,0,1,0,0,0,0,0,0,0,1,0,0,0,0,0,0,0,0,1,0,0,0,0,0,0,0,1,0,1,0,0,0,0,0,1,0,0,0,0,1,0,0,0,1,0,0,0,1,0,0,1,0,0,1,0,0,1,0,0,0,0,0,0,1,0,0,0,0,1,0,0,1,0,0,0,0,0,0,0,0,1,0,1,0,0,0,0,1,0,0,1,1,0,0,0,0,0,0,1,0,0,0,0,0,0,0,0,0,0,0,0,0,1,0,0,0,0,0
ethionamide,C8H10N2S,166.25,CCC1=NC=CC(=C1)C(=S)N,1.1,71.0,147,1,2,2,11,0,166.0564695,166.24899999999997,1.2782,38.91,1,2,2,1,1,0,1,0,0,0,1,0,1,0,0,0,0,1,0,0,0,0,0,0,1,0,1,0,0,0,0,0,0,0,0,0,0,0,1,0,0,0,0,1,1,1,0,0,0,1,0,0,0,0,1,0,0,0,0,0,0,0,0,0,0,0,0,0,0,0,0,0,0,0,0,0,0,0,0,1,0,1,0,0,0,1,1,0,0,1,0,1,0,0,0,0,0,0,0,0,0,0,1,0,0,1,0,0,0,0,1,0,1,0,0,1,1,0,1,0,0,0,0,0,0,0,0,1,0,0,0,0,0
rilpivirine,C22H18N6,366.4,CC1=CC(=CC(=C1NC2=NC(=NC=C2)NC3=CC=C(C=C3)C#N)C)C=CC#N,4.5,97.4,607,2,6,5,28,0,366.1592946,366.4280000000001,4.989100000000002,97.41999999999999,2,6,5,3,3,1,0,0,0,0,0,0,0,0,0,0,0,0,0,0,0,0,1,0,1,0,0,1,0,0,0,0,1,0,1,0,0,0,1,1,0,0,0,0,0,0,0,0,0,1,0,1,0,0,1,1,0,0,0,1,0,0,0,1,0,0,0,1,1,0,0,0,1,1,0,0,0,0,0,1,1,0,1,0,0,0,1,0,0,0,0,1,1,0,0,0,0,0,0,0,0,0,0,1,0,1,0,1,0,1,0,0,1,0,0,0,1,1,1,0,0,1,0,0,1,0,0,1,0,1,1,0,0
d-telaprevir,C36H53N7O6,680.9,CCCC(C(=O)C(=O)NC1CC1)NC(=O)C2C3CCCC3CN2C(=O)C(C(C)(C)C)NC(=O)C(C4CCCCC4)NC(=O)C5=NC=CN=C5,4.2,180.0,1240,4,8,14,49,0,680.41200918,679.8629999999999,2.4459000000000026,179.56,4,8,13,5,1,1,1,1,1,1,0,0,0,1,1,1,1,0,0,0,0,0,1,1,0,1,0,0,0,0,0,1,0,0,0,1,0,1,1,0,0,0,0,1,1,1,1,0,0,1,1,1,1,0,1,1,1,0,0,1,0,1,0,1,0,0,1,1,0,0,0,0,1,0,1,0,0,0,1,1,0,0,0,0,1,1,1,1,0,0,0,0,1,0,0,0,0,0,0,0,0,1,1,1,1,1,1,1,1,0,0,0,0,1,1,1,0,0,0,1,0,0,1,0,1,0,0,1,1,0,1,0,1
fospropofol,C13H21O5P,288.28,CC(C)C1=C(C(=CC=C1)C(C)C)OCOP(=O)(O)O,2.5,76.0,296,2,5,6,19,0,288.11266076,288.2799999999999,3.379000000000003,75.99000000000001,2,3,6,1,1,0,1,0,0,0,0,0,0,0,0,1,0,0,0,0,1,0,0,0,0,0,0,0,0,0,0,0,1,0,0,0,0,0,1,0,1,1,0,0,1,0,0,0,0,1,0,1,0,0,0,0,0,1,0,0,1,0,0,0,0,0,0,0,0,1,0,1,0,0,1,0,0,0,0,0,0,0,1,0,0,1,1,0,0,1,0,1,0,0,0,0,0,0,0,1,0,0,0,0,0,1,0,1,0,0,0,0,0,0,1,0,0,0,0,0,0,0,0,1,0,0,1,0,0,0,0,0,0
prucalopride,C18H26ClN3O3,367.9,COCCCN1CCC(CC1)NC(=O)C2=CC(=C(C3=C2OCC3)N)Cl,2.0,76.8,445,2,5,6,25,0,367.1662694,367.8770000000002,2.0878,76.82,2,5,6,3,1,1,0,0,1,0,0,0,0,0,0,1,0,0,1,1,0,1,0,0,1,1,1,0,0,0,0,0,1,0,0,1,0,0,1,0,0,0,0,0,1,1,0,0,0,0,1,0,0,1,1,0,0,0,0,1,1,0,1,0,0,0,1,0,0,0,1,0,0,0,0,0,1,1,1,1,0,0,0,0,0,1,1,0,0,0,0,1,0,0,0,0,0,0,0,0,0,1,0,1,0,1,0,1,0,0,1,0,1,0,1,1,0,0,0,0,0,0,0,0,1,0,1,0,1,0,1,1,1
pimecrolimus,C43H68ClNO11,810.4,CCC1C=C(CC(CC(C2C(CC(C(O2)(C(=O)C(=O)N3CCCCC3C(=O)OC(C(C(CC1=O)O)C)C(=CC4CCC(C(C4)OC)Cl)C)O)C)OC)OC)C)C,3.8,158.0,1440,2,11,6,56,0,809.4480897,810.4660000000001,5.719400000000006,158.13,2,11,6,4,0,0,1,1,0,1,0,0,1,0,0,1,0,1,0,0,1,1,0,1,1,0,0,1,1,0,0,0,0,0,1,1,0,1,1,0,1,1,0,1,1,1,1,0,0,1,1,1,0,0,1,0,0,1,1,1,1,0,1,1,1,0,0,0,1,1,0,1,0,0,0,1,0,1,1,0,0,0,0,1,1,1,1,0,0,0,0,0,0,0,0,0,0,0,1,1,0,0,0,0,1,1,0,1,1,1,1,1,0,1,0,1,1,1,0,1,0,0,0,0,0,1,1,1,1,1,1,0,0
dasatinib,C22H26ClN7O2S,488.0,CC1=C(C(=CC=C1)Cl)NC(=O)C2=CN=C(S2)NC3=CC(=NC(=N3)C)N4CCN(CC4)CCO,3.6,135.0,642,3,9,7,33,0,487.155722,488.01700000000034,3.313540000000002,106.50999999999999,3,9,7,4,3,1,1,0,0,0,0,0,0,0,0,1,0,0,0,0,1,0,0,0,1,0,0,0,1,1,0,0,0,0,1,1,0,0,1,1,1,0,0,0,1,0,0,0,0,1,0,0,0,0,1,0,0,0,0,0,0,1,1,1,0,0,0,1,1,1,1,0,0,1,0,0,0,1,0,1,1,0,1,1,1,1,1,1,0,0,0,1,0,0,1,0,0,0,1,1,0,0,0,0,0,1,0,1,0,1,0,0,1,0,0,1,1,0,0,0,0,0,1,1,0,0,1,1,0,0,1,0,1
Estrofem,C36H48O5,560.8,CC12CCC3C(C1CCC2O)CCC4=C3C=CC(=C4)O.CC12CCC3C(C1CC(C2O)O)CCC4=C3C=CC(=C4)O,,101.0,793,5,5,0,41,0,560.35017463,560.7750000000004,6.189200000000009,101.15,5,5,0,8,2,0,0,0,1,0,0,0,1,0,0,1,0,1,0,0,1,0,0,1,0,0,1,0,0,1,0,0,0,0,0,1,1,0,1,0,0,1,0,0,1,0,0,0,0,0,1,0,0,0,1,1,0,0,0,0,1,0,0,0,0,0,0,0,0,0,0,1,0,0,1,0,1,0,1,1,0,0,0,0,0,0,1,0,0,1,0,1,0,1,0,0,0,0,0,0,0,0,0,0,0,1,0,0,1,0,1,0,1,0,0,1,0,0,0,1,0,0,0,1,1,1,0,1,1,1,1,0,0
vandetanib,C22H24BrFN4O2,475.4,CN1CCC(CC1)COC2=C(C=C3C(=C2)N=CN=C3NC4=C(C=C(C=C4)Br)F)OC,4.9,59.5,539,1,7,6,30,0,474.10667,475.3620000000001,5.004200000000004,59.510000000000005,1,6,6,4,3,1,0,0,0,0,1,0,0,1,0,0,0,1,1,0,0,0,0,1,0,0,0,0,0,0,0,1,0,0,1,1,0,1,1,0,0,0,0,0,1,0,1,0,0,1,1,0,0,1,0,1,0,0,0,0,1,0,0,0,1,0,0,0,0,1,0,0,0,1,0,0,0,1,1,1,1,0,1,0,1,1,1,0,0,1,0,1,1,1,0,0,1,0,1,0,1,0,1,0,0,1,0,0,0,0,1,0,1,0,0,0,0,1,1,0,0,1,0,0,0,0,1,1,1,0,0,1,0
telavancin,C80H106Cl2N11O27P,1755.6,CCCCCCCCCCNCCNC1(CC(OC(C1O)C)OC2C(C(C(OC2OC3=C4C=C5C=C3OC6=C(C=C(C=C6)C(C(C(=O)NC(C(=O)NC5C(=O)NC7C8=CC(=C(C=C8)O)C9=C(C(=C(C=C9C(NC(=O)C(C(C1=CC(=C(O4)C=C1)Cl)O)NC7=O)C(=O)O)O)CNCP(=O)(O)O)O)CC(=O)N)NC(=O)C(CC(C)C)NC)O)Cl)CO)O)O)C,-2.1,598.0,3490,23,31,30,121,0,1753.6374295,1755.6580000000006,2.6922000000000095,598.09,23,28,30,12,5,1,1,0,1,1,1,0,0,0,1,1,1,1,0,1,1,1,1,1,1,1,0,1,1,0,1,1,1,0,1,1,1,0,1,1,0,1,0,1,1,1,0,1,1,1,1,1,1,0,1,0,1,1,1,0,1,1,1,1,1,1,1,1,1,1,0,1,1,0,1,0,1,1,1,1,0,1,1,1,1,1,1,1,1,0,1,1,1,0,1,1,0,0,1,1,0,1,1,1,1,1,1,1,1,1,1,1,1,1,0,1,0,0,1,1,1,0,0,0,1,0,0,1,1,1,1,0,1
axitinib,C22H18N4OS,386.5,CNC(=O)C1=CC=CC=C1SC2=CC3=C(C=C2)C(=NN3)C=CC4=CC=CC=N4,4.2,96.0,557,2,4,5,28,0,386.12013238,386.48,4.6391000000000036,70.67,2,4,5,4,4,1,1,0,1,0,0,0,0,0,1,1,0,0,0,0,0,0,0,0,1,0,0,1,0,0,0,0,0,0,0,0,0,0,1,1,0,0,0,0,1,1,1,0,1,1,1,1,1,0,0,0,0,0,0,1,0,1,0,0,0,0,1,0,0,1,0,1,1,1,1,0,1,0,0,1,0,0,1,0,0,0,1,0,1,1,1,1,0,1,1,1,0,0,0,0,0,1,0,0,0,1,0,1,1,0,0,0,1,0,0,0,0,0,0,0,0,1,1,0,1,0,1,1,0,0,1,1,0
sunitinib,C22H27FN4O2,398.5,CCN(CC)CCNC(=O)C1=C(NC(=C1C)C=C2C3=C(C=CC(=C3)F)NC2=O)C,2.6,77.2,636,3,4,7,29,0,398.21180428,398.48200000000014,3.3349400000000022,77.23,3,3,7,3,2,1,0,1,0,1,0,1,0,1,0,1,0,0,0,1,1,0,0,0,0,0,0,0,0,0,1,0,1,0,0,0,1,0,1,1,0,1,0,1,1,0,0,0,0,0,0,0,0,0,0,0,0,1,0,1,0,0,0,1,1,0,1,1,0,0,0,0,0,0,1,1,0,1,0,1,0,0,0,1,1,1,1,1,0,0,0,1,0,0,0,1,0,0,0,0,0,1,0,0,0,1,0,1,0,0,0,0,1,1,0,0,0,1,1,0,0,0,0,0,0,0,1,0,1,1,1,0,0
sitagliptin,C16H15F6N5O,407.31,C1CN2C(=NN=C2C(F)(F)F)CN1C(=O)CC(CC3=CC(=C(C=C3F)F)F)N,0.7,77.0,566,1,10,4,28,0,407.11807909,407.3180000000001,2.0165,77.04,1,4,4,3,2,0,1,0,1,1,1,0,0,1,1,1,0,1,0,1,0,0,0,1,1,0,0,0,1,0,1,1,0,0,0,1,0,0,0,0,0,0,1,0,1,0,1,0,0,0,1,0,0,1,0,0,0,0,1,1,0,1,0,0,1,0,0,0,0,0,0,0,0,0,1,0,0,1,0,0,0,0,0,0,1,1,1,1,0,0,0,0,0,1,1,0,1,0,0,0,0,0,0,0,1,1,0,0,0,0,0,0,1,1,0,0,0,0,1,1,0,1,0,1,0,0,0,1,0,1,1,0,0
2-hydroxysuccinaldehyde,C4H6O3,102.09,C(C=O)C(C=O)O,-1.5,54.4,69,1,3,3,7,0,102.031694049,102.08899999999998,-0.8648,54.370000000000005,1,3,3,0,0,0,1,0,0,0,1,0,0,0,0,1,0,0,0,0,0,0,0,0,0,0,0,0,0,0,0,0,0,1,0,0,0,0,0,0,0,0,0,0,1,0,1,0,0,0,0,0,0,0,0,0,0,0,0,1,0,0,0,0,0,0,0,0,0,0,0,0,0,0,0,0,0,0,0,0,0,1,0,0,0,1,0,0,0,0,0,0,0,0,0,0,0,0,0,0,0,0,0,0,1,0,0,0,0,1,0,0,0,1,0,0,0,0,0,0,0,0,0,0,0,0,0,0,0,1,1,0,0
doxercalciferol,C28H44O2,412.6,CC(C)C(C)C=CC(C)C1CCC2C1(CCCC2=CC=C3CC(CC(C3=C)O)O)C,6.3,40.5,712,2,2,5,30,0,412.334130642,412.65800000000013,6.6118000000000094,40.46,2,2,5,3,0,0,1,0,0,1,1,0,0,1,1,1,1,1,0,0,0,0,0,0,0,0,0,0,0,0,1,0,1,0,0,1,0,0,1,0,1,1,1,1,1,0,1,0,0,0,1,0,1,0,0,0,0,0,0,1,0,1,0,0,0,1,0,0,0,1,0,1,0,0,1,0,0,0,0,1,0,0,0,1,0,1,0,1,0,0,0,1,0,1,0,0,0,1,0,1,0,0,1,1,0,1,0,0,1,0,1,0,0,0,1,0,0,0,0,0,1,0,0,1,0,1,0,1,1,0,0,0,0
hydroxocobalamin,C62H89CoN13O15P,1346.4,CC1=CC2=C(C=C1C)N(C=N2)C3C(C(C(O3)CO)OP(=O)([O-])OC(C)CNC(=O)CCC4(C(C5C6(C(C(C(=N6)C(=C7C(C(C(=N7)C=C8C(C(C(=N8)C(=C4[N-]5)C)CCC(=O)N)(C)C)CCC(=O)N)(C)CC(=O)N)C)CCC(=O)N)(C)CC(=O)N)C)CC(=O)N)C)O.[OH-].[Co+3],,453.0,3140,10,20,26,92,0,1345.567065,1346.3769999999993,3.1360400000000115,494.91999999999996,9,19,26,8,2,1,1,1,1,1,1,0,0,1,1,1,0,1,0,0,0,1,1,0,1,1,0,1,0,1,0,0,1,1,1,1,1,1,1,1,1,1,0,0,1,0,1,0,1,1,1,0,0,1,0,1,1,0,1,0,1,0,1,1,1,1,0,1,1,1,1,1,0,0,1,1,0,1,1,0,1,1,0,1,1,1,1,0,0,1,0,1,0,0,0,0,0,0,0,1,1,1,1,1,0,1,1,1,1,1,1,1,1,1,0,0,1,0,0,1,0,0,0,0,1,1,1,1,1,0,1,0,1
alclometasone,C22H29ClO5,408.9,CC1CC2C3C(CC4=CC(=O)C=CC4(C3C(CC2(C1(C(=O)CO)O)C)O)C)Cl,2.2,94.8,790,3,5,2,28,0,408.1703517,408.92200000000014,2.0209,94.83000000000001,3,5,2,4,0,1,0,1,0,0,0,0,1,0,0,1,0,1,1,0,0,0,0,1,1,1,0,0,0,0,0,0,0,1,1,1,0,0,1,0,1,1,0,0,1,1,0,0,0,0,0,1,0,0,0,1,0,0,0,0,0,0,0,1,0,0,0,0,0,0,0,1,0,0,0,0,1,0,1,0,1,1,1,1,0,1,1,0,0,1,0,1,0,0,0,0,0,0,0,1,1,0,0,1,0,1,1,0,1,0,1,1,0,0,0,0,0,1,1,0,0,0,1,0,0,1,0,1,1,1,1,0,0
entacapone,C14H15N3O5,305.29,CCN(CC)C(=O)C(=CC1=CC(=C(C(=C1)O)O)[N+](=O)[O-])C#N,2.1,130.0,500,2,6,4,22,0,305.10117059,305.2900000000001,1.7813799999999995,127.70000000000002,2,6,5,1,1,0,0,1,0,0,0,0,0,0,0,1,0,0,0,0,0,0,0,0,0,0,1,1,0,1,0,0,0,0,0,0,0,0,1,1,1,1,0,1,1,0,0,0,1,1,0,0,0,1,0,0,1,0,0,1,1,0,0,0,0,0,0,0,1,0,0,1,0,0,0,1,1,0,0,1,1,1,0,0,0,1,1,1,0,0,0,0,0,0,0,1,0,0,0,0,0,1,0,1,0,1,0,0,0,1,0,0,1,0,0,0,0,1,1,0,0,0,0,0,0,0,0,0,1,0,1,0,0
tolcapone,C14H11NO5,273.24,CC1=CC=C(C=C1)C(=O)C2=CC(=C(C(=C2)O)O)[N+](=O)[O-],3.3,103.0,372,2,5,2,20,0,273.06372245,273.244,2.545420000000002,100.67,2,5,3,2,2,1,0,0,0,0,0,0,0,0,1,1,0,0,0,0,0,0,0,0,0,0,0,0,0,1,0,0,0,0,0,0,1,0,1,0,0,0,0,0,1,0,0,0,1,0,0,0,0,1,0,0,0,0,0,0,1,0,0,1,0,0,0,0,0,0,0,1,0,0,0,1,1,0,0,1,1,1,0,0,0,0,1,0,0,0,0,1,0,0,0,0,0,0,0,0,0,0,0,1,0,1,0,0,0,0,1,0,1,0,0,0,1,0,1,0,0,0,0,0,0,0,0,0,0,0,1,0,0
warfarin,C19H16O4,308.3,CC(=O)CC(C1=CC=CC=C1)C2=C(C3=CC=CC=C3OC2=O)O,2.7,63.6,501,1,4,4,23,0,308.10485899,308.333,3.6096000000000035,67.51,1,4,4,3,3,1,1,0,0,0,1,0,0,0,0,1,0,0,0,1,0,1,0,0,0,0,0,0,0,0,0,0,0,0,0,0,0,0,1,0,0,0,1,0,1,0,0,0,0,0,1,0,1,0,1,0,0,0,0,0,0,0,0,1,0,1,0,0,0,1,0,1,0,1,0,0,0,0,0,1,1,0,1,0,0,1,1,0,0,0,1,1,0,0,0,1,1,0,0,0,0,0,0,0,0,1,0,0,0,1,0,0,0,0,0,1,1,1,0,0,0,0,0,0,1,0,1,0,0,0,1,0,0
vildagliptin,C17H25N3O2,303.4,C1CC(N(C1)C(=O)CNC23CC4CC(C2)CC(C4)(C3)O)C#N,0.9,76.4,523,2,4,3,22,0,303.19467705,303.406,1.1742799999999995,76.36000000000001,2,4,3,5,0,1,0,1,0,1,0,1,0,0,0,1,0,1,0,0,0,0,0,1,0,0,0,1,0,0,0,1,1,0,0,1,0,1,0,1,0,1,0,1,1,0,0,0,1,1,1,0,0,0,0,0,0,0,0,0,0,1,0,0,0,0,0,1,0,0,1,0,0,0,0,1,0,1,0,0,0,0,0,0,0,1,0,1,0,0,0,0,1,1,1,0,0,0,0,0,0,0,0,0,0,0,0,0,0,1,0,0,0,1,1,0,0,0,1,1,0,0,0,0,0,1,0,1,1,0,1,0,1
elvitegravir,C23H23ClFNO5,447.9,CC(C)C(CO)N1C=C(C(=O)C2=C1C=C(C(=C2)CC3=C(C(=CC=C3)Cl)F)OC)C(=O)O,5.3,87.1,701,2,7,7,31,0,447.1248787,447.8900000000001,4.281000000000003,88.76,2,4,7,3,3,1,1,0,0,1,1,0,1,1,1,1,0,0,1,0,1,1,0,0,1,0,0,1,1,0,0,0,1,0,0,0,1,0,1,0,1,0,1,0,1,0,0,1,1,0,1,0,0,0,1,1,0,0,0,0,1,0,0,1,1,0,1,0,0,1,1,0,0,0,1,0,1,1,1,0,0,0,1,1,0,1,1,0,0,0,0,1,0,0,0,0,0,0,0,1,0,0,0,1,0,1,0,0,0,0,0,0,1,1,1,1,0,0,0,0,0,0,0,0,0,0,1,0,0,0,1,0,1
dacarbazine,C6H10N6O,182.18,CN(C)N=NC1=C(NC=N1)C(=O)N,-0.6,99.7,215,2,5,3,13,0,182.09160896,182.18699999999995,0.06890000000000013,99.73,2,4,3,1,1,0,0,1,0,0,0,0,0,0,0,1,1,1,0,0,0,0,0,0,1,1,0,0,0,0,0,0,0,0,0,0,0,0,1,0,1,1,0,1,1,0,0,1,0,1,0,0,0,0,0,0,1,0,1,0,0,0,0,0,0,0,0,0,0,0,0,1,0,0,0,0,0,0,1,0,1,0,0,0,0,0,1,0,0,0,1,1,0,0,0,1,0,0,0,0,0,0,1,0,0,1,0,1,0,0,0,0,0,1,0,0,0,0,1,0,0,0,0,0,0,0,0,1,0,0,1,0,0
acipimox,C6H6N2O3,154.12,CC1=CN=C(C=[N+]1[O-])C(=O)O,-1.0,75.7,162,1,4,1,11,0,154.03784206,154.125,-0.2783800000000001,77.13,1,3,1,1,1,0,0,0,0,0,1,0,0,0,0,1,0,0,0,0,0,0,0,0,0,1,0,0,0,0,0,0,0,0,0,0,0,0,1,1,0,0,0,0,1,0,0,0,0,1,0,0,0,0,1,0,0,0,1,0,0,0,0,1,0,0,1,0,0,0,0,0,0,0,0,0,0,1,0,0,1,0,1,0,1,0,1,0,0,0,0,0,1,0,0,0,0,0,0,1,0,0,0,0,0,1,0,0,1,0,0,0,0,0,0,0,0,0,0,0,0,0,0,0,1,0,1,1,0,0,1,0,1
halobetasol,C22H27ClF2O4,428.9,CC1CC2C3CC(C4=CC(=O)C=CC4(C3(C(CC2(C1(C(=O)CCl)O)C)O)F)C)F,2.7,74.6,843,2,6,2,29,0,428.1565934,428.90300000000013,3.090200000000002,74.60000000000001,2,4,2,4,0,0,0,1,0,0,0,0,1,1,0,1,0,1,1,0,1,0,0,0,1,1,0,1,0,0,0,0,1,1,1,1,0,1,1,0,1,1,0,0,1,1,0,1,0,0,0,0,0,1,0,1,0,0,0,0,1,0,0,1,0,0,0,0,0,0,0,0,1,1,0,0,1,0,1,0,0,0,1,0,0,1,1,0,0,1,1,0,0,0,0,0,0,0,0,0,0,0,0,0,0,1,1,0,0,0,1,1,0,1,0,1,0,0,1,0,0,0,1,0,0,1,0,1,1,1,1,0,1
bosutinib,C26H29Cl2N5O3,530.4,CN1CCN(CC1)CCCOC2=C(C=C3C(=C2)N=CC(=C3NC4=CC(=C(C=C4Cl)Cl)OC)C#N)OC,5.4,82.9,734,1,8,9,36,0,529.1647452,530.4560000000001,5.190380000000005,82.88000000000001,1,8,9,4,3,1,0,0,0,0,0,0,0,0,1,0,0,1,1,1,0,0,1,0,1,0,0,1,0,0,0,0,0,0,0,1,0,0,1,1,0,0,1,0,1,1,0,0,0,1,0,0,0,1,1,1,0,0,0,0,1,0,0,0,0,0,1,0,0,0,0,0,0,0,0,1,0,1,1,1,0,0,1,1,1,1,1,1,0,1,0,1,0,0,0,1,0,0,1,0,0,0,0,0,0,1,0,0,0,1,1,0,1,0,0,1,0,1,0,0,0,0,0,0,1,1,1,1,0,0,1,0,1
pralidoxime,C7H9N2O+,137.16,C[N+]1=CC=CC=C1C=NO,1.0,36.5,125,1,2,1,10,1,137.071487915,137.162,0.3191999999999999,36.47,1,2,1,1,1,0,0,0,0,0,0,0,0,0,0,0,0,1,0,0,0,0,0,0,0,1,0,0,0,0,0,0,0,0,0,0,0,0,1,1,0,0,0,0,1,1,0,0,0,0,0,0,1,0,0,0,0,0,0,1,0,0,0,0,0,0,0,0,0,1,0,0,0,0,0,0,0,0,0,0,0,0,0,0,1,0,1,1,0,0,1,1,1,0,0,0,0,0,0,0,0,1,1,0,0,1,0,0,0,0,0,0,1,1,0,0,0,0,0,0,0,0,0,0,0,0,0,0,1,0,0,0,0
sulfasalazine,C18H14N4O5S,398.4,C1=CC=NC(=C1)NS(=O)(=O)C2=CC=C(C=C2)N=NC3=CC(=C(C=C3)O)C(=O)O,-0.7,150.0,657,3,9,6,28,0,398.06849073,398.40000000000015,3.701600000000002,141.31,3,7,6,3,3,1,0,0,1,1,1,0,0,0,0,1,1,0,0,0,0,1,0,0,0,0,0,0,1,0,0,0,0,0,0,0,0,0,0,1,1,0,0,0,1,0,0,0,0,1,0,0,1,0,0,0,0,0,0,0,0,0,1,0,1,0,1,1,1,1,0,1,1,1,0,0,1,1,0,1,1,0,0,0,0,0,1,0,0,0,1,1,0,0,0,0,0,0,0,1,0,0,1,0,0,1,0,0,0,0,0,0,1,0,0,0,0,0,0,0,1,0,0,1,0,0,0,1,0,0,1,0,0
rifabutin,C46H62N4O11,847.0,CC1C=CC=C(C(=O)NC2=C(C3=C(C4=C(C(=C3O)C)OC(C4=O)(OC=CC(C(C(C(C(C(C1O)C)O)C)OC(=O)C)C)OC)C)C5=NC6(CCN(CC6)CC(C)C)N=C25)O)C,5.6,209.0,1880,5,14,5,61,0,846.44150881,847.0189999999994,4.749420000000005,209.04,5,14,4,6,2,1,1,1,1,1,0,1,0,1,1,1,1,0,1,1,1,1,1,1,0,1,0,0,0,0,0,1,1,1,1,1,0,0,1,0,1,1,1,0,1,0,1,0,0,0,0,0,0,1,1,0,0,1,1,1,1,0,0,1,1,0,0,1,0,1,0,1,0,0,0,1,0,1,1,1,0,0,1,1,1,1,1,1,1,0,0,0,1,0,0,1,0,0,1,1,0,0,1,1,1,1,0,1,0,1,1,0,0,0,0,0,0,0,0,0,0,1,1,0,0,0,1,1,1,1,1,1,1
methylnaltrexone,C21H26NO4+,356.4,C[N+]1(CCC23C4C(=O)CCC2(C1CC5=C3C(=C(C=C5)O)O4)O)CC6CC6,1.6,66.8,664,2,4,2,26,1,356.18618331,356.4420000000001,1.6699999999999997,66.76,2,4,2,6,1,0,1,1,0,0,0,0,1,1,0,1,1,0,0,1,1,1,0,0,1,0,0,1,0,0,0,0,0,0,1,1,0,0,1,0,0,1,0,1,1,0,0,1,0,0,1,0,0,0,0,0,0,0,1,0,1,0,1,1,0,1,0,0,1,0,0,1,1,0,0,0,1,0,0,1,0,0,0,0,0,1,1,0,0,1,0,1,0,0,0,0,0,0,1,0,0,1,1,0,0,1,0,0,1,1,0,0,0,0,0,1,0,0,1,1,0,1,0,0,1,1,0,0,1,0,0,0,0
balsalazide,C17H15N3O6,357.32,C1=CC(=CC=C1C(=O)NCCC(=O)O)N=NC2=CC(=C(C=C2)O)C(=O)O,2.2,149.0,545,4,8,7,26,0,357.09608521,357.32200000000006,2.7103000000000006,148.65,4,6,7,2,2,1,1,0,0,0,1,0,1,1,1,1,0,0,0,0,0,1,0,0,0,0,0,0,1,0,0,0,1,1,0,0,0,0,1,1,1,0,0,0,1,0,0,0,0,0,0,0,1,0,0,0,0,0,0,0,0,0,1,0,1,0,1,1,0,0,0,1,1,0,1,0,1,1,1,1,0,0,0,0,0,1,1,0,0,0,1,1,0,0,0,0,0,0,0,0,0,0,0,0,0,1,0,1,0,0,1,0,1,0,0,0,0,0,0,0,0,0,0,0,0,0,0,0,0,0,1,0,0
rifampicin,C43H58N4O12,822.9,CC1C=CC=C(C(=O)NC2=C(C(=C3C(=C2O)C(=C(C4=C3C(=O)C(O4)(OC=CC(C(C(C(C(C(C1O)C)O)C)OC(=O)C)C)OC)C)C)O)O)C=NN5CCN(CC5)C)C,4.9,220.0,1620,6,15,5,59,0,822.4051233,822.9529999999996,4.3354200000000045,220.14999999999998,6,15,4,6,2,0,0,1,0,1,0,0,0,1,1,1,1,0,1,1,1,1,1,1,0,1,0,0,0,0,0,1,0,1,1,1,0,0,1,0,0,1,1,0,1,0,1,0,0,0,0,0,0,0,1,0,0,1,0,1,1,0,0,1,1,0,0,1,0,1,0,1,1,0,0,1,0,1,1,1,0,0,1,1,1,0,1,1,1,1,1,0,1,0,0,1,0,0,1,1,0,1,1,1,1,1,0,1,0,1,1,0,0,0,0,0,0,0,0,0,0,1,0,0,0,1,1,1,1,1,1,0,0
olsalazine,C14H10N2O6,302.24,C1=CC(=C(C=C1N=NC2=CC(=C(C=C2)O)C(=O)O)C(=O)O)O,3.1,140.0,415,4,8,4,22,0,302.05388604,302.242,2.909600000000002,139.78,4,6,4,2,2,0,0,0,0,0,1,0,0,0,0,1,0,0,0,0,0,1,0,0,0,0,0,0,1,0,0,0,0,0,0,0,0,0,0,1,1,0,0,0,1,0,0,0,0,0,0,0,0,0,0,0,0,0,0,0,0,0,1,0,1,0,1,1,0,0,0,1,1,0,0,0,1,1,0,1,0,0,0,0,0,0,1,0,0,0,1,1,0,0,0,0,0,0,0,0,0,0,0,0,0,1,0,0,0,0,0,0,1,0,0,0,0,0,0,0,0,0,0,0,0,0,0,0,0,0,1,0,0
ramiprilat,C21H28N2O5,388.5,CC(C(=O)N1C2CCCC2CC1C(=O)O)NC(CCC3=CC=CC=C3)C(=O)O,0.7,107.0,589,3,6,8,28,0,388.199822,388.4640000000001,1.9046999999999994,106.94000000000001,3,4,8,3,1,1,1,0,0,1,1,0,0,0,0,1,1,1,0,0,0,0,1,0,1,1,1,0,1,0,1,0,1,0,0,1,0,0,1,0,0,0,0,0,1,1,0,1,0,1,1,0,1,0,0,0,1,1,0,0,0,0,0,0,0,0,1,0,0,1,0,0,0,0,0,0,0,0,1,0,0,0,0,0,0,1,1,0,1,0,0,1,0,1,0,1,1,1,1,0,0,1,0,0,1,1,0,0,0,0,0,0,0,1,0,0,0,0,0,1,0,0,0,0,0,0,0,0,1,0,1,0,1
CGP,C7H10N2O2,154.17,C1CC2C(=O)NCC(=O)N2C1,-0.6,49.4,214,1,2,0,11,0,154.074227566,154.16899999999998,-0.8928000000000003,49.410000000000004,1,2,0,2,0,0,0,0,0,1,0,0,0,0,0,1,0,0,0,0,0,0,0,0,0,0,0,0,0,0,0,0,0,0,0,1,0,1,0,0,0,1,0,0,1,0,0,0,0,1,1,0,0,0,0,0,0,0,1,0,0,0,0,1,0,0,0,1,0,0,0,0,0,0,0,0,0,1,0,1,0,0,0,0,0,0,0,0,0,1,0,0,0,0,0,1,0,0,0,0,0,0,0,0,0,1,0,0,1,0,0,0,0,0,0,1,0,0,0,0,0,0,0,0,0,0,0,1,1,0,0,0,1
Mersyndol,C47H61N4O14P,937.0,CC(=O)NC1=CC=C(C=C1)O.CC(C1=CC=CC=C1)(C2=CC=CC=N2)OCCN(C)C.CN1CCC23C4C1CC5=C2C(=C(C=C5)OC)OC3C(C=C4)O.C(CC(=O)O)C(=O)O.OP(=O)(O)O,,269.0,1070,8,17,11,66,0,936.39218963,936.9930000000005,4.782200000000007,268.97999999999996,8,12,11,8,4,1,0,0,1,0,1,0,1,1,1,1,1,1,1,1,1,1,0,1,1,0,1,0,0,1,1,0,0,1,1,1,1,0,1,0,1,1,0,0,1,1,0,1,0,1,0,1,1,0,0,1,0,0,1,0,1,0,1,0,1,1,0,1,1,1,1,1,1,1,0,0,1,1,1,1,1,0,1,0,0,1,1,0,1,1,0,1,0,0,0,0,0,0,0,1,0,0,1,0,1,1,0,1,1,1,1,0,0,0,0,1,0,0,1,1,0,0,1,0,0,0,1,1,1,0,1,0,0
tegaserod,C16H23N5O,301.39,CCCCCN=C(N)NN=CC1=CNC2=C1C=C(C=C2)OC,2.6,87.8,385,3,3,8,22,0,301.19026037,301.39400000000006,2.6049000000000007,87.79,3,3,7,2,2,1,0,0,0,0,0,0,0,0,0,0,0,1,1,0,0,1,1,1,1,0,0,0,0,0,0,1,0,1,0,0,0,0,1,0,0,1,0,1,1,0,0,1,0,0,0,0,0,0,1,0,0,1,0,1,1,1,0,1,0,1,0,1,0,0,1,1,0,0,0,0,0,1,1,0,1,0,1,1,1,1,1,0,0,1,1,1,1,0,0,1,0,0,0,0,0,1,0,0,0,1,0,0,0,0,0,0,1,0,0,0,0,0,0,0,0,0,0,0,1,0,0,0,0,0,0,0,0
alvimopan,C25H32N2O4,424.5,CC1CN(CCC1(C)C2=CC(=CC=C2)O)CC(CC3=CC=CC=C3)C(=O)NCC(=O)O,1.7,89.9,606,3,5,8,31,0,424.23620751,424.54100000000017,3.051400000000001,89.87,3,4,8,3,2,1,1,1,0,1,1,1,0,0,0,1,0,0,0,0,1,0,0,0,0,0,1,0,0,0,0,0,0,0,1,1,0,1,1,0,0,1,0,0,1,0,0,1,0,1,0,0,1,1,0,0,0,0,0,0,0,0,0,0,0,0,1,0,0,1,1,1,0,0,1,0,0,1,1,0,0,0,0,0,1,1,1,0,1,0,1,1,0,0,1,1,0,1,0,0,0,0,0,1,1,1,0,1,0,0,1,1,1,0,0,0,0,0,0,0,0,0,0,0,0,1,0,1,1,1,1,0,1
deferasirox,C21H15N3O4,373.4,C1=CC=C(C(=C1)C2=NN(C(=N2)C3=CC=CC=C3O)C4=CC=C(C=C4)C(=O)O)O,3.8,108.0,540,3,6,4,28,0,373.10625597,373.3680000000001,3.7107000000000023,108.47,3,5,4,4,4,0,0,0,0,0,1,0,0,0,0,1,0,0,0,0,0,0,0,0,0,0,0,0,0,0,0,0,0,0,0,0,0,1,1,1,0,1,0,1,1,0,0,0,1,1,0,0,1,0,0,0,0,0,0,0,0,0,0,1,0,1,0,0,1,1,0,1,0,0,0,0,1,1,0,0,1,0,0,0,0,0,1,0,0,0,0,1,0,1,0,0,0,0,0,0,0,1,0,0,0,1,0,0,0,0,1,1,0,0,1,0,0,0,0,1,1,0,0,0,0,0,0,1,0,0,1,0,0
gadobutrol,C18H31GdN4O9,604.7,C1CN(CCN(CCN(CCN1CC(=O)[O-])CC(=O)[O-])C(CO)C(CO)O)CC(=O)[O-].[Gd+3],,194.0,532,3,13,7,32,0,605.13321,604.7150000000001,-7.82820000000001,194.04,3,13,10,1,0,0,1,0,0,0,0,0,0,0,0,1,0,0,0,0,0,1,1,0,0,0,1,0,0,1,1,0,0,0,0,1,0,1,0,0,0,0,0,0,1,0,0,0,0,0,0,0,0,0,0,0,1,0,0,0,0,0,0,0,0,0,0,0,1,0,0,0,0,0,0,0,1,1,0,1,1,0,0,0,0,1,0,0,0,0,0,0,0,0,0,0,1,0,0,1,0,0,0,1,1,0,0,0,1,0,0,0,0,0,0,0,0,0,1,0,0,0,0,0,0,1,1,0,0,0,1,0,1
rifapentine,C47H64N4O12,877.0,CC1C=CC=C(C(=O)NC2=C(C(=C3C(=C2O)C(=C(C4=C3C(=O)C(O4)(OC=CC(C(C(C(C(C(C1O)C)O)C)OC(=O)C)C)OC)C)C)O)O)C=NN5CCN(CC5)C6CCCC6)C,6.7,220.0,1730,6,15,6,63,0,876.45207349,877.0449999999994,5.648220000000007,220.14999999999998,6,15,5,7,2,0,0,1,0,1,0,0,0,1,1,1,1,0,1,1,1,1,1,1,0,1,0,0,0,0,0,1,0,1,1,1,0,0,1,0,0,1,1,0,1,0,1,0,0,0,1,1,0,0,1,0,0,1,0,1,1,1,0,1,1,0,0,1,0,1,0,1,1,0,0,1,0,1,1,1,0,0,1,1,1,0,1,1,1,0,1,0,1,0,0,1,0,0,1,1,0,1,1,1,1,1,0,1,0,1,1,0,0,0,0,0,0,0,0,0,0,1,0,1,0,1,1,1,1,1,1,0,0
radium,Ra,226.02541,[Ra],,0.0,0,0,0,0,1,0,226.02541,226.0,0.0,0.0,0,0,0,0,0,0,0,0,0,0,0,0,1,0,0,0,0,0,0,0,0,0,0,0,0,0,0,0,0,0,0,0,0,0,0,0,0,0,0,0,0,0,0,0,0,0,0,0,0,0,0,0,0,0,0,0,0,0,0,0,0,0,0,0,0,0,0,0,0,0,0,0,0,0,0,0,0,0,0,0,0,0,0,0,0,0,0,0,0,0,0,0,0,0,0,0,0,0,0,0,0,0,0,0,0,0,0,0,0,0,0,0,0,0,0,0,0,0,0,0,0,0,0,0,0,0,0,0,0,0,0,0,0
eribulin,C40H59NO11,729.9,CC1CC2CCC3C(=C)CC(O3)CCC45CC6C(O4)C7C(O6)C(O5)C8C(O7)CCC(O8)CC(=O)CC9C(CC(C1=C)O2)OC(C9OC)CC(CN)O,1.1,146.0,1380,2,12,4,52,0,729.4088117,729.9080000000001,3.4380000000000046,146.39000000000001,2,12,4,10,0,1,1,0,0,1,0,0,0,0,0,1,0,1,0,0,0,1,0,1,1,0,0,0,0,1,0,1,1,0,1,1,0,1,1,0,1,1,0,0,1,1,1,1,0,0,1,1,0,1,1,0,0,1,1,1,1,1,0,1,0,1,0,1,0,0,0,1,0,0,1,0,0,0,1,0,0,0,1,0,0,1,0,0,1,0,1,1,0,1,0,1,1,1,1,1,0,0,1,1,1,1,0,0,1,1,0,0,0,0,0,1,0,1,1,1,1,0,1,1,0,0,1,1,1,0,0,0,0
auranofin,C20H34AuO9PS,678.5,CCP(CC)CC.CC(=O)OCC1C(C(C(C(O1)[S-])OC(=O)C)OC(=O)C)OC(=O)C.[Au+],,115.0,532,0,10,12,32,0,678.132686,678.4910000000003,2.1419000000000006,114.43,0,10,8,1,0,0,1,0,1,0,0,0,0,0,1,1,1,0,0,0,0,1,0,0,1,0,0,0,0,0,1,1,0,0,1,1,0,0,1,1,1,0,0,1,1,0,0,0,0,0,1,0,1,0,0,0,0,1,0,0,1,0,0,1,0,1,0,0,0,0,0,0,1,0,0,0,0,0,0,0,0,0,0,1,0,1,0,0,0,0,0,0,0,0,0,0,0,1,0,0,0,0,0,1,0,0,0,1,0,0,0,0,0,0,0,0,0,1,0,0,0,0,0,0,0,0,1,0,1,0,1,1,0
cefdinir,C14H13N5O5S2,395.4,C=CC1=C(N2C(C(C2=O)NC(=O)C(=NO)C3=CSC(=N3)N)SC1)C(=O)O,0.0,212.0,739,4,10,5,26,0,395.03581088,395.42200000000014,-0.1717999999999998,158.20999999999998,4,9,5,3,1,1,0,1,1,0,1,0,0,0,0,1,1,0,1,0,0,0,0,0,1,0,0,1,0,1,0,0,0,1,0,1,1,0,1,0,1,0,0,0,1,1,0,0,0,1,0,1,0,0,1,0,0,0,0,1,0,1,0,1,0,0,0,0,1,0,0,0,0,0,0,0,0,1,0,0,0,0,0,0,0,0,1,0,0,0,1,1,1,0,0,0,1,0,0,0,0,0,0,0,1,1,1,1,0,0,1,0,1,0,1,0,0,1,1,0,0,0,0,0,0,0,1,1,1,0,1,0,1
hexaminolevulinate,C11H21NO3,215.29,CCCCCCOC(=O)CCC(=O)CN,1.1,69.4,192,1,4,10,15,0,215.15214353,215.29299999999995,1.4179,69.39,1,4,9,0,0,0,0,0,0,0,0,0,0,0,0,1,0,0,1,0,1,0,0,0,1,0,0,0,0,1,0,1,1,1,0,0,0,0,1,0,0,1,1,1,1,0,0,0,0,0,0,0,0,0,0,0,0,0,0,0,1,0,0,0,0,0,0,0,0,0,0,0,0,0,0,1,0,0,0,0,1,0,0,0,1,1,0,1,0,0,1,0,0,0,0,0,0,0,0,0,0,0,1,0,0,0,0,0,0,0,0,1,0,0,0,0,0,0,0,0,0,0,0,0,1,0,0,0,0,0,1,0,0
tapentadol,C14H23NO,221.34,CCC(C1=CC(=CC=C1)O)C(C)CN(C)C,3.5,23.5,193,1,2,5,16,0,221.177964357,221.34399999999997,3.0835000000000017,23.47,1,2,5,1,1,0,1,0,0,0,0,0,0,1,0,0,1,1,0,0,1,0,0,0,0,0,0,0,0,0,0,0,1,0,0,0,0,0,1,0,0,0,0,1,1,0,0,0,0,0,1,0,0,0,0,1,0,0,0,0,0,0,0,0,0,0,0,1,0,1,1,1,0,1,0,0,0,0,0,0,0,0,0,1,0,1,1,0,0,0,1,1,1,0,0,0,0,0,0,0,0,0,0,1,0,1,0,0,0,0,1,0,1,0,0,0,0,0,1,0,0,0,0,0,0,0,1,0,0,0,1,0,0
tafluprost,C25H34F2O5,452.5,CC(C)OC(=O)CCCC=CCC1C(CC(C1C=CC(COC2=CC=CC=C2)(F)F)O)O,4.5,76.0,613,2,7,13,32,0,452.2374305,452.5380000000001,4.683000000000006,75.99000000000001,2,5,12,2,1,1,1,0,0,0,1,0,1,1,0,1,0,1,0,0,0,0,1,0,1,1,0,0,0,0,0,1,1,1,0,1,0,0,1,0,0,0,0,0,1,0,0,0,0,1,1,0,1,0,0,1,0,0,0,1,1,0,0,1,0,0,0,0,0,1,0,1,0,1,1,0,0,0,1,0,0,1,0,0,0,1,1,0,0,0,0,1,0,0,0,0,1,0,0,0,0,0,0,1,0,1,0,1,1,0,1,1,0,0,1,1,0,0,0,1,0,1,0,0,1,0,0,0,1,0,1,0,1
indacaterol,C24H28N2O3,392.5,CCC1=C(C=C2CC(CC2=C1)NCC(C3=C4C=CC(=O)NC4=C(C=C3)O)O)CC,3.3,81.6,589,4,4,6,29,0,392.20999276,392.49900000000014,3.148900000000002,85.35000000000001,4,4,6,4,3,1,1,0,1,0,0,0,1,0,0,1,0,1,0,0,0,0,0,0,0,0,0,0,0,0,0,0,0,0,0,1,0,0,1,0,1,0,1,1,1,0,0,0,1,0,0,0,0,1,0,0,0,0,0,0,0,0,0,1,0,0,0,0,0,0,0,1,1,0,1,0,1,1,0,0,1,0,1,0,0,1,1,1,0,1,0,1,0,0,0,1,0,0,0,1,0,0,0,1,1,1,0,0,1,0,0,0,1,0,1,1,0,0,0,0,0,0,0,0,1,0,0,1,1,0,0,0,0
rivaroxaban,C19H18ClN3O5S,435.9,C1COCC(=O)N1C2=CC=C(C=C2)N3CC(OC3=O)CNC(=O)C4=CC=C(S4)Cl,2.5,116.0,645,1,6,5,29,0,435.0655696,435.8890000000001,2.5199,88.18,1,6,5,4,2,1,0,1,0,0,0,1,0,0,0,1,1,1,0,0,1,1,0,0,1,0,0,1,1,0,0,0,0,0,0,1,0,0,1,1,1,0,0,0,1,0,0,0,0,0,0,0,0,0,1,0,0,0,1,1,0,0,1,1,0,1,0,1,0,0,1,0,1,1,1,0,0,1,0,0,0,1,0,0,0,1,1,0,0,0,0,1,0,0,0,0,0,0,0,1,0,1,1,1,1,1,0,1,0,0,1,1,0,0,0,1,1,0,0,0,0,0,0,0,0,0,0,0,1,0,1,0,0
fidaxomicin,C52H74Cl2O18,1058.0,CCC1C=C(C(CC=CC=C(C(=O)OC(CC=C(C=C(C1OC2C(C(C(C(O2)(C)C)OC(=O)C(C)C)O)O)C)C)C(C)O)COC3C(C(C(C(O3)C)OC(=O)C4=C(C(=C(C(=C4O)Cl)O)Cl)CC)O)OC)O)C,6.4,267.0,1970,7,18,15,72,0,1056.4252209,1058.052,6.234400000000012,266.6599999999999,7,18,13,4,1,0,1,0,0,1,1,1,1,0,0,1,0,0,1,1,1,1,1,0,1,1,1,1,0,0,1,0,1,0,1,1,1,0,1,0,1,1,0,1,1,0,1,1,1,1,0,1,1,0,1,0,0,1,1,0,1,1,1,1,0,0,0,0,0,1,1,1,1,1,1,1,1,0,1,1,1,0,0,0,1,1,1,1,0,1,0,1,0,1,0,0,0,0,0,1,0,0,1,1,1,1,1,1,1,1,1,0,0,0,0,1,0,0,1,1,1,0,1,0,0,0,0,1,1,0,1,0,0
everolimus,C53H83NO14,958.2,CC1CCC2CC(C(=CC=CC=CC(CC(C(=O)C(C(C(=CC(C(=O)CC(OC(=O)C3CCCCN3C(=O)C(=O)C1(O2)O)C(C)CC4CCC(C(C4)OC)OCCO)C)C)O)OC)C)C)C)OC,5.9,205.0,1810,3,14,9,68,0,957.58135632,958.24,6.197200000000008,204.65999999999994,3,14,9,4,0,0,1,1,0,1,0,1,1,1,0,1,1,1,1,1,1,1,0,1,0,0,0,1,0,0,1,1,1,0,1,1,1,1,1,0,0,1,0,1,1,0,1,1,1,1,1,1,0,0,1,0,1,1,1,1,1,0,1,1,1,0,0,0,1,0,0,0,1,0,0,1,0,1,1,1,1,0,0,1,0,1,1,0,0,0,0,0,0,0,1,1,0,1,0,1,0,0,1,0,1,1,0,0,1,1,1,1,0,0,0,1,1,1,0,1,0,0,1,0,0,0,0,1,1,0,1,1,0
ixabepilone,C27H42N2O5S,506.7,CC1CCCC2(C(O2)CC(NC(=O)CC(C(C(=O)C(C1O)C)(C)C)O)C(=CC3=CSC(=N3)C)C)C,3.6,140.0,817,3,7,2,35,0,506.28144362,506.70900000000023,4.050520000000002,112.05,3,7,2,3,1,0,0,1,0,1,0,0,0,0,0,1,0,1,0,1,0,1,0,0,0,0,1,1,0,0,1,0,0,0,1,1,1,0,1,0,1,1,0,0,1,1,0,1,0,0,1,1,0,1,0,0,0,0,0,1,0,1,1,1,0,1,0,0,1,1,0,1,1,1,0,0,0,0,0,1,1,0,1,0,1,0,1,1,0,0,0,0,0,0,0,1,0,0,0,0,0,0,0,0,0,1,0,0,1,0,1,1,0,0,0,0,1,1,0,0,1,0,0,0,0,1,1,1,1,0,0,0,1
Locorten,C27H36F2O6,494.6,CC1CC2C3CC(C4=CC(=O)C=CC4(C3(C(CC2(C1(C(=O)COC(=O)C(C)(C)C)O)C)O)F)C)F,3.9,101.0,1030,2,8,5,35,0,494.24799519,494.5750000000003,3.4407000000000023,100.9,2,6,3,4,0,0,0,1,0,0,0,0,1,1,0,1,0,1,1,1,1,0,0,0,1,1,0,1,0,0,0,0,0,1,1,1,0,1,1,0,1,1,0,0,1,1,0,1,0,1,0,0,0,0,0,0,0,0,0,0,1,0,0,1,0,0,0,0,0,0,0,0,1,1,0,1,1,0,1,0,1,0,1,0,0,1,1,0,0,1,0,0,0,0,0,0,0,0,0,0,0,0,0,0,0,1,1,0,0,0,1,1,0,1,0,1,0,0,1,1,0,0,1,0,0,1,0,1,1,1,1,0,1
Sativex,C42H60O4,628.9,CCCCCC1=CC(=C(C(=C1)O)C2C=C(CCC2C(=C)C)C)O.CCCCCC1=CC(=C2C3C=C(CCC3C(OC2=C1)(C)C)C)O,,69.9,853,3,4,10,46,0,628.44916039,628.9380000000004,11.582299999999984,69.92,3,4,10,5,2,0,0,1,1,0,0,0,1,0,1,0,0,0,0,0,0,1,1,0,0,0,0,1,0,0,1,1,0,0,0,1,0,1,1,0,0,1,0,1,1,0,0,0,0,0,1,0,0,0,0,0,0,0,0,0,1,0,0,1,1,1,1,0,0,0,1,1,1,0,0,0,1,0,1,1,0,1,0,0,1,1,1,1,0,0,0,1,0,0,1,1,1,0,0,0,0,0,0,0,0,1,0,1,0,0,0,1,1,0,0,0,1,1,1,0,0,0,0,0,1,0,1,1,1,0,0,1,0
delamanid,C25H25F3N4O6,534.5,CC1(CN2C=C(N=C2O1)[N+](=O)[O-])COC3=CC=C(C=C3)N4CCC(CC4)OC5=CC=C(C=C5)OC(F)(F)F,5.6,104.0,795,0,11,7,38,0,534.17261902,534.4910000000003,4.967800000000005,101.12,0,8,8,5,3,1,1,1,0,0,0,0,0,1,0,1,1,1,0,0,0,1,1,0,0,0,0,0,1,0,0,0,0,0,0,1,0,0,1,0,0,1,0,0,1,0,1,0,1,1,1,0,1,0,0,0,0,0,0,0,1,0,0,0,1,0,1,0,1,0,1,1,0,1,0,1,0,1,0,0,1,0,1,1,1,1,1,0,0,0,0,1,0,0,0,1,0,0,0,1,0,0,0,1,0,1,0,1,0,0,1,0,0,0,1,1,0,1,1,1,0,0,0,0,1,1,0,1,1,0,1,0,0
iron,Fe,55.84,[Fe],,0.0,0,0,0,0,1,0,55.934936,55.845,-0.0025,0.0,0,0,0,0,0,0,0,0,0,0,0,0,0,0,0,0,0,0,1,0,0,0,0,0,0,0,0,0,0,0,0,0,0,0,0,0,0,0,0,0,0,0,0,0,0,0,0,0,0,0,0,0,0,0,0,0,0,0,0,0,0,0,0,0,0,0,0,0,0,0,0,0,0,0,0,0,0,0,0,0,0,0,0,0,0,0,0,0,0,0,0,0,0,0,0,0,0,0,0,0,0,0,0,0,0,0,0,0,0,0,0,0,0,0,0,0,0,0,0,0,0,0,0,0,0,0,0,0,0,0,0,0,0
leuprorelin,C59H84N16O12,1209.4,CCNC(=O)C1CCCN1C(=O)C(CCCN=C(N)N)NC(=O)C(CC(C)C)NC(=O)C(CC(C)C)NC(=O)C(CC2=CC=C(C=C2)O)NC(=O)C(CO)NC(=O)C(CC3=CNC4=CC=CC=C43)NC(=O)C(CC5=CN=CN5)NC(=O)C6CCC(=O)N6,0.7,432.0,2390,15,14,32,87,0,1208.64546218,1209.4210000000005,-1.438100000000009,431.53999999999985,15,14,32,6,4,1,1,0,0,1,0,1,0,1,0,1,0,1,0,0,0,1,1,0,1,0,1,1,1,1,1,0,1,0,0,1,1,0,1,0,0,0,1,1,1,1,0,0,0,0,1,0,1,0,1,1,0,0,0,1,1,0,0,1,0,1,1,1,0,1,1,1,1,0,1,0,1,1,1,1,0,0,1,0,1,1,1,1,0,1,1,1,1,1,1,1,0,0,0,1,1,1,0,1,1,1,0,0,1,1,1,1,0,1,0,0,0,1,1,1,0,0,1,0,1,0,0,1,1,1,1,0,1
vilazodone,C26H27N5O2,441.5,C1CN(CCN1CCCCC2=CNC3=C2C=C(C=C3)C#N)C4=CC5=C(C=C4)OC(=C5)C(=O)N,4.0,102.0,729,2,5,7,33,0,441.21647512,441.53500000000025,4.029580000000002,102.29,2,5,7,5,4,0,0,0,0,0,0,0,0,0,0,1,0,1,1,0,0,1,1,1,1,0,0,1,1,0,0,0,0,0,0,1,0,1,1,1,0,0,1,1,1,0,0,0,0,0,0,1,1,0,1,0,0,0,1,0,1,0,0,0,0,0,0,0,1,0,0,0,0,1,1,0,0,1,0,1,0,0,1,0,0,1,1,0,0,0,0,1,1,1,0,1,1,1,0,0,0,0,0,0,0,1,0,1,0,1,1,0,1,1,0,0,0,1,0,0,0,0,0,0,1,1,1,0,0,0,1,0,1
ceftobiprole,C20H22N8O6S2,534.6,C1CNCC1N2CCC(=CC3=C(N4C(C(C4=O)NC(=O)C(=NO)C5=NSC(=N5)N)SC3)C(=O)O)C2=O,-2.4,257.0,1100,5,13,6,36,0,534.1103728,534.5800000000003,-1.4421999999999957,203.44,5,12,6,5,1,1,0,1,1,0,1,1,0,0,1,1,1,0,1,1,0,0,1,0,1,0,0,0,0,1,1,0,1,1,0,1,0,0,1,1,1,0,1,0,1,1,0,0,0,1,1,1,0,1,1,0,0,0,1,1,0,1,0,1,1,0,0,0,1,0,0,0,1,0,0,0,0,1,0,1,0,0,0,0,0,1,0,0,1,0,1,1,1,0,0,1,1,0,0,0,0,0,0,0,0,1,0,1,0,0,1,0,1,0,0,1,1,1,1,0,0,0,1,1,0,0,0,1,1,1,1,0,1
prasugrel,C20H20FNO3S,373.4,CC(=O)OC1=CC2=C(S1)CCN(C2)C(C3=CC=CC=C3F)C(=O)C4CC4,3.6,74.9,555,0,6,6,26,0,373.11479284,373.4490000000001,3.8910000000000036,46.61,0,5,5,4,2,0,1,1,0,0,0,0,0,1,0,1,1,0,0,0,0,0,0,0,0,0,1,0,0,0,0,1,1,0,0,1,1,0,1,1,1,0,0,0,1,1,0,1,0,0,1,0,1,1,0,1,0,1,0,0,1,0,0,0,1,0,0,0,0,1,1,0,0,1,1,0,1,1,0,1,0,0,1,1,1,0,1,0,0,1,0,1,0,0,0,0,0,0,0,0,0,0,0,0,1,1,1,0,0,0,0,0,1,0,1,0,1,0,1,0,0,0,0,0,0,0,1,0,1,0,1,1,0
retapamulin,C30H47NO4S,517.8,CC1CCC23CCC(=O)C2C1(C(CC(C(C3C)O)(C)C=C)OC(=O)CSC4CC5CCC(C4)N5C)C,6.1,92.1,895,1,6,6,36,0,517.32258015,517.7760000000004,5.251300000000006,66.84,1,6,5,5,0,0,1,1,0,1,1,0,0,0,0,1,0,1,1,0,0,0,0,0,0,0,0,0,0,0,0,1,0,0,1,1,0,0,1,1,0,1,1,1,1,1,0,0,0,0,1,0,1,0,0,0,1,0,0,1,1,0,1,1,0,0,0,0,0,0,0,0,0,0,1,1,0,0,0,1,1,0,0,0,0,1,0,1,0,0,0,1,0,0,1,1,0,1,0,0,1,0,0,0,0,1,0,1,0,0,1,1,1,1,1,0,0,0,0,1,0,1,0,1,0,0,1,1,1,0,1,0,0
fesoterodine,C26H37NO3,411.6,CC(C)C(=O)OC1=C(C=C(C=C1)CO)C(CCN(C(C)C)C(C)C)C2=CC=CC=C2,5.5,49.8,491,1,4,11,30,0,411.27734404,411.5860000000001,5.381100000000005,49.77,1,4,10,2,2,0,1,0,0,0,1,0,0,0,0,1,1,0,0,0,0,0,0,0,1,0,0,0,0,0,0,0,1,0,0,0,1,0,1,0,0,0,0,0,1,0,0,0,0,0,1,0,1,1,0,1,0,1,0,1,1,0,0,1,0,0,0,1,0,1,1,0,1,1,1,0,0,0,0,0,1,0,0,0,0,1,1,1,0,0,1,1,1,1,0,1,0,0,0,1,0,1,0,0,1,1,0,0,0,0,1,0,1,0,1,0,1,0,1,0,0,0,0,0,0,0,0,0,0,0,1,0,0
sugammadex,C72H112O48S8,2002.2,C(CSCC1C2C(C(C(O1)OC3C(OC(C(C3O)O)OC4C(OC(C(C4O)O)OC5C(OC(C(C5O)O)OC6C(OC(C(C6O)O)OC7C(OC(C(C7O)O)OC8C(OC(C(C8O)O)OC9C(OC(O2)C(C9O)O)CSCCC(=O)O)CSCCC(=O)O)CSCCC(=O)O)CSCCC(=O)O)CSCCC(=O)O)CSCCC(=O)O)CSCCC(=O)O)O)O)C(=O)O,-10.5,972.0,2830,24,56,40,128,0,2000.4088747,2002.1760000000027,-7.681600000000054,769.7600000000006,24,48,40,30,0,0,1,0,0,1,1,0,1,0,0,1,0,0,0,0,0,1,0,0,1,0,0,0,0,0,0,0,0,1,0,1,0,0,0,0,1,1,0,0,1,0,0,0,0,0,0,0,0,0,0,0,0,0,0,0,0,0,1,0,1,0,0,0,1,0,0,0,1,0,0,0,0,0,1,0,0,0,0,0,1,1,0,0,0,0,0,0,0,0,0,0,1,1,1,0,1,0,0,1,0,0,0,0,0,0,1,0,0,0,0,0,0,0,0,0,0,1,0,0,0,0,0,1,1,0,1,0,0
belinostat,C15H14N2O4S,318.3,C1=CC=C(C=C1)NS(=O)(=O)C2=CC=CC(=C2)C=CC(=O)NO,1.7,104.0,492,3,5,5,22,0,318.06742811,318.35400000000004,2.006,95.5,3,4,5,2,2,1,0,0,0,1,1,0,0,0,0,1,0,0,0,0,1,0,0,0,0,0,1,1,0,0,0,0,0,1,1,0,1,0,0,0,0,0,0,0,1,0,0,0,0,0,0,0,1,0,0,0,0,0,0,1,0,0,0,0,0,0,0,0,1,1,0,0,1,1,0,1,1,0,1,0,0,0,0,0,0,1,1,0,0,0,0,1,0,0,0,0,0,0,0,1,1,0,0,0,0,1,0,0,1,0,1,0,1,0,0,1,0,0,1,0,0,0,0,1,0,0,1,0,0,0,1,0,0
PEP005,C25H34O6,430.5,CC=C(C)C(=O)OC1C(=CC23C1(C(C(=CC(C2=O)C4C(C4(C)C)CC3C)CO)O)O)C,2.0,104.0,926,3,6,4,31,0,430.2355388,430.5410000000002,2.332300000000001,104.06000000000002,3,6,3,4,0,0,0,1,1,1,0,0,1,1,0,1,0,1,0,0,0,0,0,0,0,1,1,1,0,1,0,0,0,0,1,1,0,1,1,1,0,1,1,0,1,0,1,0,1,0,0,0,0,0,0,0,0,0,0,1,1,0,0,1,1,0,0,0,1,0,0,1,0,1,1,0,0,1,1,0,0,1,0,0,0,1,1,0,0,0,0,0,0,1,0,0,0,0,1,1,0,0,0,0,0,1,0,1,0,1,1,1,1,0,0,0,0,0,1,0,0,1,0,0,0,0,1,1,1,1,1,1,0
tasimelteon,C15H19NO2,245.32,CCC(=O)NCC1CC1C2=C3CCOC3=CC=C2,2.2,38.3,318,1,2,4,18,0,245.141578849,245.32199999999995,2.2512,38.33,1,2,4,3,1,1,0,1,1,0,0,0,0,0,0,1,0,1,0,0,1,1,0,0,0,0,1,0,0,0,0,0,0,0,0,1,0,0,1,0,0,0,0,1,1,1,1,0,0,0,0,0,0,0,0,0,0,0,0,1,0,1,1,0,0,0,0,0,0,1,0,0,0,1,1,0,1,0,1,1,0,0,0,0,0,1,1,0,0,0,0,1,0,0,0,1,0,0,0,1,0,0,0,1,0,1,0,0,0,0,1,0,0,0,0,0,0,0,1,0,1,1,1,1,0,0,1,0,1,0,1,0,0
olodaterol,C21H26N2O5,386.4,CC(C)(CC1=CC=C(C=C1)OC)NCC(C2=C3C(=CC(=C2)O)NC(=O)CO3)O,1.8,100.0,521,4,6,7,28,0,386.18417193,386.4480000000001,2.376,100.05000000000001,4,6,7,3,2,1,1,0,0,1,0,0,1,1,0,1,0,0,1,1,0,1,0,0,0,0,1,0,0,0,0,0,1,0,0,1,0,0,1,0,1,1,0,0,1,0,0,0,0,0,0,0,1,0,0,1,0,0,0,1,1,0,1,1,0,0,0,1,1,0,0,1,0,0,0,0,0,0,1,0,1,0,0,1,0,1,1,1,0,0,0,1,1,0,1,1,0,0,0,1,0,0,1,0,1,1,0,0,0,0,1,0,1,0,1,1,0,0,0,1,0,0,0,0,1,1,0,0,0,0,0,0,0
ceftaroline,C22H21N8O8PS4,684.7,CCON=C(C1=NSC(=N1)NP(=O)(O)O)C(=O)NC2C3N(C2=O)C(=C(CS3)SC4=NC(=CS4)C5=CC=[N+](C=C5)C)C(=O)[O-],2.3,330.0,1210,4,17,10,43,0,684.01028135,684.7000000000002,-0.11500000000000044,223.24,4,14,11,5,3,1,1,1,1,0,1,0,1,1,0,1,0,0,1,1,0,0,0,0,0,0,0,1,1,1,0,0,0,1,0,1,1,1,1,0,1,0,1,1,1,1,0,0,1,1,1,1,1,1,1,0,1,0,0,0,1,1,0,1,0,0,0,0,1,1,1,1,0,0,0,1,0,0,0,1,1,1,0,0,1,1,1,0,0,1,1,1,0,1,0,1,1,0,0,0,0,0,0,0,0,1,0,1,1,0,1,0,1,0,0,0,1,1,1,1,1,1,1,0,0,1,0,1,1,0,1,0,1
cabazitaxel,C45H57NO14,835.9,CC1=C2C(C(=O)C3(C(CC4C(C3C(C(C2(C)C)(CC1OC(=O)C(C(C5=CC=CC=C5)NC(=O)OC(C)(C)C)O)O)OC(=O)C6=CC=CC=C6)(CO4)OC(=O)C)OC)C)OC,2.7,202.0,1690,3,14,15,60,0,835.37790549,835.9440000000003,4.5678000000000045,202.44999999999996,3,14,10,6,2,1,1,1,1,0,1,0,0,1,1,1,1,1,0,0,0,1,1,1,1,1,0,0,0,0,0,1,0,1,1,1,0,1,1,1,0,1,0,1,1,1,1,1,0,0,1,0,1,0,0,1,1,0,0,1,1,0,1,1,0,0,0,0,1,1,1,1,1,1,0,0,1,1,1,1,1,0,0,1,0,0,1,0,0,0,1,1,0,1,0,0,1,0,1,1,0,1,0,0,1,1,0,1,1,0,1,0,0,0,0,0,0,1,0,1,0,1,1,0,1,0,1,1,1,0,1,0,0
trans,C18H25FN2O5,368.4,CC1=C(COC1=O)N2CCC3(C2=O)CCN(CC3F)C(=O)OC(C)(C)C,1.0,76.2,684,0,6,3,26,0,368.17475006,368.40500000000014,2.0148,76.15,0,5,1,3,0,0,0,0,0,0,0,0,0,1,1,1,0,1,0,0,0,1,1,0,0,0,0,0,0,0,0,0,0,0,0,1,0,1,1,0,0,1,0,1,1,0,1,0,0,0,0,0,0,1,1,1,0,0,0,0,1,0,1,1,0,0,0,0,0,1,0,0,1,0,1,0,0,1,0,0,0,0,0,0,0,0,0,0,1,0,0,0,0,0,1,1,1,0,1,1,0,0,1,0,1,1,0,0,1,1,0,0,0,0,1,0,1,0,0,1,0,0,0,1,0,0,0,0,1,1,1,0,1
tofacitinib,C16H20N6O,312.37,CC1CCN(CC1N(C)C2=NC=NC3=C2C=CN3)C(=O)CC#N,1.5,88.9,488,1,5,3,23,0,312.16985928,312.3770000000001,1.5447799999999998,88.91,1,5,3,3,2,1,0,1,1,0,0,0,0,0,0,1,1,1,0,0,1,0,0,1,1,1,0,1,0,0,0,0,0,0,1,1,0,0,1,1,0,0,0,1,1,0,0,0,0,1,1,0,0,1,0,0,1,0,1,0,0,0,0,0,0,0,1,0,0,0,1,0,1,1,0,0,1,1,0,0,0,0,1,1,0,1,1,0,0,0,0,1,1,0,1,1,0,0,0,0,1,0,0,1,1,1,0,0,0,1,1,0,0,0,0,0,0,0,1,0,0,0,0,0,0,0,0,1,1,0,1,0,0
azilsartan,C25H20N4O5,456.4,CCOC1=NC2=CC=CC(=C2N1CC3=CC=C(C=C3)C4=CC=CC=C4C5=NOC(=O)N5)C(=O)O,4.4,115.0,783,2,7,7,34,0,456.14336975,456.4580000000002,4.191800000000003,123.24,2,6,7,5,5,1,0,0,0,0,1,1,0,1,0,1,0,0,0,0,1,1,0,1,1,0,0,1,1,0,0,0,1,0,0,0,0,1,1,1,0,1,0,1,1,0,0,0,0,1,0,0,1,1,1,0,0,0,1,1,1,0,0,1,0,0,0,0,1,1,0,0,0,0,0,0,1,1,1,1,0,0,1,0,1,1,1,0,0,0,0,1,0,1,0,1,0,0,0,1,0,1,0,0,0,1,1,0,0,0,0,1,0,0,1,0,0,1,0,0,1,0,0,0,0,1,0,1,1,0,1,0,0
Lovaza,C46H70O4,687.0,CCC=CCC=CCC=CCC=CCC=CCCCC(=O)OCC.CCC=CCC=CCC=CCC=CCC=CCC=CCCC(=O)OCC,,52.6,916,0,4,31,50,0,686.52741071,687.062,13.498599999999975,52.60000000000001,0,4,29,0,0,0,0,0,0,0,0,1,1,0,0,1,0,0,0,0,0,0,1,0,1,0,0,0,0,0,0,0,0,1,0,0,0,0,1,0,0,0,1,1,1,0,0,0,1,0,1,1,0,0,0,0,0,0,0,1,1,0,0,1,0,0,0,0,0,0,0,0,0,0,0,0,0,0,0,0,0,1,0,0,0,1,1,1,0,0,0,1,0,0,0,0,1,0,0,0,0,0,0,0,0,0,0,0,0,0,0,1,0,0,1,1,0,0,1,0,0,0,0,0,1,0,0,0,0,0,1,0,0
irbesartan-hydrochlorothiazide,C32H36ClN9O5S2,726.3,CCCCC1=NC2(CCCC2)C(=O)N1CC3=CC=C(C=C3)C4=CC=CC=C4C5=NNN=N5.C1NC2=CC(=C(C=C2S(=O)(=O)N1)S(=O)(=O)N)Cl,,222.0,1180,4,12,8,49,0,725.1969353,726.2850000000002,4.426100000000002,205.49,4,10,8,7,4,1,1,0,1,1,0,0,0,1,0,1,0,1,0,0,0,0,0,0,1,0,0,0,0,1,0,1,0,1,0,1,0,0,1,1,0,1,0,1,1,0,0,0,0,0,0,0,1,1,1,0,1,1,1,1,0,1,0,1,0,0,0,1,0,1,1,1,0,1,0,0,1,1,1,1,0,1,0,0,1,1,1,0,0,1,1,1,0,1,0,1,1,0,0,1,0,1,0,0,0,1,1,1,0,0,1,0,1,0,0,1,0,0,0,1,0,0,1,0,1,0,0,1,0,1,0,0,1
Stalevo,C33H40N6O13,728.7,CCN(CC)C(=O)C(=CC1=CC(=C(C(=C1)O)O)[N+](=O)[O-])C#N.CC(CC1=CC(=C(C=C1)O)O)(C(=O)O)NN.C1=CC(=C(C=C1CC(C(=O)O)N)O)O,,350.0,971,11,17,11,52,0,728.26533535,728.7120000000002,1.7804800000000003,347.29,11,15,12,3,3,1,1,1,0,0,1,0,0,1,0,1,0,0,0,0,0,0,0,1,1,0,1,1,0,1,0,1,0,0,0,0,0,0,1,1,1,1,1,1,1,0,0,1,1,1,0,0,0,1,0,0,1,1,0,1,1,0,1,0,1,0,0,1,1,0,1,1,1,0,1,1,1,0,0,1,1,1,1,0,1,1,1,1,0,0,1,1,0,0,0,1,0,0,0,0,0,1,0,1,0,1,0,0,0,1,0,0,1,0,0,0,0,1,1,1,0,0,0,0,0,1,1,0,1,0,1,0,0
eltrombopag,C25H22N4O4,442.5,CC1=C(C=C(C=C1)N2C(=O)C(=C(N2)C)N=NC3=CC=CC(=C3O)C4=CC(=CC=C4)C(=O)O)C,5.4,115.0,812,3,7,5,33,0,442.1641052,442.4750000000002,5.577060000000004,120.04,3,5,5,4,4,0,1,0,1,1,1,0,0,1,0,1,0,1,0,0,1,0,0,1,0,0,0,0,0,0,0,0,1,0,0,0,0,0,1,0,1,0,0,1,1,0,0,0,0,0,0,0,0,0,0,0,0,1,1,1,0,0,0,1,0,0,0,0,0,1,1,1,1,1,0,0,0,1,0,1,0,1,0,0,0,0,1,0,1,0,1,1,1,1,0,1,0,0,0,0,0,1,1,1,0,1,0,0,0,0,1,1,1,0,0,0,1,0,0,1,0,1,0,0,1,1,1,0,0,0,1,1,0
lomitapide,C39H37F6N3O2,693.7,C1CN(CCC1NC(=O)C2=CC=CC=C2C3=CC=C(C=C3)C(F)(F)F)CCCCC4(C5=CC=CC=C5C6=CC=CC=C64)C(=O)NCC(F)(F)F,8.6,61.4,1110,2,9,10,50,0,693.2789964,693.7320000000003,8.382100000000007,61.440000000000005,2,3,10,6,4,1,1,0,1,0,0,0,0,1,1,1,0,0,1,0,0,1,0,0,0,0,0,0,0,0,0,0,1,0,0,1,0,0,0,0,0,1,0,0,1,1,1,0,0,0,1,0,1,0,1,1,0,1,0,1,1,0,0,0,0,1,0,0,0,1,0,0,0,0,1,0,1,1,0,1,0,0,0,0,0,1,1,0,0,1,1,1,0,1,1,0,0,0,0,1,0,1,0,1,0,1,0,1,0,0,0,0,0,1,1,0,0,1,1,1,0,0,0,0,1,0,1,0,1,0,1,0,1
mirabegron,C21H24N4O2S,396.5,C1=CC=C(C=C1)C(CNCCC2=CC=C(C=C2)NC(=O)CC3=CSC(=N3)N)O,2.1,129.0,467,4,6,9,28,0,396.16199719,396.51600000000013,2.7722,100.27,4,6,9,3,3,1,1,0,0,0,1,1,1,0,0,1,0,0,0,0,0,0,1,1,1,0,1,1,0,1,0,0,1,0,0,0,1,0,0,0,1,0,1,0,1,1,1,0,0,0,1,0,1,0,1,0,0,0,1,1,0,0,0,0,0,0,0,0,1,1,0,0,0,0,1,0,0,0,0,0,1,0,0,0,0,1,1,1,0,1,1,1,0,0,0,1,1,1,0,1,0,0,0,0,1,1,0,0,0,0,1,0,0,1,0,0,0,1,0,0,0,1,0,0,0,1,0,1,0,0,1,0,0
avanafil,C23H26ClN7O3,483.9,COC1=C(C=C(C=C1)CNC2=NC(=NC=C2C(=O)NCC3=NC=CC=N3)N4CCCC4CO)Cl,2.6,125.0,642,3,9,9,34,0,483.1785654,483.96000000000026,2.4318000000000004,125.39,3,9,9,4,3,1,0,0,0,1,1,0,0,1,0,1,0,0,0,0,0,1,1,0,1,0,0,0,0,0,0,0,0,0,0,1,1,0,1,0,0,0,1,1,1,0,0,0,0,1,1,0,0,1,1,1,0,0,0,1,1,0,0,0,0,0,0,1,1,1,0,1,0,1,1,0,1,1,1,1,0,0,0,0,0,1,1,0,0,1,0,1,1,0,0,1,0,0,0,1,0,0,1,0,0,1,0,1,0,1,0,0,1,1,0,1,1,0,0,0,1,0,0,0,0,0,1,1,1,0,1,0,1
ticagrelor,C23H28F2N6O4S,522.6,CCCSC1=NC(=C2C(=N1)N(N=N2)C3CC(C(C3O)O)OCCO)NC4CC4C5=CC(=C(C=C5)F)F,2.0,164.0,736,4,12,10,36,0,522.18608089,522.5780000000003,2.0136999999999996,138.44,4,10,10,5,3,1,0,1,1,0,0,0,0,1,0,0,1,1,1,0,1,1,0,0,1,0,1,0,1,0,1,1,0,0,0,1,0,1,1,0,0,0,1,1,1,0,0,0,1,0,0,0,0,1,1,0,0,0,1,0,1,0,0,0,1,1,0,1,1,1,0,0,0,1,0,0,1,1,0,1,0,0,0,0,1,1,1,0,0,0,1,1,1,1,1,0,0,0,0,1,0,0,0,0,0,1,1,0,0,0,1,0,1,0,0,0,0,0,0,0,1,1,0,0,1,0,0,1,1,0,1,1,1
dapagliflozin,C21H25ClO6,408.9,CCOC1=CC=C(C=C1)CC2=C(C=CC(=C2)C3C(C(C(C(O3)CO)O)O)O)Cl,2.3,99.4,472,4,6,6,28,0,408.1339662,408.87800000000004,1.8444000000000003,99.38000000000001,4,6,6,3,2,0,1,0,0,0,0,0,0,0,0,0,1,0,1,0,0,1,0,1,1,0,0,1,0,0,0,1,0,0,0,1,0,0,1,0,0,0,0,1,1,0,0,0,0,1,0,0,0,1,1,0,0,1,0,1,1,0,0,0,0,1,0,0,0,1,0,1,0,0,1,0,0,0,0,0,0,0,0,1,1,1,1,1,0,0,0,1,0,0,0,1,0,0,0,1,0,0,0,1,0,1,0,1,0,0,1,0,1,1,1,1,0,0,0,0,0,0,0,0,0,0,0,0,1,0,0,0,1
Depreotide,C65H96N16O12S2,1357.7,CC(C)C1C(=O)NC(C(=O)N(C(C(=O)NC(C(=O)NC(C(=O)NC(C(=O)N1)CCCCN)CC2=CNC3=CC=CC=C32)CC4=CC=C(C=C4)O)CC5=CC=CC=C5)C)CCSCC(=O)NCC(C(=O)NC(CCCCN)C(=O)NC(CS)C(=O)NC(CCCCN)C(=O)N)N,0.6,492.0,2490,17,18,34,95,0,1356.68350491,1357.7170000000008,-1.3547000000000144,465.3999999999998,17,18,34,5,4,1,1,0,1,0,1,0,1,0,0,1,0,1,0,0,1,0,1,1,1,0,0,0,0,0,1,0,1,0,1,1,0,1,1,0,1,0,1,1,1,0,1,1,0,0,1,0,1,1,0,0,1,0,0,1,0,1,1,1,0,1,1,0,0,1,1,1,0,0,1,0,1,1,0,1,0,0,1,1,0,1,1,1,0,1,1,1,1,1,0,1,0,0,1,1,0,1,1,1,1,1,1,0,0,0,1,1,0,1,1,1,1,0,1,1,1,1,1,0,1,0,1,1,1,0,1,0,0
apremilast,C22H24N2O7S,460.5,CCOC1=C(C=CC(=C1)C(CS(=O)(=O)C)N2C(=O)C3=C(C2=O)C(=CC=C3)NC(=O)C)OC,1.8,127.0,825,1,7,8,32,0,460.13042228,460.5080000000002,2.4342000000000006,119.08,1,7,8,3,2,1,1,1,0,0,0,0,0,1,0,1,0,1,1,0,1,0,0,0,0,0,0,0,0,1,0,0,0,0,0,0,0,1,1,0,0,1,0,1,1,0,1,0,1,1,0,1,0,0,1,1,1,1,1,0,1,0,0,1,0,0,1,0,0,1,0,0,0,1,0,0,0,1,1,0,0,0,0,0,0,1,1,0,1,0,1,1,0,1,0,0,0,0,0,1,0,1,0,0,0,1,0,0,0,0,0,0,1,0,1,0,1,0,1,0,0,0,1,0,0,0,1,0,0,0,1,0,0
perampanel,C23H15N3O,349.4,C1=CC=C(C=C1)N2C=C(C=C(C2=O)C3=CC=CC=C3C#N)C4=CC=CC=N4,3.4,57.0,664,0,3,3,27,0,349.12151211,349.39300000000003,4.438180000000004,58.68,0,3,3,4,4,0,0,0,1,0,1,0,0,1,0,1,0,0,0,0,0,0,0,0,0,0,0,1,0,0,1,0,0,0,0,0,0,0,1,1,0,0,0,1,1,0,0,0,0,1,0,1,1,0,0,0,0,1,0,0,0,0,0,1,1,1,0,0,0,1,1,0,0,1,0,1,0,0,0,1,0,0,1,0,0,1,1,0,1,1,0,1,0,1,0,0,1,0,0,0,0,1,0,0,0,1,0,0,0,1,1,0,1,1,0,0,0,1,0,0,0,1,0,0,0,1,0,1,0,0,0,0,0
vernakalant,C20H31NO4,349.5,COC1=C(C=C(C=C1)CCOC2CCCCC2N3CCC(C3)O)OC,2.9,51.2,394,1,5,7,25,0,349.22530847,349.4710000000001,2.6407000000000007,51.16000000000001,1,5,7,3,1,1,0,0,1,1,0,0,0,0,0,0,0,1,1,0,0,0,0,0,0,0,0,0,0,0,1,0,0,0,0,1,0,0,1,0,0,0,0,0,1,0,0,0,0,0,1,0,0,0,1,1,0,0,0,1,1,0,0,0,0,0,0,1,0,0,0,0,0,0,0,0,0,1,1,0,0,0,1,1,0,1,1,0,0,0,0,1,0,0,0,1,1,0,1,1,1,0,0,0,1,1,1,0,1,1,1,0,1,0,0,0,0,0,0,0,0,0,0,0,1,0,1,1,1,0,0,0,0
Benicar-HCT,C36H38ClN9O10S2,856.3,CCCC1=NC(=C(N1CC2=CC=C(C=C2)C3=CC=CC=C3C4=NNN=N4)C(=O)OCC5=C(OC(=O)O5)C)C(C)(C)O.C1NC2=CC(=C(C=C2S(=O)(=O)N1)S(=O)(=O)N)Cl,,289.0,1460,5,17,12,58,0,855.1871585,856.3400000000001,3.818720000000001,280.52,5,15,11,7,6,1,1,1,1,0,0,0,0,1,0,1,0,1,0,0,0,1,1,0,1,0,0,0,0,0,0,1,0,1,0,1,0,0,1,1,0,0,0,1,1,0,0,0,0,0,0,0,1,1,1,1,1,1,0,1,1,1,0,1,0,0,0,1,1,1,1,1,1,1,0,0,1,1,0,1,0,0,0,0,1,1,1,0,0,1,1,1,1,1,0,1,1,0,1,1,0,1,0,0,1,1,1,0,0,0,1,0,1,0,1,1,0,1,0,1,0,1,1,0,0,0,0,1,0,1,1,0,0
SOM230,C58H66N10O9,1047.2,C1C(CN2C1C(=O)NC(C(=O)NC(C(=O)NC(C(=O)NC(C(=O)NC(C2=O)CC3=CC=CC=C3)CC4=CC=C(C=C4)OCC5=CC=CC=C5)CCCCN)CC6=CNC7=CC=CC=C76)C8=CC=CC=C8)OC(=O)NCCN,4.7,281.0,1940,9,11,18,77,0,1046.50142372,1047.2269999999999,3.3685000000000107,281.2,9,11,17,8,6,1,0,0,0,0,1,0,0,0,0,1,0,1,0,1,0,0,1,0,1,0,0,0,0,0,1,0,1,1,0,1,1,1,0,0,0,0,1,1,1,0,0,1,1,1,1,0,1,1,0,0,1,0,0,1,1,0,0,1,0,0,1,0,1,1,0,1,0,0,1,0,1,1,0,1,0,0,1,1,1,1,1,0,0,0,1,1,1,0,0,1,0,0,0,1,0,1,0,0,1,1,0,1,0,0,1,0,1,1,1,1,0,0,0,0,1,0,0,0,1,0,0,1,1,0,1,0,1
Lu,Lu,174.9667,[Lu],,0.0,0,0,0,0,1,0,174.94078,174.967,0.0,0.0,0,0,0,0,0,0,0,0,0,0,0,0,0,0,0,0,0,0,0,0,0,0,0,0,0,0,0,0,0,0,0,0,0,0,0,0,0,0,0,0,0,0,0,0,0,0,0,0,0,0,0,0,0,0,0,0,0,0,0,0,0,0,0,0,0,0,0,0,0,0,0,0,0,0,0,0,0,0,0,0,0,0,0,0,0,0,0,0,0,0,0,0,0,1,0,0,0,0,0,0,0,0,0,0,0,0,0,0,0,0,0,0,0,0,0,0,0,0,0,0,0,0,0,0,0,0,0,0,0,0,0,0,0
vorapaxar,C29H33FN2O4,492.6,CCOC(=O)NC1CCC2C(C1)CC3C(C2C=CC4=NC=C(C=C4)C5=CC(=CC=C5)F)C(OC3=O)C,5.3,77.5,821,1,6,6,36,0,492.2424357,492.59100000000024,5.6295000000000055,77.52000000000001,1,5,5,5,2,1,0,0,1,0,0,1,0,1,1,1,0,1,0,0,1,1,1,0,1,0,0,0,0,0,0,0,1,0,1,1,1,0,1,0,0,0,0,1,1,0,0,0,0,1,1,0,0,0,0,1,0,0,0,1,1,0,1,1,1,0,0,0,0,1,0,0,1,0,0,0,1,0,1,0,0,1,0,0,1,1,1,1,0,0,0,1,0,0,0,0,0,0,0,1,0,1,0,1,0,1,0,1,0,0,0,0,1,0,0,1,1,1,0,1,0,1,1,0,0,0,1,1,1,0,1,0,1
linagliptin,C25H28N8O2,472.5,CC#CCN1C2=C(N=C1N3CCCC(C3)N)N(C(=O)N(C2=O)CC4=NC5=CC=CC=C5C(=N4)C)C,1.9,113.0,885,1,7,4,35,0,472.23352217,472.5530000000002,1.1474200000000006,116.85999999999999,1,7,4,5,4,1,0,0,1,1,1,0,0,0,0,1,0,0,0,0,0,0,1,0,1,0,0,0,1,0,0,0,0,0,1,1,0,1,1,1,1,0,1,0,1,1,0,1,0,0,1,0,1,0,0,0,0,1,0,1,0,0,0,1,0,0,0,1,1,1,0,0,0,0,1,1,0,1,1,0,0,0,1,0,0,1,1,0,0,0,1,1,1,0,0,0,0,1,0,1,1,0,0,0,1,1,1,0,1,0,0,1,0,0,0,0,0,0,0,0,1,0,1,0,0,1,1,1,1,0,0,0,0
18F-flutemetamol,C14H11FN2OS,273.32,CNC1=C(C=C(C=C1)C2=NC3=C(S2)C=C(C=C3)O)F,3.8,73.4,320,2,5,2,19,0,273.060146,274.32,3.8497000000000017,45.150000000000006,2,4,2,3,3,1,0,0,0,0,1,0,0,1,0,0,0,0,0,1,0,0,0,0,0,0,0,1,0,1,0,0,0,0,1,0,0,0,1,1,1,0,0,0,1,0,0,0,0,0,1,0,0,1,0,0,0,0,0,0,0,0,0,0,1,0,0,0,1,1,1,1,0,0,1,0,0,1,1,0,0,0,0,0,0,0,1,0,0,0,0,1,1,0,0,1,0,0,0,0,0,0,0,0,0,1,0,0,0,0,1,0,1,0,0,0,0,0,1,1,0,0,1,0,0,0,0,1,1,0,1,0,0
pazopanib,C21H23N7O2S,437.5,CC1=C(C=C(C=C1)NC2=NC=CC(=N2)N(C)C3=CC4=NN(C(=C4C=C3)C)C)S(=O)(=O)N,3.1,127.0,717,2,8,5,31,0,437.16339418,437.52900000000017,3.1390399999999996,119.02999999999999,2,7,5,4,4,1,0,0,0,0,0,0,0,1,0,1,1,1,0,0,0,1,0,0,1,0,0,0,0,0,0,0,1,0,0,0,0,0,1,0,0,1,1,0,1,1,0,0,0,1,1,1,0,0,0,1,1,0,0,1,1,0,0,1,0,0,0,0,1,1,1,0,0,1,1,0,1,1,1,1,1,0,1,0,0,0,1,1,0,0,0,1,0,0,0,0,0,0,0,1,0,0,0,0,0,1,0,1,0,0,0,0,1,0,1,0,1,0,1,0,1,0,0,0,0,0,1,1,0,0,0,1,0
afatinib,C24H25ClFN5O3,485.9,CN(C)CC=CC(=O)NC1=C(C=C2C(=C1)C(=NC=N2)NC3=CC(=C(C=C3)F)Cl)OC4CCOC4,3.6,88.6,702,2,8,8,34,0,485.1629955,485.94700000000023,4.389900000000003,88.61000000000001,2,7,8,4,3,1,0,0,1,0,1,0,0,1,0,1,1,1,0,0,1,1,0,1,1,0,0,0,0,1,0,1,0,0,1,1,1,1,1,1,1,0,0,1,1,0,0,0,0,1,1,0,0,1,1,1,0,0,0,1,1,0,1,0,1,0,0,0,1,0,1,0,0,1,0,0,0,1,1,1,1,1,1,0,0,1,1,0,0,0,0,1,1,1,0,0,0,0,0,0,0,0,0,0,0,1,0,0,0,0,1,0,1,0,0,1,0,0,1,0,0,0,0,0,1,1,0,1,1,0,1,1,0
besifloxacin,C19H21ClFN3O3,393.8,C1CCN(CC(C1)N)C2=C(C=C3C(=C2Cl)N(C=C(C3=O)C(=O)O)C4CC4)F,1.1,86.9,656,2,7,3,27,0,393.1255474,393.8460000000002,3.144700000000001,88.56,2,4,3,4,2,1,0,0,0,1,1,0,0,1,0,1,0,0,1,0,0,0,0,1,1,0,0,0,1,0,0,0,0,0,1,1,0,1,0,0,0,0,0,0,1,1,0,1,0,0,1,0,0,1,1,0,0,1,0,0,0,0,1,1,1,0,0,0,0,0,1,1,0,0,1,1,1,1,0,0,0,1,1,1,0,1,1,1,0,0,0,0,0,0,0,0,0,0,0,0,1,1,0,0,1,1,0,0,0,0,0,0,1,0,0,0,0,1,0,0,1,0,0,1,0,0,0,1,1,0,1,0,0
apixaban,C25H25N5O4,459.5,COC1=CC=C(C=C1)N2C3=C(CCN(C3=O)C4=CC=C(C=C4)N5CCCCC5=O)C(=N2)C(=O)N,2.2,111.0,777,1,5,5,34,0,459.1906543,459.5060000000003,2.6996,110.76,1,5,5,5,3,1,0,0,0,1,0,0,0,0,0,1,0,1,1,0,1,0,1,0,1,0,0,0,0,0,0,0,0,0,1,1,0,1,1,0,0,1,0,0,1,0,0,1,0,0,0,0,1,0,1,0,0,0,1,1,1,0,0,1,0,1,0,0,1,0,1,1,0,0,0,0,0,1,1,1,0,0,0,1,0,0,1,0,1,0,0,1,1,0,1,0,0,0,0,0,0,0,0,0,1,1,0,0,0,0,1,1,0,0,0,0,1,0,0,0,0,0,0,0,0,0,1,1,0,0,1,0,0
boceprevir,C27H45N5O5,519.7,CC1(C2C1C(N(C2)C(=O)C(C(C)(C)C)NC(=O)NC(C)(C)C)C(=O)NC(CC3CCC3)C(=O)C(=O)N)C,3.1,151.0,959,4,5,10,37,0,519.34206955,519.6870000000005,1.711200000000003,150.70000000000002,4,5,8,3,0,1,1,0,0,1,0,0,1,1,0,1,1,1,0,0,1,0,0,1,1,0,0,0,0,0,0,0,0,0,1,1,0,1,1,0,0,1,1,0,1,0,0,0,0,1,1,0,0,0,1,0,0,0,0,1,0,0,1,1,0,0,0,0,0,0,0,0,0,0,1,0,0,0,0,0,0,0,0,0,1,1,0,1,0,0,0,0,0,0,0,0,1,0,0,0,0,1,1,1,1,1,0,0,0,0,0,0,1,1,1,0,0,0,1,1,0,0,1,0,0,0,0,1,1,0,1,1,0
lorcaserin,C11H14ClN,195.69,CC1CNCCC2=C1C=C(C=C2)Cl,2.7,12.0,171,1,1,0,13,0,195.0814771,195.693,2.589200000000001,12.03,1,1,0,2,1,0,0,0,1,0,0,0,0,0,1,0,0,0,0,0,0,0,0,0,1,0,0,0,0,0,0,0,0,1,1,1,0,0,1,0,0,0,1,0,0,0,0,1,0,1,0,0,0,1,1,0,0,0,1,0,0,0,0,0,0,1,0,0,0,0,0,0,0,0,0,0,0,0,0,1,0,0,0,0,0,0,1,0,0,1,1,1,0,1,0,1,0,0,0,0,0,0,0,0,0,1,0,0,0,0,0,1,1,0,0,0,0,0,0,0,0,0,0,0,0,0,0,0,1,0,0,0,0
tafamidis,C14H7Cl2NO3,308.1,C1=CC2=C(C=C1C(=O)O)OC(=N2)C3=CC(=CC(=C3)Cl)Cl,4.2,63.3,371,1,4,2,20,0,306.9802985,308.12,4.4998000000000005,63.33,1,3,2,3,3,0,0,0,0,0,1,0,0,1,0,1,0,0,1,0,0,1,0,0,1,0,0,0,1,0,0,0,1,0,0,0,0,0,1,0,1,0,0,0,1,0,1,0,0,0,0,0,0,0,1,0,0,0,0,0,0,0,0,0,0,0,0,0,1,0,1,0,0,1,0,0,0,1,1,0,0,0,0,0,0,0,1,0,1,1,0,1,0,1,0,0,0,0,0,0,0,0,1,0,0,1,0,0,0,0,1,0,1,0,0,0,0,0,0,1,0,1,0,0,0,0,0,1,0,0,1,0,0
ascorbate,C6H7O6-,175.12,C(C(C1C(=C(C(=O)O1)[O-])O)O)O,-1.0,110.0,232,3,6,2,12,-1,175.02426294,175.11599999999999,-2.6050999999999993,110.05000000000001,3,6,2,1,0,0,1,0,0,0,0,0,0,0,0,1,0,0,0,0,1,1,0,0,0,1,0,0,0,0,0,1,0,0,0,0,0,0,0,0,1,0,0,0,1,0,0,0,0,0,0,0,0,0,0,0,0,0,0,0,0,0,0,1,0,0,0,0,0,1,0,1,0,0,1,0,0,0,0,0,1,0,1,0,0,1,0,0,0,0,0,0,0,0,0,0,0,0,0,1,0,0,0,1,1,1,0,1,0,0,0,0,0,0,0,1,0,1,0,1,0,0,0,0,0,0,0,0,1,0,0,0,0
alogliptin,C18H21N5O2,339.4,CN1C(=O)C=C(N(C1=O)CC2=CC=CC=C2C#N)N3CCCC(C3)N,0.6,93.7,622,1,5,3,25,0,339.16952493,339.39900000000017,0.3944800000000007,97.04999999999998,1,5,3,3,2,0,0,0,1,1,0,0,0,0,0,1,0,0,0,0,0,0,0,0,1,1,1,1,1,0,0,0,0,0,1,1,0,0,1,1,0,0,0,1,1,1,0,1,0,0,1,1,1,0,0,1,0,1,0,0,0,0,0,1,0,0,1,1,0,1,0,0,0,0,1,1,0,1,0,0,0,0,0,0,0,1,1,0,0,1,0,1,0,0,0,0,0,0,0,0,0,1,0,0,1,1,1,0,0,1,1,0,1,0,0,0,0,1,0,0,0,0,1,0,0,0,1,0,1,0,0,0,0
regorafenib,C21H15ClF4N4O3,482.8,CNC(=O)C1=NC=CC(=C1)OC2=CC(=C(C=C2)NC(=O)NC3=CC(=C(C=C3)Cl)C(F)(F)F)F,4.2,92.4,686,3,8,5,33,0,482.0768807,482.8210000000001,5.688800000000001,92.35,3,4,5,3,3,1,0,0,1,0,1,1,0,1,1,1,0,0,0,0,0,0,0,0,1,0,0,1,0,1,1,1,0,0,0,0,0,0,1,1,1,0,0,0,1,1,1,1,0,1,1,0,0,1,1,0,0,0,0,0,1,1,0,0,1,0,1,0,1,1,0,1,0,0,1,1,0,1,0,1,1,0,0,1,0,0,1,0,0,0,0,1,1,0,1,1,0,0,0,1,0,0,0,0,0,1,0,1,0,0,0,0,1,0,0,1,0,0,0,1,0,0,0,0,0,0,0,1,1,0,1,0,0
aclidinium,C26H30NO4S2+,484.7,C1C[N+]2(CCC1C(C2)OC(=O)C(C3=CC=CS3)(C4=CC=CS4)O)CCCOC5=CC=CC=C5,4.7,112.0,647,1,6,10,33,1,484.16162579,484.66300000000024,4.666800000000004,55.760000000000005,1,6,9,6,3,0,0,0,0,0,1,0,0,1,0,1,0,0,1,1,1,0,0,0,0,0,0,0,0,0,0,0,0,0,0,1,1,1,0,0,1,0,0,0,1,0,0,1,0,1,1,0,1,0,0,1,1,0,0,0,1,0,0,0,0,0,0,0,1,1,1,1,1,0,0,1,0,0,1,0,0,0,0,0,0,1,1,0,0,0,0,1,0,0,0,0,0,0,0,1,0,0,1,0,0,1,0,1,0,0,0,0,1,0,0,0,0,0,1,1,0,1,0,0,1,0,1,0,1,0,1,0,1
TR-700,C17H15FN6O3,370.3,CN1N=C(N=N1)C2=NC=C(C=C2)C3=C(C=C(C=C3)N4CC(OC4=O)CO)F,1.4,106.0,543,1,8,4,27,0,370.11896652,370.34400000000016,1.3957,106.26,1,7,4,4,3,1,1,0,0,0,0,0,0,1,0,1,0,1,0,0,0,1,0,0,0,1,0,0,1,0,0,0,0,0,1,1,0,0,1,0,0,1,0,0,1,1,0,0,0,1,0,0,0,1,1,0,0,0,0,0,0,1,0,1,1,0,0,1,0,0,1,0,0,0,0,0,1,0,0,0,0,0,0,1,1,1,1,0,1,1,0,1,1,0,1,1,0,0,0,1,0,1,0,0,1,1,0,0,0,1,1,0,1,1,0,1,1,0,0,0,0,0,0,0,1,0,1,1,1,0,0,0,1
Saxagliptin,C18H25N3O2,315.4,C1C2CC2N(C1C#N)C(=O)C(C34CC5CC(C3)CC(C5)(C4)O)N,0.7,90.4,609,2,4,2,23,0,315.19467705,315.41700000000003,1.1579799999999998,90.35,2,4,2,6,0,0,1,1,0,1,1,1,0,0,0,1,1,1,0,0,0,0,0,1,1,0,0,1,0,0,1,0,0,0,0,1,0,0,1,1,0,1,0,1,1,0,0,0,0,0,0,0,0,0,0,0,1,0,0,0,0,1,0,0,0,0,0,1,0,0,0,0,0,1,0,0,0,0,1,0,0,0,0,0,0,0,0,1,0,0,1,0,1,1,0,0,1,0,0,0,0,0,0,0,0,0,0,0,0,1,0,0,1,1,0,0,1,0,0,0,0,0,1,0,0,1,0,1,1,0,1,0,1
riociguat,C20H19FN8O2,422.4,CN(C1=C(N=C(N=C1N)C2=NN(C3=C2C=CC=N3)CC4=CC=CC=C4F)N)C(=O)OC,1.6,138.0,618,2,9,5,31,0,422.16150004,422.4240000000002,2.4427000000000003,138.07,2,8,4,4,4,1,0,0,0,1,0,1,0,1,0,1,1,0,0,0,0,0,0,1,1,0,0,0,1,0,0,1,0,0,0,1,0,1,1,0,1,1,1,0,1,0,0,0,0,1,0,0,1,1,1,0,1,0,0,1,1,0,0,1,1,0,1,0,1,1,0,0,1,0,1,0,0,0,1,1,0,0,1,0,0,1,1,0,0,0,0,1,0,0,0,0,1,0,0,0,1,0,0,0,0,1,1,0,0,0,1,0,0,0,1,0,1,0,1,0,0,0,0,0,0,0,0,1,0,0,1,1,0
florbetaben,C21H26FNO3,358.4,CNC1=CC=C(C=C1)C=CC2=CC=C(C=C2)OCCOCCOCCF,4.2,39.7,364,1,5,12,26,0,358.192206,359.44100000000014,4.280200000000003,39.72,1,4,12,2,2,1,0,0,0,0,0,0,0,1,0,1,0,0,1,1,0,0,0,0,0,0,0,1,0,0,1,0,0,0,0,0,0,0,1,0,0,1,0,0,0,0,0,0,0,1,0,0,0,0,0,0,1,0,0,1,1,0,1,0,0,0,0,0,1,0,0,1,1,0,0,0,0,1,0,0,1,0,0,1,0,1,1,0,0,0,1,1,1,0,1,1,0,0,0,0,0,0,0,0,0,1,0,1,0,0,0,0,0,0,0,1,0,0,1,0,0,0,0,0,0,0,0,0,0,0,0,0,0
Zyprexa,C17H20N4S,312.4,CC1=CC2=C(S1)NC3=CC=CC=C3N=C2N4CCN(CC4)C,2.9,59.1,432,1,4,1,22,0,312.14086783,312.4420000000001,3.4392200000000033,30.870000000000005,1,5,0,4,2,0,0,0,0,0,0,0,0,0,0,0,0,0,0,1,0,0,0,0,0,0,0,0,1,0,1,0,0,0,0,1,1,0,1,1,1,1,0,0,1,0,0,0,0,0,0,0,1,1,0,0,0,0,0,0,0,1,0,1,0,0,0,1,0,1,0,0,0,1,0,0,0,1,0,0,0,1,0,0,1,0,1,0,0,1,0,1,0,0,0,1,0,0,0,0,1,1,0,1,0,1,1,1,1,0,1,0,1,0,0,0,0,1,0,1,0,1,0,0,0,0,1,1,0,0,0,0,0
umeclidinium,C29H34NO2+,428.6,C1C[N+]2(CCC1(CC2)C(C3=CC=CC=C3)(C4=CC=CC=C4)O)CCOCC5=CC=CC=C5,4.7,29.5,543,1,2,8,32,1,428.258954327,428.59600000000023,5.140000000000005,29.46,1,2,8,6,3,0,0,1,0,0,1,0,0,0,1,1,0,0,1,0,1,0,1,0,0,0,0,0,0,0,0,0,0,0,0,1,0,0,0,0,1,1,0,0,1,1,0,1,0,0,1,0,1,0,0,0,0,0,0,1,1,0,0,0,0,0,0,0,1,1,0,0,0,0,0,0,0,1,0,0,0,0,0,0,0,1,1,0,0,0,0,1,0,0,0,1,0,0,0,1,0,0,1,0,0,1,0,0,0,1,1,0,0,0,1,0,0,0,0,1,0,1,0,0,0,1,0,1,0,0,0,0,0
Carfilzomib,C40H57N5O7,719.9,CC(C)CC(C(=O)C1(CO1)C)NC(=O)C(CC2=CC=CC=C2)NC(=O)C(CC(C)C)NC(=O)C(CCC3=CC=CC=C3)NC(=O)CN4CCOCC4,4.7,158.0,1180,4,8,20,52,0,719.42579917,719.924,2.5835000000000052,158.47,4,8,20,4,2,1,1,0,0,0,1,0,0,0,0,1,1,0,0,0,1,1,0,0,0,0,1,0,0,0,0,1,1,0,0,1,0,1,1,0,0,1,0,0,1,1,1,1,0,0,0,0,1,0,0,0,0,0,0,1,1,0,1,0,0,1,1,0,0,1,0,0,0,0,0,0,0,1,0,1,0,0,0,0,1,1,1,1,0,0,0,1,0,0,1,1,1,1,0,0,0,1,0,0,1,1,0,0,0,0,0,0,1,0,0,0,0,0,1,0,0,0,1,0,1,0,1,1,0,0,1,0,1
lisdexamfetamine,C15H25N3O,263.38,CC(CC1=CC=CC=C1)NC(=O)C(CCCCN)N,1.2,81.1,252,3,3,8,19,0,263.199762429,263.38499999999993,1.1901000000000006,81.14,3,3,8,1,1,1,1,0,1,0,1,0,0,0,0,1,0,0,0,0,0,0,0,1,1,0,0,0,0,0,0,0,1,1,0,0,0,0,1,0,0,0,0,0,1,0,0,1,0,0,0,0,1,1,0,0,0,0,0,0,0,0,1,1,0,0,1,0,0,1,0,0,0,0,0,0,0,0,0,0,0,0,0,0,1,1,1,0,0,0,1,1,0,0,1,1,0,0,0,0,0,0,0,1,1,1,0,0,0,0,0,0,0,0,1,1,0,0,0,0,0,1,1,0,1,0,0,1,0,0,1,0,0
trametinib,C26H23FIN5O4,615.4,CC1=C2C(=C(N(C1=O)C)NC3=C(C=C(C=C3)I)F)C(=O)N(C(=O)N2C4=CC=CC(=C4)NC(=O)C)C5CC5,3.4,102.0,1090,2,6,5,37,0,615.07788,615.403,3.940120000000002,107.13,2,5,5,5,4,1,0,0,1,0,0,0,0,1,1,1,0,0,0,1,1,0,0,1,0,0,1,0,0,1,1,0,0,0,0,1,0,1,1,0,0,0,1,0,1,0,0,0,1,1,1,0,1,1,0,0,1,1,0,0,0,1,0,1,1,0,0,0,1,1,0,0,0,0,0,0,1,1,1,0,1,0,0,0,0,1,1,1,1,0,0,1,0,0,0,0,1,0,0,0,0,0,0,0,0,1,0,1,0,0,0,0,1,0,1,0,0,0,0,0,0,1,1,1,0,1,1,1,1,1,1,1,0
spinosad,C83H132N2O20,1477.9,CCC1CCCC(C(C(=O)C2=CC3C4CC(CC4C=CC3C2CC(=O)O1)OC5C(C(C(C(O5)C)OC)OC)OC)C)OC6CCC(C(O6)C)N(C)C.CCC1CCCC(C(C(=O)C2=CC3C4CC(CC4C(=CC3C2CC(=O)O1)C)OC5C(C(C(C(O5)C)OC)OC)OC)C)OC6CCC(C(O6)C)N(C)C,,222.0,2620,0,22,18,105,0,1476.9373446,1477.9629999999986,11.364899999999999,222.43999999999994,0,22,18,12,0,1,1,0,1,1,1,0,0,0,1,1,1,1,0,0,0,1,1,0,0,1,1,1,0,0,0,0,0,0,1,1,1,1,1,0,0,0,0,1,1,0,1,0,1,0,1,1,1,1,1,0,0,0,1,1,1,0,0,1,1,0,1,1,1,0,0,0,0,1,0,0,1,0,1,1,0,0,0,0,1,1,1,1,0,1,0,0,0,0,1,0,0,0,1,0,0,0,1,1,0,1,1,0,1,0,1,0,0,0,1,1,1,0,1,1,0,0,0,0,1,1,0,1,1,1,0,0,0
empagliflozin,C23H27ClO7,450.9,C1COCC1OC2=CC=C(C=C2)CC3=C(C=CC(=C3)C4C(C(C(C(O4)CO)O)O)O)Cl,2.0,109.0,558,4,7,6,31,0,450.1445309,450.9150000000001,1.6134000000000004,108.61000000000001,4,7,6,4,2,0,1,0,1,0,0,0,0,0,0,1,1,1,1,0,0,1,0,1,1,0,0,1,0,0,0,1,0,0,0,1,0,1,0,0,0,0,0,1,1,0,0,0,0,0,1,0,0,1,1,0,0,1,0,1,1,0,0,0,0,1,0,0,0,1,0,1,0,1,1,0,0,0,0,0,0,1,0,1,1,1,1,1,0,0,0,1,0,0,0,1,0,0,0,1,0,0,0,1,0,1,0,0,0,0,1,0,1,1,0,1,0,0,0,0,0,0,0,0,1,1,0,0,1,0,0,0,1
ulipristal,C28H35NO3,433.6,CC(=O)C1(CCC2C1(CC(C3=C4CCC(=O)C=C4CCC23)C5=CC=C(C=C5)N(C)C)C)O,2.9,57.6,877,1,4,3,32,0,433.26169398,433.59200000000016,4.972200000000006,57.61,1,4,3,5,1,0,0,1,0,0,0,0,1,0,0,1,1,0,1,1,0,0,1,0,0,0,0,1,0,1,0,0,0,1,0,1,1,0,1,0,0,1,0,0,1,1,0,0,0,0,1,0,1,0,0,1,0,0,1,0,0,0,0,1,1,0,0,0,0,1,0,0,0,1,1,0,1,1,1,1,0,1,1,0,0,1,1,0,0,1,0,1,0,0,0,0,0,0,0,0,0,0,1,1,1,1,0,0,0,1,0,1,1,0,1,0,0,0,1,1,0,0,0,0,0,0,1,1,1,0,1,0,1
MDV3100,C21H16F4N4O2S,464.4,CC1(C(=O)N(C(=S)N1C2=CC(=C(C=C2)C(=O)NC)F)C3=CC(=C(C=C3)C#N)C(F)(F)F)C,3.6,109.0,839,1,8,3,32,0,464.09300959,464.44400000000013,3.992480000000003,76.44,1,4,3,3,2,1,0,0,0,0,0,1,0,1,0,1,0,0,0,0,0,1,0,0,1,0,0,1,0,1,0,1,0,0,0,0,0,0,1,1,1,1,0,0,1,0,1,0,0,0,1,0,0,1,0,0,0,0,1,0,1,0,0,1,1,0,0,0,0,0,0,1,1,0,0,1,1,0,0,0,0,0,0,0,1,0,1,0,0,0,0,1,0,1,1,0,0,0,0,0,0,0,1,1,0,1,0,1,0,1,1,1,1,0,0,0,0,1,1,1,0,0,0,0,0,0,0,1,0,1,1,0,1
Nuvocid,C86H103Cl3N10O34P2,1989.1,CC1C(C(CC(O1)OC2C3C(=O)NC(C4=C(C(=CC(=C4)O)O)C5=C(C=CC(=C5)C(C(=O)N3)NC(=O)C6C7=CC(=C(C(=C7)OC8=C(C=C2C=C8)Cl)OC9C(C(C(C(O9)CO)O)O)OC1CC(C(C(O1)C)O)(C)NCC1=CC=C(C=C1)C1=CC=C(C=C1)Cl)OC1=C(C=C(C=C1)C(C(C(=O)NC(C(=O)N6)CC(=O)N)NC(=O)C(CC(C)C)NC)O)Cl)O)C(=O)O)(C)N)O.OP(=O)(O)O.OP(=O)(O)O,,717.0,3750,26,37,19,135,0,1986.517897,1989.1130000000007,2.638000000000009,716.5,26,30,19,15,7,1,1,0,1,0,1,0,1,1,1,1,1,1,0,1,1,1,1,1,1,1,0,1,1,0,1,0,1,0,1,1,1,0,1,1,0,1,0,1,1,1,0,0,1,1,1,1,1,1,1,0,1,1,1,1,1,1,1,1,0,1,1,1,1,1,0,1,1,0,0,1,1,1,1,1,0,1,1,1,1,1,1,1,1,0,1,1,0,1,1,1,0,0,0,1,0,1,0,1,1,1,1,1,1,0,1,1,1,1,0,1,0,0,1,1,1,0,0,0,1,0,0,1,1,1,1,1,1
T-A2-3,C88H97Cl2N9O33,1879.7,CCCCCCCCCC(=O)NC1C(C(C(OC1OC2=C3C=C4C=C2OC5=C(C=C(C=C5)C(C6C(=O)NC(C7=C(C(=CC(=C7)O)OC8C(C(C(C(O8)CO)O)O)O)C9=C(C=CC(=C9)C(C(=O)N6)NC(=O)C4NC(=O)C1C2=CC(=CC(=C2)OC2=C(C=CC(=C2)C(C(=O)NC(CC2=CC(=C(O3)C=C2)Cl)C(=O)N1)[NH3+])O)O)O)C(=O)[O-])OC1C(C(C(C(O1)CO)O)O)NC(=O)C)Cl)CO)O)O,1.2,667.0,3920,23,33,19,132,0,1877.556582,1879.680000000001,-0.8878999999999899,666.8600000000001,23,33,20,16,7,1,1,1,1,0,0,0,1,1,0,1,1,1,1,1,1,1,1,1,1,1,0,0,0,0,0,1,0,1,1,1,0,1,1,1,0,1,1,1,1,1,1,0,1,1,1,1,0,0,1,1,0,1,1,1,1,1,1,1,1,0,0,1,1,1,0,1,1,0,0,1,1,1,1,1,1,1,1,1,1,1,1,1,1,1,1,1,1,0,1,1,1,0,0,1,0,1,0,1,1,1,1,0,1,0,1,1,1,1,0,1,0,0,1,1,1,0,1,0,1,0,1,0,1,1,1,0,1
Enfuvirtide,C204H301N51O64,4492.0,CCC(C)C(C(=O)NC(CCC(=O)O)C(=O)NC(CCC(=O)O)C(=O)NC(CO)C(=O)NC(CCC(=O)N)C(=O)NC(CC(=O)N)C(=O)NC(CCC(=O)N)C(=O)NC(CCC(=O)N)C(=O)NC(CCC(=O)O)C(=O)NC(CCCCN)C(=O)NC(CC(=O)N)C(=O)NC(CCC(=O)O)C(=O)NC(CCC(=O)N)C(=O)NC(CCC(=O)O)C(=O)NC(CC(C)C)C(=O)NC(CC(C)C)C(=O)NC(CCC(=O)O)C(=O)NC(CC(C)C)C(=O)NC(CC(=O)O)C(=O)NC(CCCCN)C(=O)NC(CC1=CNC2=CC=CC=C21)C(=O)NC(C)C(=O)NC(CO)C(=O)NC(CC(C)C)C(=O)NC(CC3=CNC4=CC=CC=C43)C(=O)NC(CC(=O)N)C(=O)NC(CC5=CNC6=CC=CC=C65)C(=O)NC(CC7=CC=CC=C7)C(=O)N)NC(=O)C(CC(C)C)NC(=O)C(CO)NC(=O)C(CC8=CN=CN8)NC(=O)C(C(C)CC)NC(=O)C(CC(C)C)NC(=O)C(CO)NC(=O)C(C(C)O)NC(=O)C(CC9=CC=C(C=C9)O)NC(=O)C,-14.7,1900.0,11200,63,67,151,319,0,4491.1933541,4491.944999999984,-15.378400000000315,1902.8899999999985,63,60,151,9,9,1,1,0,1,0,1,0,1,1,0,1,0,1,0,0,0,0,1,0,1,0,0,1,1,0,0,0,1,1,1,1,1,0,1,0,0,0,1,1,1,1,0,1,0,0,0,0,1,1,0,1,0,1,0,1,1,0,1,1,1,1,1,0,0,1,1,1,1,0,1,0,1,1,1,1,0,0,1,0,1,1,1,1,0,0,1,1,1,1,1,1,0,0,1,1,0,1,0,1,1,1,0,0,0,0,1,1,1,1,1,0,0,0,1,1,1,0,1,0,1,1,1,1,0,1,1,0,1
BPTI,C284H432N84O79S7,6511.0,CCC(C)C1C(=O)NC(C(=O)NC(C(=O)NC(C(=O)NC(C(=O)NC(C(=O)NC(C(=O)NC(C(=O)NC(C(=O)NC(C(=O)NCC(=O)NC(C(=O)NC2CSSCC3C(=O)NC(C(=O)NC(C(=O)NC(C(=O)NC(CSSCC(C(=O)NC(C(=O)NC(C(=O)N4CCCC4C(=O)N5CCCC5C(=O)NC(C(=O)NC(C(=O)NCC(=O)N6CCCC6C(=O)NC(CSSCC(C(=O)NC(C(=O)NC(C(=O)NC(C(=O)NC(C(=O)NC(C(=O)NC(C(=O)NC(C(=O)NC(C(=O)NC(C(=O)NC(C(=O)NC(C(=O)NC(C(=O)N3)CC(=O)O)CCC(=O)O)C)CO)CCCCN)CC7=CC=CC=C7)CC(=O)N)CC(=O)N)CCCNC(=N)N)CCCCN)C)CCCNC(=N)N)NC(=O)CNC(=O)CNC(=O)C(NC(=O)C(NC(=O)C(NC(=O)C(NC(=O)C(NC2=O)CCC(=O)N)C(C)O)CC8=CC=CC=C8)C(C)C)CC9=CC=C(C=C9)O)C(=O)NC(C(=O)NC(C(=O)NC(C(=O)N1)CCCNC(=N)N)C)CCCCN)C(C)O)CC1=CC=C(C=C1)O)CCC(=O)O)CC(C)C)NC(=O)C(CC1=CC=CC=C1)NC(=O)C(CC(=O)O)NC(=O)C1CCCN1C(=O)C(CCCNC(=N)N)N)C(=O)NCC(=O)NCC(=O)NC(C)C(=O)O)C(C)O)CCCNC(=N)N)CCSC)CC(C)C)C)CCCCN)C)CC(=O)N)CC1=CC=C(C=C1)O)CC1=CC=CC=C1)CC1=CC=C(C=C1)O)CCCNC(=N)N)C(C)CC,-25.4,2820.0,16700,93,97,111,454,0,6510.0514478,6511.557999999995,-26.69198000000003,2645.7400000000007,93,92,105,15,8,1,1,1,1,1,1,0,1,1,1,1,1,1,0,1,1,0,0,1,1,1,1,1,0,0,1,1,1,1,1,1,0,1,1,0,1,1,0,1,1,1,1,1,1,1,1,0,1,1,1,0,1,1,1,1,1,1,1,1,0,1,1,1,1,1,1,1,0,1,1,0,0,1,1,1,1,0,0,1,1,1,1,1,1,1,1,1,1,1,1,1,1,1,1,1,0,1,1,1,1,1,1,1,1,1,1,1,0,1,1,1,1,1,0,1,1,1,1,1,1,0,0,1,1,0,1,1,1
glucagon,C153H225N43O49S,3482.7,CC(C)CC(C(=O)NC(CCSC)C(=O)NC(CC(=O)N)C(=O)NC(C(C)O)C(=O)O)NC(=O)C(CC1=CNC2=CC=CC=C21)NC(=O)C(CCC(=O)N)NC(=O)C(C(C)C)NC(=O)C(CC3=CC=CC=C3)NC(=O)C(CC(=O)O)NC(=O)C(CCC(=O)N)NC(=O)C(C)NC(=O)C(CCCNC(=N)N)NC(=O)C(CCCNC(=N)N)NC(=O)C(CO)NC(=O)C(CC(=O)O)NC(=O)C(CC(C)C)NC(=O)C(CC4=CC=C(C=C4)O)NC(=O)C(CCCCN)NC(=O)C(CO)NC(=O)C(CC5=CC=C(C=C5)O)NC(=O)C(CC(=O)O)NC(=O)C(CO)NC(=O)C(C(C)O)NC(=O)C(CC6=CC=CC=C6)NC(=O)C(C(C)O)NC(=O)CNC(=O)C(CCC(=O)N)NC(=O)C(CO)NC(=O)C(CC7=CN=CN7)N,-16.9,1560.0,8160,55,55,115,246,0,3481.6190567,3482.801999999988,-17.939760000000135,1538.7399999999993,55,51,113,7,7,1,1,0,1,0,1,0,1,1,0,1,1,1,0,0,0,0,1,1,1,0,0,1,1,0,0,0,1,1,1,1,0,1,1,0,0,0,1,1,1,1,1,1,1,0,1,0,1,1,0,1,1,1,0,1,1,0,1,1,0,0,1,0,1,1,1,1,1,1,1,1,1,1,1,1,0,0,1,0,1,1,1,1,0,1,1,1,1,1,1,1,0,0,1,1,0,1,0,1,1,1,0,0,0,0,1,1,0,1,1,0,1,0,1,1,1,1,1,0,1,1,0,1,1,1,1,1,1
oCRH,C205H339N59O63S,4670.0,CCC(C)C(C(=O)NC(CO)C(=O)NC(CC(C)C)C(=O)NC(CC(=O)O)C(=O)NC(CC(C)C)C(=O)NC(C(C)O)C(=O)NC(CC1=CC=CC=C1)C(=O)NC(CC2=CN=CN2)C(=O)NC(CC(C)C)C(=O)NC(CC(C)C)C(=O)NC(CCCNC(=N)N)C(=O)NC(CCC(=O)O)C(=O)NC(C(C)C)C(=O)NC(CC(C)C)C(=O)NC(CCC(=O)O)C(=O)NC(CCSC)C(=O)NC(C(C)O)C(=O)NC(CCCCN)C(=O)NC(C)C(=O)NC(CC(=O)O)C(=O)NC(CCC(=O)N)C(=O)NC(CC(C)C)C(=O)NC(C)C(=O)NC(CCC(=O)N)C(=O)NC(CCC(=O)N)C(=O)NC(C)C(=O)NC(CC3=CN=CN3)C(=O)NC(CO)C(=O)NC(CC(=O)N)C(=O)NC(CCCNC(=N)N)C(=O)NC(CCCCN)C(=O)NC(CC(C)C)C(=O)NC(CC(C)C)C(=O)NC(CC(=O)O)C(=O)NC(C(C)CC)C(=O)NC(C)C(=O)N)NC(=O)C4CCCN4C(=O)C5CCCN5C(=O)C(CCC(=O)O)NC(=O)C(CCC(=O)N)NC(=O)C(CO)N,-18.6,2010.0,11500,66,71,161,328,0,4669.4924539,4670.383999999984,-19.193660000000346,1989.129999999998,66,65,159,5,3,1,1,0,1,1,1,0,1,1,0,1,1,1,0,0,1,0,0,1,1,0,0,1,1,1,1,0,1,1,1,1,1,0,1,0,0,0,1,1,1,1,0,1,1,0,1,0,1,1,1,0,0,1,0,0,1,0,1,1,1,1,1,1,0,1,1,0,1,1,1,0,1,1,1,1,0,0,1,1,1,1,1,1,0,1,1,1,1,1,1,1,0,0,1,1,0,1,0,1,1,1,0,0,0,1,0,1,1,1,1,0,1,1,1,1,1,1,1,0,1,1,1,1,1,1,1,1,1
degarelix,C82H103ClN18O16,1632.3,CC(C)CC(C(=O)NC(CCCCNC(C)C)C(=O)N1CCCC1C(=O)NC(C)C(=O)N)NC(=O)C(CC2=CC=C(C=C2)NC(=O)N)NC(=O)C(CC3=CC=C(C=C3)NC(=O)C4CC(=O)NC(=O)N4)NC(=O)C(CO)NC(=O)C(CC5=CN=CC=C5)NC(=O)C(CC6=CC=C(C=C6)Cl)NC(=O)C(CC7=CC8=CC=CC=C8C=C7)NC(=O)C,3.5,513.0,3390,17,18,41,117,0,1630.748797,1632.2890000000002,1.5146999999999755,512.8699999999998,17,18,41,8,6,1,1,0,1,1,1,0,1,0,0,1,0,1,0,1,1,0,0,0,1,0,0,1,1,1,1,1,1,0,0,1,1,0,1,1,0,1,0,0,1,1,0,1,0,0,1,1,1,1,1,1,1,1,1,1,1,0,0,1,0,1,1,1,1,1,1,1,1,0,0,1,0,1,0,1,1,0,0,0,1,1,1,0,0,0,0,1,0,1,1,1,0,0,1,1,0,1,0,1,1,1,0,0,1,1,0,1,1,1,0,1,0,1,1,1,0,0,1,1,1,0,1,1,1,0,1,0,1
exenatide,C184H282N50O60S,4187.0,CCC(C)C(C(=O)NC(CCC(=O)O)C(=O)NC(CC1=CNC2=CC=CC=C21)C(=O)NC(CC(C)C)C(=O)NC(CCCCN)C(=O)NC(CC(=O)N)C(=O)NCC(=O)NCC(=O)N3CCCC3C(=O)NC(CO)C(=O)NC(CO)C(=O)NCC(=O)NC(C)C(=O)N4CCCC4C(=O)N5CCCC5C(=O)N6CCCC6C(=O)NC(CO)C(=O)N)NC(=O)C(CC7=CC=CC=C7)NC(=O)C(CC(C)C)NC(=O)C(CCCNC(=N)N)NC(=O)C(C(C)C)NC(=O)C(C)NC(=O)C(CCC(=O)O)NC(=O)C(CCC(=O)O)NC(=O)C(CCC(=O)O)NC(=O)C(CCSC)NC(=O)C(CCC(=O)N)NC(=O)C(CCCCN)NC(=O)C(CO)NC(=O)C(CC(C)C)NC(=O)C(CC(=O)O)NC(=O)C(CO)NC(=O)C(C(C)O)NC(=O)C(CC8=CC=CC=C8)NC(=O)C(C(C)O)NC(=O)CNC(=O)C(CCC(=O)O)NC(=O)CNC(=O)C(CC9=CNC=N9)N,-21.0,1780.0,10300,58,66,135,295,0,4185.0306624,4186.6369999999815,-20.604330000000342,1749.7499999999989,58,60,134,9,5,1,1,0,1,1,1,0,1,1,0,1,1,1,0,1,1,0,1,1,1,0,0,1,1,1,0,0,1,1,1,1,1,1,1,0,1,0,1,1,1,1,1,1,1,1,1,1,1,1,1,1,1,1,0,0,1,0,1,1,1,1,1,1,1,1,1,0,0,1,1,1,1,1,1,1,0,0,1,1,1,1,1,1,1,1,1,1,1,1,1,1,0,0,1,1,0,1,1,1,1,1,0,0,0,1,0,1,1,1,1,0,1,1,1,1,1,1,1,0,1,1,1,1,1,0,1,1,1
linaclotide,C59H79N15O21S6,1526.8,CC1C(=O)NC2CSSCC3C(=O)NC(C(=O)NC(C(=O)NC(CSSCC(NC(=O)CNC(=O)C(NC2=O)C(C)O)C(=O)NC(CC4=CC=C(C=C4)O)C(=O)O)C(=O)NC(CSSCC(C(=O)N3)N)C(=O)NC(C(=O)N5CCCC5C(=O)N1)CC(=O)N)CC6=CC=C(C=C6)O)CCC(=O)O,-6.8,726.0,3030,19,28,13,101,0,1525.3899216,1526.767000000001,-5.939200000000026,573.91,19,26,13,6,2,1,1,0,1,1,1,0,1,0,1,1,0,1,0,0,0,0,0,1,1,0,1,0,0,0,1,0,1,1,1,1,0,1,1,0,1,1,0,0,1,1,0,0,0,1,1,0,1,1,1,0,1,1,1,1,0,1,0,1,0,0,1,1,0,1,0,1,0,0,1,0,0,1,1,1,1,0,0,1,1,1,1,0,1,1,0,1,0,1,1,1,0,0,0,1,0,1,0,1,1,1,1,1,1,0,1,1,0,1,0,0,0,0,0,1,1,0,1,0,1,0,0,1,1,0,1,0,1
ruxolitinib,C17H18N6,306.4,C1CCC(C1)C(CC#N)N2C=C(C=N2)C3=C4C=CNC4=NC=N3,2.1,83.2,453,1,4,4,23,0,306.1592946,306.37300000000005,3.466380000000002,83.17999999999999,1,4,4,4,3,1,1,1,0,1,0,0,0,1,1,0,0,0,0,0,0,0,0,1,1,1,0,1,0,0,0,0,1,0,0,1,0,0,0,1,0,0,0,1,1,1,0,1,1,1,1,0,0,1,0,0,0,0,0,0,0,0,0,1,0,0,0,0,0,0,1,0,1,1,0,0,1,0,0,0,1,0,1,0,1,1,1,0,1,1,0,1,1,0,0,1,0,0,0,0,1,0,0,1,0,1,1,0,0,1,1,0,0,0,0,0,0,0,0,0,0,0,0,0,0,0,0,1,1,0,0,0,1
alcaftadine,C19H21N3O,307.4,CN1CCC(=C2C3=CC=CC=C3CCN4C2=NC=C4C=O)CC1,1.7,38.1,479,0,3,1,23,0,307.168462302,307.39700000000005,2.7792000000000012,38.13,0,3,1,4,2,1,1,0,0,0,0,0,0,0,0,1,1,0,0,1,0,0,0,0,0,0,0,0,0,0,1,0,0,0,0,1,0,0,1,0,0,0,0,0,1,0,0,0,0,1,0,0,1,0,0,0,0,0,0,1,0,0,0,1,0,0,0,0,0,1,0,0,0,0,0,1,0,1,1,1,0,0,0,0,1,0,1,0,0,1,0,1,0,1,0,1,0,0,0,0,0,1,0,0,0,1,0,0,0,0,0,0,0,1,0,0,0,0,0,1,0,0,0,0,0,0,1,1,0,0,0,0,1
nesiritide,C143H244N50O42S4,3464.0,CCC(C)C1C(=O)NC(C(=O)NC(C(=O)NC(C(=O)NC(C(=O)NCC(=O)NC(C(=O)NCC(=O)NC(CSSCC(C(=O)NC(C(=O)NCC(=O)NC(C(=O)NC(C(=O)NC(C(=O)NC(C(=O)NC(C(=O)N1)CCCNC(=N)N)CC(=O)O)CCSC)CCCCN)CCCNC(=N)N)CC2=CC=CC=C2)NC(=O)CNC(=O)C(CO)NC(=O)CNC(=O)C(CCC(=O)N)NC(=O)C(C(C)C)NC(=O)C(CCSC)NC(=O)C(CCCCN)NC(=O)C3CCCN3C(=O)C(CO)N)C(=O)NC(CCCCN)C(=O)NC(C(C)C)C(=O)NC(CC(C)C)C(=O)NC(CCCNC(=N)N)C(=O)NC(CCCNC(=N)N)C(=O)NC(CC4=CNC=N4)C(=O)O)CC(C)C)CO)CO)CO)CO,-16.7,1610.0,7750,56,55,91,239,0,3462.7410615,3464.1009999999937,-20.215620000000182,1512.7399999999993,56,53,87,4,2,1,1,1,1,1,1,0,1,1,0,1,1,1,0,0,1,0,0,1,1,0,1,1,1,0,1,1,1,1,1,1,0,1,1,0,1,1,0,1,1,1,1,1,1,1,1,0,1,1,1,0,1,1,0,1,1,1,1,1,0,0,1,1,1,1,1,0,0,1,1,0,0,1,1,1,1,0,0,1,1,1,1,1,1,1,1,1,1,1,0,1,0,1,0,1,0,1,1,1,1,1,0,1,0,1,0,1,1,1,1,1,1,1,1,1,1,1,1,1,1,0,1,1,1,0,1,1,1
pertechnetate,O4Tc-,160.904,[O-][Tc](=O)(=O)=O,,74.3,95,0,4,0,5,-1,160.88602,161.99599999999998,-1.5479,74.27,0,4,0,0,0,0,0,0,0,0,0,0,0,0,0,1,0,0,0,0,0,0,0,0,0,0,0,0,0,0,0,0,0,0,0,0,0,0,0,0,0,0,0,0,0,0,1,0,0,0,0,0,0,0,0,0,0,0,0,0,0,0,0,0,0,0,0,0,0,1,0,0,0,0,0,0,0,0,0,0,1,0,0,0,0,0,0,0,0,0,0,0,0,0,0,0,0,0,1,0,0,0,0,0,0,0,0,0,0,0,0,0,0,0,0,0,0,0,0,0,0,0,0,0,1,0,0,0,0,0,0,0,0
piroxicam,C15H13N3O4S,331.3,CN1C(=C(C2=CC=CC=C2S1(=O)=O)O)C(=O)NC3=CC=CC=N3,3.1,108.0,611,2,6,2,23,0,331.06267708,331.353,1.5810000000000002,99.60000000000001,2,5,2,3,2,1,0,0,1,0,0,0,0,0,0,1,0,0,0,0,0,0,0,0,0,1,0,0,0,1,0,1,0,1,0,0,0,1,1,0,0,0,0,0,1,0,0,0,0,1,0,1,1,0,0,0,0,0,0,0,0,0,0,0,1,0,0,0,0,1,0,1,0,0,0,0,0,1,0,1,1,1,0,1,1,0,1,0,0,0,1,1,0,1,0,0,1,0,0,1,0,1,1,0,0,1,0,1,0,0,0,0,0,0,1,0,0,0,0,0,0,0,0,0,0,0,1,1,0,0,1,0,1
Azarga,C25H45N7O8S4,699.9,CCNC1CN(S(=O)(=O)C2=C1C=C(S2)S(=O)(=O)N)CCCOC.CC(C)(C)NCC(COC1=NSN=C1N2CCOCC2)O,,272.0,909,4,17,14,44,0,699.22124611,699.944,0.5894000000000048,198.53999999999996,4,15,13,4,2,1,1,1,1,0,0,0,0,1,0,1,1,0,1,0,0,1,1,1,1,1,0,0,1,0,0,0,0,0,0,1,0,0,1,1,1,0,1,1,1,1,0,1,0,1,0,1,0,1,0,1,0,0,1,1,1,0,0,0,0,0,0,1,0,1,1,0,0,1,0,0,1,1,1,0,1,0,0,1,1,1,1,1,0,0,1,1,0,1,1,0,1,0,0,1,0,0,0,0,1,1,0,1,0,1,1,1,1,0,1,0,0,1,1,1,0,1,0,1,1,0,1,1,1,0,1,0,1
florbetapir,C20H25FN2O3,359.4,CNC1=CC=C(C=C1)C=CC2=CN=C(C=C2)OCCOCCOCCF,3.5,52.6,376,1,6,12,26,0,359.187455,360.42900000000014,3.675200000000003,52.610000000000014,1,5,12,2,2,1,0,0,0,0,0,0,0,1,0,0,0,0,1,1,0,0,0,1,0,0,1,1,0,0,1,0,0,0,0,0,0,0,1,1,0,1,0,0,0,0,0,0,0,1,0,0,0,0,0,0,1,0,0,1,1,0,1,0,0,0,0,0,1,0,0,1,1,0,0,0,0,1,0,0,1,0,0,0,0,1,1,0,0,0,1,1,1,0,1,1,0,0,0,0,0,0,0,0,0,1,0,0,0,0,0,0,0,0,0,1,0,0,1,0,0,0,0,0,0,0,0,1,0,0,0,0,1
ponatinib,C29H27F3N6O,532.6,CC1=C(C=C(C=C1)C(=O)NC2=CC(=C(C=C2)CN3CCN(CC3)C)C(F)(F)F)C#CC4=CN=C5N4N=CC=C5,4.1,65.8,910,1,8,6,39,0,532.21984399,532.5700000000003,4.456020000000003,65.77000000000001,1,5,4,5,4,1,0,0,1,0,1,1,0,1,0,1,0,0,0,1,0,1,0,0,1,0,0,0,0,1,0,0,1,1,0,1,0,0,1,1,1,0,1,1,1,0,1,1,1,1,1,1,0,0,0,0,1,0,0,0,0,1,0,1,0,0,0,0,1,1,0,0,0,1,1,1,0,1,0,1,1,0,1,0,1,1,1,0,0,1,1,1,0,0,0,0,0,0,0,0,0,0,0,0,0,1,1,1,1,0,1,0,1,0,0,0,1,0,0,1,1,0,0,0,0,0,1,1,1,0,1,0,1
cobicistat,C40H53N7O5S2,776.0,CC(C)C1=NC(=CS1)CN(C)C(=O)NC(CCN2CCOCC2)C(=O)NC(CCC(CC3=CC=CC=C3)NC(=O)OCC4=CN=CS4)CC5=CC=CC=C5,5.7,195.0,1120,3,10,20,54,0,775.35496016,776.0420000000001,6.000700000000006,138.02,3,10,19,5,4,1,1,0,0,0,1,1,0,0,1,1,1,0,0,1,1,1,0,1,1,0,0,0,0,0,0,1,1,0,0,1,1,0,1,0,1,0,1,0,1,1,0,1,1,1,0,0,1,1,0,0,1,0,0,1,1,0,1,0,1,0,1,0,1,1,1,0,1,1,0,1,1,1,0,1,0,0,0,1,1,1,1,1,0,1,0,1,0,0,1,1,0,0,0,1,0,1,0,0,1,1,0,0,0,1,1,0,0,0,0,1,0,0,1,0,0,0,1,0,0,0,1,1,1,0,1,0,1
sofosbuvir,C22H29FN3O9P,529.5,CC(C)OC(=O)C(C)NP(=O)(OCC1C(C(C(O1)N2C=CC(=O)NC2=O)(C)F)O)OC3=CC=CC=C3,1.0,153.0,913,3,11,11,36,0,529.16254467,529.4580000000002,1.6564999999999994,158.17999999999995,3,9,10,3,2,1,1,0,0,0,1,0,0,1,0,1,0,0,0,0,1,1,0,0,1,1,0,0,1,1,0,0,1,0,0,0,0,0,1,0,0,1,0,0,1,0,0,0,0,0,0,0,1,1,0,1,0,1,0,0,1,0,0,1,0,0,0,0,1,1,1,1,1,0,1,0,0,0,1,0,1,0,1,0,0,1,1,0,0,0,0,1,0,1,0,1,0,0,1,0,1,0,0,1,0,1,0,1,0,0,1,1,0,1,0,0,0,1,0,1,1,0,0,1,0,0,1,1,1,1,1,0,1
cabozantinib,C28H24FN3O5,501.5,COC1=CC2=C(C=CN=C2C=C1OC)OC3=CC=C(C=C3)NC(=O)C4(CC4)C(=O)NC5=CC=C(C=C5)F,5.4,98.8,795,2,7,8,37,0,501.16999904,501.51400000000024,5.5408000000000035,98.78,2,6,8,5,4,1,0,1,0,0,0,1,1,1,0,1,0,1,1,0,0,0,0,0,1,1,0,0,0,1,0,0,0,1,0,1,0,0,1,0,0,1,0,0,1,0,0,0,0,1,0,0,0,0,0,1,0,0,1,1,1,0,0,0,1,0,0,0,1,0,1,1,0,0,0,0,0,0,1,1,1,0,1,1,0,1,1,0,0,0,0,1,0,0,0,1,0,0,1,0,0,0,0,0,0,1,1,0,0,0,0,0,1,0,0,0,0,1,0,0,0,0,0,0,0,0,1,1,0,1,1,0,0
minocycline,C23H27N3O7,457.5,CN(C)C1C2CC3CC4=C(C=CC(=C4C(=C3C(=O)C2(C(=C(C1=O)C(=O)N)O)O)O)O)N(C)C,-0.6,165.0,971,5,9,3,33,0,457.18490021,457.4830000000002,0.030000000000001803,164.63,5,9,3,4,1,0,0,1,0,0,0,0,1,0,0,1,1,1,1,1,0,1,0,0,1,1,0,0,0,0,0,0,0,0,0,1,0,1,1,1,0,1,1,0,1,0,0,0,0,0,1,1,0,0,0,0,0,0,1,0,0,1,0,1,1,0,1,1,1,0,0,1,1,0,0,0,1,0,0,0,0,0,0,0,0,1,1,0,1,0,0,1,0,0,0,0,0,1,0,1,0,0,0,1,0,1,0,0,1,0,1,1,0,0,1,0,0,0,1,0,1,0,0,0,0,0,0,0,1,0,1,0,0
acenocoumarol,C19H15NO6,353.3,CC(=O)CC(C1=CC=C(C=C1)[N+](=O)[O-])C2=C(C3=CC=CC=C3OC2=O)O,2.5,109.0,614,1,6,4,26,0,353.0899372,353.3300000000001,3.5178000000000034,110.64999999999999,1,6,5,3,3,1,1,0,0,0,1,0,0,0,0,1,0,0,0,1,0,1,1,0,0,0,0,1,0,0,0,0,0,0,0,0,0,0,1,0,0,0,1,0,1,0,0,0,1,0,0,0,1,0,1,0,0,0,0,0,0,0,0,1,0,1,1,0,0,1,0,1,0,1,0,1,0,0,0,1,1,0,1,0,0,1,1,0,0,0,1,1,0,0,0,1,1,0,0,0,0,0,0,0,0,1,0,0,0,1,0,0,0,0,0,1,1,1,1,0,0,0,0,0,1,0,1,1,0,0,1,0,0
Lantus,C267H404N72O78S6,6063.0,CCC(C)C1C(=O)NC2CSSCC(C(=O)NC(CSSCC(C(=O)NCC(=O)NC(C(=O)NC(C(=O)NC(C(=O)NC(C(=O)NC(C(=O)NC(C(=O)NC(C(=O)NC(C(=O)NC(C(=O)NC(C(=O)NC(CSSCC(NC(=O)C(NC(=O)C(NC(=O)C(NC(=O)C(NC(=O)C(NC(=O)C(NC(=O)C(NC(=O)C(NC2=O)CO)CC(C)C)CC3=CC=C(C=C3)O)CCC(=O)N)CC(C)C)CCC(=O)O)CC(=O)N)CC4=CC=C(C=C4)O)C(=O)NCC(=O)O)C(=O)NCC(=O)NC(CCC(=O)O)C(=O)NC(CCCNC(=N)N)C(=O)NCC(=O)NC(CC5=CC=CC=C5)C(=O)NC(CC6=CC=CC=C6)C(=O)NC(CC7=CC=C(C=C7)O)C(=O)NC(C(C)O)C(=O)N8CCCC8C(=O)NC(CCCCN)C(=O)NC(C(C)O)C(=O)NC(CCCNC(=N)N)C(=O)NC(CCCNC(=N)N)C(=O)O)C(C)C)CC(C)C)CC9=CC=C(C=C9)O)CC(C)C)C)CCC(=O)O)C(C)C)CC(C)C)CC2=CNC=N2)CO)NC(=O)C(CC(C)C)NC(=O)C(CC2=CNC=N2)NC(=O)C(CCC(=O)N)NC(=O)C(CC(=O)N)NC(=O)C(C(C)C)NC(=O)C(CC2=CC=CC=C2)N)C(=O)NC(C(=O)NC(C(=O)N1)CO)C(C)O)NC(=O)C(CCC(=O)N)NC(=O)C(CCC(=O)O)NC(=O)C(C(C)C)NC(=O)C(C(C)CC)NC(=O)CN,-14.1,2590.0,15300,85,92,191,423,0,6060.8251182,6062.996999999995,-21.12019000000025,2437.980000000002,85,86,136,12,9,1,1,1,1,1,1,1,1,1,1,1,0,1,0,0,1,0,0,1,1,0,1,0,0,0,1,1,1,1,1,1,1,1,1,0,1,1,0,1,1,1,1,1,1,1,1,0,1,1,1,1,1,1,1,1,1,1,1,1,1,1,1,1,1,1,1,1,0,1,1,1,0,1,1,1,1,0,0,1,1,1,1,1,1,1,1,1,1,1,1,1,1,1,1,1,0,1,1,1,1,1,1,1,0,1,1,1,1,1,1,0,1,1,1,1,1,0,1,0,1,1,1,1,1,0,1,1,1
tesamorelin,C221H366N72O67S,5136.0,CCC=CCC(=O)NC(CC1=CC=C(C=C1)O)C(=O)NC(C)C(=O)NC(CC(=O)O)C(=O)NC(C)C(=O)NC(C(C)CC)C(=O)NC(CC2=CC=CC=C2)C(=O)NC(C(C)O)C(=O)NC(CC(=O)N)C(=O)NC(CO)C(=O)NC(CC3=CC=C(C=C3)O)C(=O)NC(CCCNC(=N)N)C(=O)NC(CCCCN)C(=O)NC(C(C)C)C(=O)NC(CC(C)C)C(=O)NCC(=O)NC(CCC(=O)N)C(=O)NC(CC(C)C)C(=O)NC(CO)C(=O)NC(C)C(=O)NC(CCCNC(=N)N)C(=O)NC(CCCCN)C(=O)NC(CC(C)C)C(=O)NC(CC(C)C)C(=O)NC(CCC(=O)N)C(=O)NC(CC(=O)O)C(=O)NC(C(C)CC)C(=O)NC(CCSC)C(=O)NC(CO)C(=O)NC(CCCNC(=N)N)C(=O)NC(CCC(=O)N)C(=O)NC(CCC(=O)N)C(=O)NCC(=O)NC(CCC(=O)O)C(=O)NC(CO)C(=O)NC(CC(=O)N)C(=O)NC(CCC(=O)N)C(=O)NC(CCC(=O)O)C(=O)NC(CCCNC(=N)N)C(=O)NCC(=O)NC(C)C(=O)NC(CCCNC(=N)N)C(=O)NC(C)C(=O)NC(CCCNC(=N)N)C(=O)NC(CC(C)C)C(=O)N,-23.3,2360.0,12800,83,76,187,361,0,5134.7233503,5135.862999999984,-27.031080000000056,2339.3699999999994,83,72,181,3,3,1,1,0,1,0,1,0,1,1,0,1,1,1,0,0,1,0,0,0,1,0,0,1,1,0,0,0,1,1,1,1,1,1,1,0,0,0,1,1,1,1,1,1,1,0,1,1,1,1,0,0,1,1,0,1,1,0,1,1,1,1,1,0,1,1,1,1,0,1,1,0,0,0,1,1,1,1,0,0,1,1,1,1,0,1,1,1,1,1,1,1,0,0,1,1,0,1,0,1,1,1,0,0,0,0,1,1,1,0,1,1,1,0,1,1,1,1,1,0,1,1,1,1,1,0,1,1,0
ecallantide,C305H442N88O91S8,7054.0,CCC(C)C1C(=O)NC(C(=O)NCC(=O)NCC(=O)NC2CSSCC3C(=O)NC(C(=O)NC(C(=O)NC(C(=O)NC(C(=O)N4CCCC4C(=O)NC(C(=O)NC(C(=O)NC(C(=O)NC(C(=O)NC(C(=O)NC(C(=O)NC(C(=O)NC(C(=O)NC(C(=O)NC(C(=O)NC(CSSCC(C(=O)NC(C(=O)NC(C(=O)NC(C(=O)NC(CSSCC(C(=O)NC(C(=O)NC(C(=O)NC(C(=O)NC(C(=O)NC(C(=O)NC(C(=O)NCC(=O)N5CCCC5C(=O)N3)CC(=O)O)CC(=O)O)C)CCCCN)CC6=CC=CC=C6)C)NC(=O)C(CC7=CC=CC=C7)NC(=O)C(CO)NC(=O)C(CC8=CN=CN8)NC(=O)C(CCSC)NC(=O)C(C)NC(=O)C(CCC(=O)O)N)C(=O)NC(C(C)O)C(=O)NC(CCCNC(=N)N)C(=O)NC(CC(=O)O)C(=O)O)CCSC)CCCCN)CCCCN)NC(=O)C(NC(=O)C(NC(=O)C(NC(=O)C(NC(=O)C(NC(=O)C(NC(=O)C(NC(=O)C(NC(=O)C(NC(=O)C(NC(=O)CNC(=O)C(NC2=O)CCC(=O)O)CC(=O)N)CCC(=O)N)CC(=O)N)CCCNC(=N)N)CC9=CC=CC=C9)CCC(=O)O)CO)CC(C)C)CCC(=O)O)CCC(=O)O)C(=O)NC(C(=O)NC(C(=O)NC(C(=O)N1)CC1=CC=CC=C1)CCC(=O)O)CCC(=O)O)CCC(=O)N)CCCNC(=N)N)C(C)O)CC1=CC=CC=C1)C(C)CC)CC(=O)N)CC1=CC=CC=C1)CC1=CC=CC=C1)CC1=CNC2=CC=CC=C21)CCCNC(=N)N)CC1=CN=CN1)C)C)CCCNC(=N)N)CC1=CC=C(C=C1)O,-27.9,3120.0,18500,100,110,133,492,0,7052.0530407,7053.951999999993,-28.144249999999793,2912.950000000001,100,99,128,17,12,1,1,1,1,1,1,0,1,1,1,1,1,1,0,0,0,0,1,1,1,0,1,1,1,1,1,1,1,1,1,1,0,1,1,0,1,1,1,1,1,0,0,1,1,1,1,0,1,1,1,0,1,1,1,1,1,1,1,1,1,1,1,1,0,1,1,1,1,1,1,0,1,1,1,1,1,0,1,1,1,1,1,1,0,1,1,1,1,1,1,1,0,1,1,1,0,1,1,1,1,1,1,1,1,1,1,1,0,1,1,1,1,0,1,1,1,1,1,1,1,0,0,1,1,1,1,1,1
Promacta,C29H36N6O6,564.6,CC1=C(C=C(C=C1)N2C(=O)C(=C(N2)C)N=NC3=CC=CC(=C3O)C4=CC(=CC=C4)C(=O)O)C.C(CO)N.C(CO)N,,207.0,822,7,11,7,41,0,564.26963289,564.6430000000001,3.4518600000000013,212.54000000000002,7,9,7,4,4,0,1,0,1,1,1,0,0,1,0,1,0,1,0,0,1,0,0,1,1,0,0,0,0,0,0,0,1,0,0,0,0,0,1,0,1,0,0,1,1,0,0,0,0,0,0,0,0,1,0,0,1,1,1,1,0,0,0,1,0,0,0,0,0,1,1,1,1,1,0,0,0,1,0,1,0,1,0,0,0,1,1,0,1,0,1,1,1,1,1,1,0,0,0,1,0,1,1,1,0,1,0,0,0,0,1,1,1,0,0,0,1,0,0,1,0,1,0,0,1,1,1,0,0,0,1,1,0
dolutegravir,C20H19F2N3O5,419.4,CC1CCOC2N1C(=O)C3=C(C(=O)C(=CN3C2)C(=O)NCC4=C(C=C(C=C4)F)F)O,2.4,99.2,829,2,8,3,30,0,419.12927704,419.38400000000007,1.3527999999999996,100.87,2,5,3,4,2,1,0,1,0,1,0,1,0,1,0,1,0,1,1,0,0,1,0,1,1,0,1,0,0,1,0,0,0,0,1,1,0,0,1,1,0,0,1,0,1,0,0,0,1,0,1,0,0,1,0,0,0,1,0,1,0,0,0,1,1,0,0,0,0,1,1,1,0,0,1,0,1,0,0,1,0,0,1,0,1,1,1,0,0,0,0,1,0,0,0,0,0,0,0,1,0,0,0,0,1,1,0,1,1,0,0,0,1,0,0,0,1,0,1,1,0,0,1,1,0,0,0,0,1,0,1,1,1
demeclocycline,C21H21ClN2O8,464.9,CN(C)C1C2CC3C(C4=C(C=CC(=C4C(=C3C(=O)C2(C(=C(C1=O)C(=O)N)O)O)O)O)Cl)O,0.7,182.0,961,6,9,2,32,0,464.0986433,464.8580000000001,0.10829999999999995,181.61999999999998,6,9,2,4,1,0,0,1,0,0,0,0,1,0,0,1,1,1,1,0,0,1,0,0,1,1,0,0,0,0,0,1,0,0,0,1,0,0,1,0,0,1,1,0,1,0,0,0,0,0,1,1,0,0,1,0,0,0,1,0,0,1,0,1,1,0,1,0,1,0,0,1,1,0,0,0,1,0,0,0,0,0,0,0,0,0,1,0,1,1,0,1,0,0,0,0,0,0,0,1,0,0,0,0,0,1,0,0,0,0,1,1,0,1,1,1,0,1,1,0,1,0,0,0,0,0,0,0,1,1,1,0,0
hydroxypropyl,C3H5O,57.07,[CH2]CC=O,0.6,17.1,17,0,1,1,4,0,57.034039779,57.072,0.40949,17.07,0,1,1,0,0,0,0,0,0,0,0,1,0,0,0,1,0,0,0,0,0,0,0,0,1,0,0,0,0,0,0,0,0,0,0,0,0,0,0,0,0,0,0,0,0,0,0,0,0,0,0,0,0,0,0,0,0,0,0,1,0,0,0,0,0,0,0,0,0,0,0,0,0,0,0,0,0,0,0,0,0,0,0,0,0,1,0,0,0,0,0,1,0,0,0,0,0,0,0,0,0,0,0,0,0,0,0,0,0,1,0,0,0,1,0,0,0,0,1,0,0,0,0,0,0,0,0,0,0,0,0,0,0
A77,C44H58N8O6,795.0,CC(C)C(C(=O)NC(CC1=CC=CC=C1)C(C(C(CC2=CC=CC=C2)NC(=O)C(C(C)C)NC(=O)N(C)CC3=CC=CC=N3)O)O)NC(=O)N(C)CC4=CC=CC=N4,4.0,189.0,1170,6,8,19,58,0,794.4479316,794.998,3.6856000000000044,189.12,6,8,19,4,4,1,1,0,1,0,1,0,0,0,0,1,1,0,0,0,0,0,0,0,0,0,0,0,0,0,0,1,1,0,0,0,0,0,1,0,0,0,0,0,1,0,0,1,0,1,0,0,1,0,0,0,0,1,0,0,0,0,0,0,0,1,1,0,0,1,1,0,0,0,0,0,0,0,0,1,0,0,0,1,1,1,1,1,1,1,0,1,0,0,1,1,0,0,0,1,0,0,0,0,1,1,0,0,0,0,0,0,1,0,1,0,0,0,1,0,0,0,1,0,1,1,0,1,1,0,1,0,0
tigecycline,C29H39N5O8,585.6,CC(C)(C)NCC(=O)NC1=CC(=C2CC3CC4C(C(=O)C(=C(C4(C(=O)C3=C(C2=C1O)O)O)O)C(=O)N)N(C)C)N(C)C,1.1,206.0,1240,7,11,7,42,0,585.27986322,585.6580000000001,0.3566000000000029,205.76000000000002,7,11,6,4,1,1,0,1,0,0,0,0,1,1,0,1,1,1,1,1,0,1,0,1,1,1,0,0,0,1,0,0,0,1,1,1,0,1,1,1,0,1,1,0,1,0,1,1,1,0,1,1,0,0,0,0,0,0,1,0,0,1,0,1,1,0,1,0,1,0,0,1,0,0,0,0,0,1,0,1,0,0,0,0,0,1,1,0,1,0,0,0,0,0,1,0,1,1,0,1,0,0,0,1,0,1,0,0,1,0,1,1,1,0,1,0,0,0,1,1,1,0,0,0,0,0,0,0,1,0,1,0,0
lymecycline,C29H38N4O10,602.6,CC1(C2CC3C(C(=O)C(=C(C3(C(=O)C2=C(C4=C1C=CC=C4O)O)O)O)C(=O)NCNCCCCC(C(=O)O)N)N(C)C)O,-4.4,243.0,1230,9,13,10,43,0,602.25879342,602.6410000000002,-0.6107999999999953,242.98000000000002,9,12,10,4,1,1,1,1,1,0,1,1,1,0,0,1,1,1,1,0,1,1,0,1,1,1,0,0,0,0,1,0,1,1,0,1,1,0,1,0,0,1,1,0,1,0,0,0,0,1,1,1,0,0,0,0,0,1,0,0,0,1,1,1,0,1,1,0,1,1,0,1,1,0,1,0,1,0,0,0,1,0,0,0,0,1,1,0,1,0,0,1,0,0,0,0,0,0,0,1,0,0,0,0,1,1,0,1,0,0,0,1,0,1,1,0,0,0,1,0,1,1,0,0,1,0,0,1,1,0,1,0,1
n-3,C12H14N2O2,218.25,CCC1(C(=O)NC(=O)N1C)C2=CC=CC=C2,1.5,49.4,310,1,2,2,16,0,218.105527694,218.256,1.4735000000000003,49.410000000000004,1,2,2,2,1,0,0,0,0,1,1,0,0,0,0,1,0,0,0,0,0,0,0,0,0,0,0,0,0,0,0,0,0,0,0,0,0,0,1,0,0,1,0,1,1,0,0,1,1,1,0,0,1,0,0,0,0,0,0,0,0,0,0,1,0,0,0,0,0,1,0,0,0,0,0,0,1,0,1,0,0,0,0,0,0,1,1,0,0,0,0,1,0,0,0,1,0,0,0,0,0,0,0,0,0,1,0,0,0,0,0,0,0,1,0,0,0,0,0,0,0,0,0,0,0,0,1,0,0,0,0,0,0
